,AAI US Equity
2001-01-02,6.875
2001-01-03,7.1875
2001-01-04,7.375
2001-01-05,7.375
2001-01-08,7.375
2001-01-09,7.1875
2001-01-10,7.0625
2001-01-11,7.5
2001-01-12,7.1875
2001-01-16,7.5
2001-01-17,7.375
2001-01-18,7.125
2001-01-19,7
2001-01-22,7.375
2001-01-23,7.875
2001-01-24,8.0625
2001-01-25,8.0625
2001-01-26,8.5625
2001-01-29,9.1
2001-01-30,10
2001-01-31,10.38
2001-02-01,10.08
2001-02-02,9.59
2001-02-05,10.22
2001-02-06,10.09
2001-02-07,9.99
2001-02-08,9.7
2001-02-09,9.5
2001-02-12,9.37
2001-02-13,9.69
2001-02-14,9.71
2001-02-15,9.88
2001-02-16,9.55
2001-02-20,9.29
2001-02-21,9.29
2001-02-22,8.69
2001-02-23,8.8
2001-02-26,9.35
2001-02-27,8.99
2001-02-28,9.2
2001-03-01,8.7
2001-03-02,9
2001-03-05,9.26
2001-03-06,9.63
2001-03-07,9.65
2001-03-08,9.4
2001-03-09,8.9
2001-03-12,7.9
2001-03-13,7.8
2001-03-14,7.8
2001-03-15,7.5
2001-03-16,7.14
2001-03-19,7
2001-03-20,7.15
2001-03-21,7.41
2001-03-22,7.16
2001-03-23,7.48
2001-03-26,7.82
2001-03-27,8
2001-03-28,7.84
2001-03-29,7.84
2001-03-30,7.84
2001-04-02,8.1
2001-04-03,7.74
2001-04-04,7.97
2001-04-05,8.23
2001-04-06,8.2
2001-04-09,8.5
2001-04-10,8.79
2001-04-11,9.05
2001-04-12,9
2001-04-16,9.39
2001-04-17,9.29
2001-04-18,9.84
2001-04-19,9.84
2001-04-20,9.88
2001-04-23,9.49
2001-04-24,9.4
2001-04-25,9.79
2001-04-26,9.65
2001-04-27,9.5
2001-04-30,9.3
2001-05-01,9.25
2001-05-02,9.27
2001-05-03,9.29
2001-05-04,9.23
2001-05-07,9.05
2001-05-08,9.05
2001-05-09,8.95
2001-05-10,8.98
2001-05-11,9.19
2001-05-14,9.16
2001-05-15,9.05
2001-05-16,9.05
2001-05-17,9.12
2001-05-18,9.1
2001-05-21,9.34
2001-05-22,9.9
2001-05-23,9.81
2001-05-24,9.7
2001-05-25,10.15
2001-05-29,10.59
2001-05-30,10.94
2001-05-31,10.76
2001-06-01,10.9
2001-06-04,11.3
2001-06-05,11.18
2001-06-06,11.03
2001-06-07,10.82
2001-06-08,10.73
2001-06-11,11
2001-06-12,11.33
2001-06-13,11.56
2001-06-14,12.01
2001-06-15,11.97
2001-06-18,11.95
2001-06-19,11.3
2001-06-20,11.02
2001-06-21,10.88
2001-06-22,9.1
2001-06-25,8.76
2001-06-26,8.24
2001-06-27,9.25
2001-06-28,10
2001-06-29,10.25
2001-07-02,9.6
2001-07-03,9.95
2001-07-05,9.97
2001-07-06,10.04
2001-07-09,10.54
2001-07-10,10.33
2001-07-11,10.22
2001-07-12,10.25
2001-07-13,10
2001-07-16,9.55
2001-07-17,9.48
2001-07-18,9.24
2001-07-19,9
2001-07-20,9
2001-07-23,9
2001-07-24,8.8
2001-07-25,8.86
2001-07-26,9.12
2001-07-27,8.85
2001-07-30,8.61
2001-07-31,8.6
2001-08-01,8.76
2001-08-02,8.55
2001-08-03,8.48
2001-08-06,8.36
2001-08-07,8.5
2001-08-08,8.6
2001-08-09,8.5
2001-08-10,8.52
2001-08-13,8.5
2001-08-14,8.4
2001-08-15,8.37
2001-08-16,8.23
2001-08-17,7.8
2001-08-20,7.69
2001-08-21,7.7
2001-08-22,7.18
2001-08-23,5.96
2001-08-24,5.99
2001-08-27,6.01
2001-08-28,6.2
2001-08-29,6.7
2001-08-30,6.6
2001-08-31,6.53
2001-09-04,6.53
2001-09-05,6.2
2001-09-06,6.08
2001-09-07,5.97
2001-09-10,6
2001-09-17,3.62
2001-09-18,3.49
2001-09-19,3.4
2001-09-20,3.03
2001-09-21,3.1
2001-09-24,3.1
2001-09-25,3.24
2001-09-26,3.61
2001-09-27,3.75
2001-09-28,4.24
2001-10-01,4
2001-10-02,4.22
2001-10-03,4.5
2001-10-04,4.49
2001-10-05,4.14
2001-10-08,3.98
2001-10-09,3.78
2001-10-10,4
2001-10-11,4.39
2001-10-12,4.12
2001-10-15,4.08
2001-10-16,4.13
2001-10-17,4.03
2001-10-18,3.88
2001-10-19,3.88
2001-10-22,3.98
2001-10-23,3.95
2001-10-24,3.89
2001-10-25,3.95
2001-10-26,3.89
2001-10-29,3.7
2001-10-30,3.51
2001-10-31,3.78
2001-11-01,3.9
2001-11-02,3.9
2001-11-05,4.05
2001-11-06,5.05
2001-11-07,4.85
2001-11-08,5.04
2001-11-09,5.22
2001-11-12,5.05
2001-11-13,5.22
2001-11-14,5.44
2001-11-15,5.51
2001-11-16,5.72
2001-11-19,6.03
2001-11-20,5.76
2001-11-21,5.93
2001-11-23,6.11
2001-11-26,6.14
2001-11-27,6.07
2001-11-28,5.88
2001-11-29,6.23
2001-11-30,6.24
2001-12-03,6.01
2001-12-04,6.25
2001-12-05,6.44
2001-12-06,6.9
2001-12-07,6.94
2001-12-10,6.74
2001-12-11,6.74
2001-12-12,6.79
2001-12-13,6.62
2001-12-14,6.52
2001-12-17,6.59
2001-12-18,6.39
2001-12-19,6.22
2001-12-20,5.9
2001-12-21,6
2001-12-24,5.92
2001-12-26,6
2001-12-27,6.14
2001-12-28,6.67
2001-12-31,6.6
2002-01-02,6.44
2002-01-03,6.8
2002-01-04,6.88
2002-01-07,6.81
2002-01-08,7
2002-01-09,7.24
2002-01-10,7.32
2002-01-11,7.1
2002-01-14,6.66
2002-01-15,6.94
2002-01-16,6.6
2002-01-17,6.65
2002-01-18,6.85
2002-01-22,6.47
2002-01-23,6.24
2002-01-24,6.48
2002-01-25,6.39
2002-01-28,6.49
2002-01-29,6.82
2002-01-30,6.8
2002-01-31,6.48
2002-02-01,6.35
2002-02-04,6.11
2002-02-05,6.23
2002-02-06,6.1
2002-02-07,6.08
2002-02-08,6.23
2002-02-11,6.5
2002-02-12,6.51
2002-02-13,6.5
2002-02-14,6.43
2002-02-15,6.57
2002-02-19,6.51
2002-02-20,6.79
2002-02-21,6.35
2002-02-22,6.31
2002-02-25,6.6
2002-02-26,6.52
2002-02-27,6.49
2002-02-28,6.61
2002-03-01,6.51
2002-03-04,6.53
2002-03-05,6.53
2002-03-06,6.55
2002-03-07,6.8
2002-03-08,6.76
2002-03-11,6.72
2002-03-12,6.74
2002-03-13,6.55
2002-03-14,6.58
2002-03-15,6.48
2002-03-18,6.53
2002-03-19,6.45
2002-03-20,5.65
2002-03-21,5.75
2002-03-22,5.7
2002-03-25,5.34
2002-03-26,5.73
2002-03-27,5.62
2002-03-28,6.05
2002-04-01,6.1
2002-04-02,5.91
2002-04-03,5.65
2002-04-04,5.77
2002-04-05,5.9
2002-04-08,5.82
2002-04-09,5.86
2002-04-10,5.96
2002-04-11,5.91
2002-04-12,6.22
2002-04-15,6.02
2002-04-16,6.25
2002-04-17,6.25
2002-04-18,6.2
2002-04-19,6.2
2002-04-22,6.25
2002-04-23,5.94
2002-04-24,6.01
2002-04-25,5.78
2002-04-26,5.86
2002-04-29,5.62
2002-04-30,5.59
2002-05-01,5.6
2002-05-02,6.08
2002-05-03,5.93
2002-05-06,5.9
2002-05-07,5.8
2002-05-08,6.03
2002-05-09,5.77
2002-05-10,5.56
2002-05-13,5.68
2002-05-14,5.74
2002-05-15,5.97
2002-05-16,6
2002-05-17,6.03
2002-05-20,5.85
2002-05-21,6.15
2002-05-22,6.05
2002-05-23,6.06
2002-05-24,5.95
2002-05-28,6.02
2002-05-29,6.08
2002-05-30,6.05
2002-05-31,6.04
2002-06-03,5.78
2002-06-04,5.65
2002-06-05,5.74
2002-06-06,5.7
2002-06-07,5.76
2002-06-10,5.82
2002-06-11,5.74
2002-06-12,5.77
2002-06-13,5.69
2002-06-14,5.77
2002-06-17,5.78
2002-06-18,5.77
2002-06-19,5.6
2002-06-20,5.66
2002-06-21,5.7
2002-06-24,5.66
2002-06-25,5.54
2002-06-26,5.07
2002-06-27,5.2
2002-06-28,5.35
2002-07-01,5.54
2002-07-02,5.21
2002-07-03,5.02
2002-07-05,5.45
2002-07-08,5.09
2002-07-09,4.5
2002-07-10,4.19
2002-07-11,4.14
2002-07-12,4
2002-07-15,3.85
2002-07-16,3.77
2002-07-17,4
2002-07-18,3.75
2002-07-19,3.52
2002-07-22,3.65
2002-07-23,3.65
2002-07-24,3.8
2002-07-25,3.9
2002-07-26,3.89
2002-07-29,4
2002-07-30,4.05
2002-07-31,3.85
2002-08-01,3.75
2002-08-02,3.55
2002-08-05,3.36
2002-08-06,3.51
2002-08-07,3.7
2002-08-08,3.98
2002-08-09,3.88
2002-08-12,3.59
2002-08-13,3.55
2002-08-14,3.56
2002-08-15,3.42
2002-08-16,3.81
2002-08-19,3.9
2002-08-20,3.79
2002-08-21,3.85
2002-08-22,4
2002-08-23,3.68
2002-08-26,3.48
2002-08-27,3.5
2002-08-28,3.44
2002-08-29,3.51
2002-08-30,3.47
2002-09-03,3.37
2002-09-04,3.4
2002-09-05,3.2
2002-09-06,3.39
2002-09-09,3.37
2002-09-10,3.39
2002-09-11,3.37
2002-09-12,3.32
2002-09-13,3.45
2002-09-16,3.42
2002-09-17,3.31
2002-09-18,3.22
2002-09-19,3.11
2002-09-20,3.05
2002-09-23,2.78
2002-09-24,2.69
2002-09-25,2.94
2002-09-26,3.06
2002-09-27,2.89
2002-09-30,3.11
2002-10-01,3.14
2002-10-02,3.11
2002-10-03,3.18
2002-10-04,3.11
2002-10-07,2.85
2002-10-08,2.87
2002-10-09,2.64
2002-10-10,2.82
2002-10-11,3
2002-10-14,2.9
2002-10-15,3.1
2002-10-16,2.9
2002-10-17,3.14
2002-10-18,3.17
2002-10-21,3.4
2002-10-22,3.44
2002-10-23,4.11
2002-10-24,4
2002-10-25,3.97
2002-10-28,3.82
2002-10-29,3.69
2002-10-30,3.76
2002-10-31,3.8
2002-11-01,4.02
2002-11-04,4.12
2002-11-05,4.16
2002-11-06,4.49
2002-11-07,4.32
2002-11-08,4.11
2002-11-11,4
2002-11-12,4.15
2002-11-13,4.11
2002-11-14,4.11
2002-11-15,3.96
2002-11-18,3.84
2002-11-19,3.77
2002-11-20,3.61
2002-11-21,3.72
2002-11-22,3.78
2002-11-25,3.85
2002-11-26,3.77
2002-11-27,3.92
2002-11-29,3.86
2002-12-02,3.84
2002-12-03,3.78
2002-12-04,3.72
2002-12-05,3.75
2002-12-06,3.81
2002-12-09,3.78
2002-12-10,3.85
2002-12-11,4.07
2002-12-12,4.2
2002-12-13,4.27
2002-12-16,4.35
2002-12-17,4.2
2002-12-18,4.1
2002-12-19,4.24
2002-12-20,4.21
2002-12-23,4.16
2002-12-24,4.09
2002-12-26,4.02
2002-12-27,3.88
2002-12-30,3.82
2002-12-31,3.9
2003-01-02,4.2
2003-01-03,4.33
2003-01-06,4.47
2003-01-07,4.41
2003-01-08,4.14
2003-01-09,4.28
2003-01-10,4.36
2003-01-13,4.66
2003-01-14,5.09
2003-01-15,5.2
2003-01-16,5.21
2003-01-17,5.07
2003-01-21,4.88
2003-01-22,4.9
2003-01-23,5.12
2003-01-24,5.2
2003-01-27,5.06
2003-01-28,5.53
2003-01-29,5.96
2003-01-30,6
2003-01-31,6.51
2003-02-03,6.48
2003-02-04,6.22
2003-02-05,6.13
2003-02-06,6.24
2003-02-07,6
2003-02-10,6
2003-02-11,6.16
2003-02-12,5.95
2003-02-13,5.95
2003-02-14,6
2003-02-18,6.2
2003-02-19,6.21
2003-02-20,6.2
2003-02-21,6.33
2003-02-24,6.16
2003-02-25,6.04
2003-02-26,5.9
2003-02-27,5.97
2003-02-28,5.95
2003-03-03,5.97
2003-03-04,6.1
2003-03-05,6.14
2003-03-06,5.96
2003-03-07,6.05
2003-03-10,5.94
2003-03-11,5.82
2003-03-12,5.7
2003-03-13,5.9
2003-03-14,5.99
2003-03-17,6.06
2003-03-18,6.05
2003-03-19,6.1
2003-03-20,6.13
2003-03-21,6.7
2003-03-24,6.51
2003-03-25,6.87
2003-03-26,7.03
2003-03-27,6.65
2003-03-28,6.57
2003-03-31,6.73
2003-04-01,7
2003-04-02,7.33
2003-04-03,7.32
2003-04-04,7.27
2003-04-07,7.41
2003-04-08,7.12
2003-04-09,7.25
2003-04-10,7.06
2003-04-11,7.03
2003-04-14,7.08
2003-04-15,7.1
2003-04-16,7.11
2003-04-17,7.41
2003-04-21,7.49
2003-04-22,7.74
2003-04-23,7.77
2003-04-24,7.57
2003-04-25,7.45
2003-04-28,7.86
2003-04-29,7.94
2003-04-30,7.85
2003-05-01,6.95
2003-05-02,7.55
2003-05-05,7.55
2003-05-06,7.48
2003-05-07,7.25
2003-05-08,7.26
2003-05-09,7.46
2003-05-12,7.68
2003-05-13,7.72
2003-05-14,7.65
2003-05-15,7.65
2003-05-16,7.51
2003-05-19,7.25
2003-05-20,7.11
2003-05-21,7.01
2003-05-22,7.4
2003-05-23,7.38
2003-05-27,7.45
2003-05-28,7.36
2003-05-29,7.3
2003-05-30,7.42
2003-06-02,7.6
2003-06-03,7.72
2003-06-04,7.8
2003-06-05,7.7
2003-06-06,7.77
2003-06-09,7.52
2003-06-10,7.41
2003-06-11,7.73
2003-06-12,8.8
2003-06-13,8.55
2003-06-16,8.6
2003-06-17,8.99
2003-06-18,9.54
2003-06-19,9.25
2003-06-20,9.2
2003-06-23,9
2003-06-24,9.64
2003-06-25,9.82
2003-06-26,10.44
2003-06-27,10.41
2003-06-30,10.47
2003-07-01,11.2
2003-07-02,11.07
2003-07-03,11.4
2003-07-07,11.6
2003-07-08,12.21
2003-07-09,12.39
2003-07-10,12.05
2003-07-11,11.29
2003-07-14,11.33
2003-07-15,11.01
2003-07-16,11.15
2003-07-17,10.7
2003-07-18,11.03
2003-07-21,10.99
2003-07-22,11.1
2003-07-23,11.83
2003-07-24,11.65
2003-07-25,11.66
2003-07-28,11.68
2003-07-29,12.85
2003-07-30,13.22
2003-07-31,13.03
2003-08-01,12.62
2003-08-04,12.58
2003-08-05,12.58
2003-08-06,12.35
2003-08-07,12.34
2003-08-08,12.92
2003-08-11,13.1
2003-08-12,12.9
2003-08-13,13.04
2003-08-14,13.44
2003-08-15,13.46
2003-08-18,13.75
2003-08-19,14.3
2003-08-20,13.63
2003-08-21,13.85
2003-08-22,13.36
2003-08-25,13
2003-08-26,13.15
2003-08-27,13.32
2003-08-28,13.44
2003-08-29,13.43
2003-09-02,13.97
2003-09-03,15.04
2003-09-04,15.18
2003-09-05,16.04
2003-09-08,16.59
2003-09-09,16.62
2003-09-10,16.58
2003-09-11,17.18
2003-09-12,17.78
2003-09-15,17.76
2003-09-16,17.94
2003-09-17,17.88
2003-09-18,17.71
2003-09-19,16.88
2003-09-22,17.12
2003-09-23,17.57
2003-09-24,17.43
2003-09-25,16.39
2003-09-26,15.62
2003-09-29,16.25
2003-09-30,16.75
2003-10-01,16.98
2003-10-02,17.21
2003-10-03,17.96
2003-10-06,19.05
2003-10-07,19.25
2003-10-08,19.76
2003-10-09,20.76
2003-10-10,18.38
2003-10-13,18.72
2003-10-14,18.83
2003-10-15,18.64
2003-10-16,18.16
2003-10-17,17.5
2003-10-20,18.48
2003-10-21,19.26
2003-10-22,16.42
2003-10-23,15.8
2003-10-24,14.9
2003-10-27,16.62
2003-10-28,16.87
2003-10-29,16.91
2003-10-30,17.21
2003-10-31,16.21
2003-11-03,16.58
2003-11-04,16.52
2003-11-05,16.25
2003-11-06,16.42
2003-11-07,16.11
2003-11-10,15.54
2003-11-11,14.91
2003-11-12,15.39
2003-11-13,15.32
2003-11-14,14.77
2003-11-17,14.08
2003-11-18,13.99
2003-11-19,13.65
2003-11-20,14.22
2003-11-21,14.35
2003-11-24,15.45
2003-11-25,15.21
2003-11-26,14.91
2003-11-28,14.76
2003-12-01,14.6
2003-12-02,14.49
2003-12-03,14.01
2003-12-04,13.37
2003-12-05,12.05
2003-12-08,12.1
2003-12-09,11.72
2003-12-10,11.01
2003-12-11,11.85
2003-12-12,12.25
2003-12-15,11.51
2003-12-16,11.5
2003-12-17,11.64
2003-12-18,11.91
2003-12-19,11.64
2003-12-22,11.34
2003-12-23,11.99
2003-12-24,11.93
2003-12-26,12.01
2003-12-29,11.94
2003-12-30,11.99
2003-12-31,11.9
2004-01-02,12.26
2004-01-05,12.36
2004-01-06,13.13
2004-01-07,13.43
2004-01-08,12.53
2004-01-09,12.66
2004-01-12,12.81
2004-01-13,12.75
2004-01-14,12.85
2004-01-15,12.61
2004-01-16,12.68
2004-01-20,12.63
2004-01-21,13.03
2004-01-22,13.53
2004-01-23,13.77
2004-01-26,13.28
2004-01-27,13.11
2004-01-28,12.5
2004-01-29,12.28
2004-01-30,11.52
2004-02-02,11.5
2004-02-03,11
2004-02-04,10.5
2004-02-05,11.11
2004-02-06,11.36
2004-02-09,11.21
2004-02-10,11.1
2004-02-11,11.74
2004-02-12,12.87
2004-02-13,12.47
2004-02-17,12.89
2004-02-18,12.54
2004-02-19,12.37
2004-02-20,12.25
2004-02-23,11.82
2004-02-24,12.12
2004-02-25,12.26
2004-02-26,12.3
2004-02-27,12.38
2004-03-01,12.75
2004-03-02,12.6
2004-03-03,12.5
2004-03-04,12.82
2004-03-05,12.58
2004-03-08,12.46
2004-03-09,11.6
2004-03-10,11.28
2004-03-11,10.86
2004-03-12,11.97
2004-03-15,11.16
2004-03-16,11.08
2004-03-17,11.15
2004-03-18,11.11
2004-03-19,11.19
2004-03-22,10.52
2004-03-23,10.6
2004-03-24,10.63
2004-03-25,11.41
2004-03-26,11.42
2004-03-29,11.61
2004-03-30,11.45
2004-03-31,11.88
2004-04-01,12
2004-04-02,12.7
2004-04-05,12.73
2004-04-06,12.79
2004-04-07,12.39
2004-04-08,12.41
2004-04-12,12.07
2004-04-13,11.66
2004-04-14,11.7
2004-04-15,11.44
2004-04-16,11.64
2004-04-19,11.57
2004-04-20,11.8
2004-04-21,11.97
2004-04-22,12.11
2004-04-23,12.3
2004-04-26,12.47
2004-04-27,12.7
2004-04-28,13
2004-04-29,12.9
2004-04-30,12.21
2004-05-03,12.31
2004-05-04,12.64
2004-05-05,12.98
2004-05-06,12.6
2004-05-07,12.25
2004-05-10,11.92
2004-05-11,12.38
2004-05-12,12.52
2004-05-13,12.8
2004-05-14,12.72
2004-05-17,12.56
2004-05-18,12.91
2004-05-19,12.81
2004-05-20,13.01
2004-05-21,13.21
2004-05-24,13.47
2004-05-25,14.08
2004-05-26,13.87
2004-05-27,14.27
2004-05-28,13.92
2004-06-01,13.8
2004-06-02,14.38
2004-06-03,13.9
2004-06-04,14.25
2004-06-07,14.47
2004-06-08,14.76
2004-06-09,14.47
2004-06-10,13.71
2004-06-14,13.67
2004-06-15,14.09
2004-06-16,14.1
2004-06-17,13.9
2004-06-18,14.08
2004-06-21,14.17
2004-06-22,14.23
2004-06-23,14.8
2004-06-24,14.28
2004-06-25,15.17
2004-06-28,13.86
2004-06-29,13.6
2004-06-30,14.14
2004-07-01,14.04
2004-07-02,14.22
2004-07-06,13.77
2004-07-07,13.61
2004-07-08,13.1
2004-07-09,13.22
2004-07-12,13.48
2004-07-13,12.85
2004-07-14,12.35
2004-07-15,12.34
2004-07-16,11.85
2004-07-19,11.78
2004-07-20,12.64
2004-07-21,11.9
2004-07-22,11.85
2004-07-23,11.65
2004-07-26,11.53
2004-07-27,11.3
2004-07-28,10.94
2004-07-29,11.16
2004-07-30,11.15
2004-08-02,10.9
2004-08-03,10.63
2004-08-04,10.56
2004-08-05,10.05
2004-08-06,9.67
2004-08-09,9.69
2004-08-10,10.03
2004-08-11,10.41
2004-08-12,10.15
2004-08-13,10.15
2004-08-16,10.6
2004-08-17,10.72
2004-08-18,11.55
2004-08-19,10.97
2004-08-20,11.28
2004-08-23,11.38
2004-08-24,12
2004-08-25,12.38
2004-08-26,12.3
2004-08-27,12.12
2004-08-30,12.04
2004-08-31,12.15
2004-09-01,12.07
2004-09-02,12.32
2004-09-03,11.96
2004-09-07,12.14
2004-09-08,11.29
2004-09-09,11.05
2004-09-10,11.61
2004-09-13,11.6
2004-09-14,11.42
2004-09-15,11.31
2004-09-16,11.58
2004-09-17,11.4
2004-09-20,11.21
2004-09-21,11.13
2004-09-22,10.92
2004-09-23,10.48
2004-09-24,10.28
2004-09-27,9.73
2004-09-28,10.02
2004-09-29,10.39
2004-09-30,9.96
2004-10-01,10.17
2004-10-04,10.3
2004-10-05,10.15
2004-10-06,10.18
2004-10-07,9.84
2004-10-08,9.75
2004-10-11,9.84
2004-10-12,9.79
2004-10-13,10.21
2004-10-14,10.26
2004-10-15,10.3
2004-10-18,9.99
2004-10-19,9.79
2004-10-20,9.76
2004-10-21,10.15
2004-10-22,9.88
2004-10-25,10.17
2004-10-26,10.25
2004-10-27,11.64
2004-10-28,11.67
2004-10-29,11.62
2004-11-01,11.5
2004-11-02,12.26
2004-11-03,12.33
2004-11-04,12.67
2004-11-05,12.73
2004-11-08,12.75
2004-11-09,13
2004-11-10,12.79
2004-11-11,12.9
2004-11-12,12.84
2004-11-15,13.07
2004-11-16,12.77
2004-11-17,13.03
2004-11-18,13.13
2004-11-19,12.4
2004-11-22,12.22
2004-11-23,12.29
2004-11-24,12.19
2004-11-26,12.18
2004-11-29,12.05
2004-11-30,11.82
2004-12-01,12.39
2004-12-02,12.63
2004-12-03,12.34
2004-12-06,11.94
2004-12-07,11.72
2004-12-08,11.18
2004-12-09,10.99
2004-12-10,10.7
2004-12-13,10.69
2004-12-14,11.01
2004-12-15,11.1
2004-12-16,10.58
2004-12-17,10.52
2004-12-20,10.46
2004-12-21,10.85
2004-12-22,10.98
2004-12-23,10.76
2004-12-27,10.85
2004-12-28,10.9
2004-12-29,10.8
2004-12-30,10.85
2004-12-31,10.7
2005-01-03,10.66
2005-01-04,9.92
2005-01-05,9.47
2005-01-06,9.59
2005-01-07,9.41
2005-01-10,9.47
2005-01-11,9
2005-01-12,8.87
2005-01-13,8.27
2005-01-14,8.59
2005-01-18,8.54
2005-01-19,8.2
2005-01-20,7.9
2005-01-21,7.8
2005-01-24,7.5
2005-01-25,8.05
2005-01-26,7.87
2005-01-27,8.02
2005-01-28,8.17
2005-01-31,8.54
2005-02-01,8.45
2005-02-02,8.62
2005-02-03,8.54
2005-02-04,8.66
2005-02-07,8.86
2005-02-08,8.83
2005-02-09,8.35
2005-02-10,8.16
2005-02-11,8.45
2005-02-14,8.38
2005-02-15,8.36
2005-02-16,8.12
2005-02-17,8.1
2005-02-18,8.15
2005-02-22,7.97
2005-02-23,8.25
2005-02-24,8.26
2005-02-25,8.18
2005-02-28,7.98
2005-03-01,8.4
2005-03-02,8.24
2005-03-03,8.48
2005-03-04,8.68
2005-03-07,8.58
2005-03-08,8.49
2005-03-09,8.26
2005-03-10,8.17
2005-03-11,8.02
2005-03-14,8.52
2005-03-15,8.27
2005-03-16,8.42
2005-03-17,8.5
2005-03-18,8.26
2005-03-21,8.82
2005-03-22,8.79
2005-03-23,9.1
2005-03-24,8.9
2005-03-28,8.77
2005-03-29,8.69
2005-03-30,9.37
2005-03-31,9.05
2005-04-01,8.79
2005-04-04,9.1
2005-04-05,9.42
2005-04-06,9.58
2005-04-07,9.54
2005-04-08,9.62
2005-04-11,9.48
2005-04-12,9.4
2005-04-13,9.25
2005-04-14,8.81
2005-04-15,8.8
2005-04-18,8.89
2005-04-19,8.89
2005-04-20,8.76
2005-04-21,9.12
2005-04-22,8.68
2005-04-25,8.75
2005-04-26,8.29
2005-04-27,8.2
2005-04-28,8.03
2005-04-29,8.3
2005-05-02,8.27
2005-05-03,8.37
2005-05-04,8.52
2005-05-05,8.34
2005-05-06,8.28
2005-05-09,8.38
2005-05-10,8.27
2005-05-11,8.24
2005-05-12,8.23
2005-05-13,8.03
2005-05-16,8.25
2005-05-17,8.35
2005-05-18,9.5
2005-05-19,9.37
2005-05-20,9.69
2005-05-23,9.88
2005-05-24,9.92
2005-05-25,9.75
2005-05-26,10.1
2005-05-27,9.94
2005-05-31,9.76
2005-06-01,9.89
2005-06-02,10.11
2005-06-03,10.1
2005-06-06,10.33
2005-06-07,10.44
2005-06-08,10.08
2005-06-09,10.01
2005-06-10,10.05
2005-06-13,9.91
2005-06-14,9.92
2005-06-15,9.86
2005-06-16,9.86
2005-06-17,9.79
2005-06-20,9.74
2005-06-21,9.69
2005-06-22,9.71
2005-06-23,9.41
2005-06-24,9.03
2005-06-27,8.93
2005-06-28,9.47
2005-06-29,9.57
2005-06-30,9.23
2005-07-01,9.28
2005-07-05,9.15
2005-07-06,8.99
2005-07-07,9.01
2005-07-08,9.37
2005-07-11,9.71
2005-07-12,9.54
2005-07-13,9.73
2005-07-14,10.13
2005-07-15,10.04
2005-07-18,10
2005-07-19,10.65
2005-07-20,10.85
2005-07-21,10.6
2005-07-22,10.4
2005-07-25,10.5
2005-07-26,11.25
2005-07-27,11.5
2005-07-28,11.34
2005-07-29,11.44
2005-08-01,11.81
2005-08-02,11.96
2005-08-03,11.87
2005-08-04,11.29
2005-08-05,11.02
2005-08-08,11.07
2005-08-09,11.14
2005-08-10,11.15
2005-08-11,11.07
2005-08-12,11.04
2005-08-15,11
2005-08-16,11.02
2005-08-17,11.17
2005-08-18,10.85
2005-08-19,10.6
2005-08-22,10.87
2005-08-23,10.94
2005-08-24,10.67
2005-08-25,10.69
2005-08-26,10.49
2005-08-29,10.5
2005-08-30,10.2
2005-08-31,10.33
2005-09-01,9.78
2005-09-02,9.95
2005-09-06,10.37
2005-09-07,10.36
2005-09-08,10.27
2005-09-09,10.19
2005-09-12,10.86
2005-09-13,10.68
2005-09-14,10.93
2005-09-15,10.77
2005-09-16,11.06
2005-09-19,10.43
2005-09-20,10.39
2005-09-21,10.04
2005-09-22,10.5
2005-09-23,10.95
2005-09-26,11.68
2005-09-27,11.76
2005-09-28,12.04
2005-09-29,12.11
2005-09-30,12.66
2005-10-03,12.97
2005-10-04,13.4
2005-10-05,13
2005-10-06,13.94
2005-10-07,13.61
2005-10-10,13.28
2005-10-11,13.01
2005-10-12,12.92
2005-10-13,13.36
2005-10-14,13.72
2005-10-17,13.63
2005-10-18,13.91
2005-10-19,14.09
2005-10-20,13.49
2005-10-21,13.89
2005-10-24,14.26
2005-10-25,13.75
2005-10-26,13.98
2005-10-27,14.21
2005-10-28,14.4
2005-10-31,14.96
2005-11-01,14.63
2005-11-02,14.97
2005-11-03,15.16
2005-11-04,15.28
2005-11-07,15.1
2005-11-08,14.85
2005-11-09,15.25
2005-11-10,15.87
2005-11-11,16.19
2005-11-14,16.42
2005-11-15,15.8
2005-11-16,15.69
2005-11-17,16.31
2005-11-18,15.94
2005-11-21,15.71
2005-11-22,15.19
2005-11-23,15.48
2005-11-25,15.56
2005-11-28,15.18
2005-11-29,15.25
2005-11-30,15.02
2005-12-01,15.22
2005-12-02,15.17
2005-12-05,14.47
2005-12-06,14.97
2005-12-07,14.56
2005-12-08,14.68
2005-12-09,14.33
2005-12-12,14.08
2005-12-13,13.55
2005-12-14,13.69
2005-12-15,14.09
2005-12-16,14.92
2005-12-19,14.54
2005-12-20,14.53
2005-12-21,14.9
2005-12-22,15.09
2005-12-23,15.37
2005-12-27,15.61
2005-12-28,15.74
2005-12-29,16.05
2005-12-30,16.03
2006-01-03,16.33
2006-01-04,16.76
2006-01-05,16.43
2006-01-06,16.78
2006-01-09,16.47
2006-01-10,16.35
2006-01-11,15.85
2006-01-12,15.44
2006-01-13,14.99
2006-01-17,13.79
2006-01-18,14.22
2006-01-19,14.23
2006-01-20,13.82
2006-01-23,13.95
2006-01-24,15.45
2006-01-25,15.54
2006-01-26,15.98
2006-01-27,15.76
2006-01-30,16.27
2006-01-31,16.94
2006-02-01,16.98
2006-02-02,16.99
2006-02-03,16.75
2006-02-06,16.74
2006-02-07,16.7
2006-02-08,16.95
2006-02-09,17.07
2006-02-10,16.99
2006-02-13,16.99
2006-02-14,17.76
2006-02-15,18.14
2006-02-16,18.07
2006-02-17,17.91
2006-02-21,17.52
2006-02-22,17.94
2006-02-23,17.8
2006-02-24,17.75
2006-02-27,18.18
2006-02-28,17.78
2006-03-01,17.86
2006-03-02,17.8
2006-03-03,18
2006-03-06,17.36
2006-03-07,17.24
2006-03-08,17.26
2006-03-09,16.97
2006-03-10,16.89
2006-03-13,17.08
2006-03-14,17.19
2006-03-15,17.63
2006-03-16,17.32
2006-03-17,17.08
2006-03-20,18.21
2006-03-21,17.88
2006-03-22,18.41
2006-03-23,17.78
2006-03-24,17.89
2006-03-27,17.69
2006-03-28,17.71
2006-03-29,18.19
2006-03-30,17.65
2006-03-31,18.11
2006-04-03,17.95
2006-04-04,18.07
2006-04-05,17.93
2006-04-06,17.4
2006-04-07,17.25
2006-04-10,16.87
2006-04-11,16.17
2006-04-12,16.17
2006-04-13,16.4
2006-04-17,15.4
2006-04-18,15.49
2006-04-19,15.09
2006-04-20,15.02
2006-04-21,14.61
2006-04-24,15.59
2006-04-25,15.61
2006-04-26,15.6
2006-04-27,14.7
2006-04-28,13.98
2006-05-01,13.38
2006-05-02,13.87
2006-05-03,14
2006-05-04,14.29
2006-05-05,14.42
2006-05-08,13.97
2006-05-09,14.02
2006-05-10,14.12
2006-05-11,13.8
2006-05-12,13.28
2006-05-15,13.55
2006-05-16,13
2006-05-17,12.78
2006-05-18,12.81
2006-05-19,12.82
2006-05-22,12.69
2006-05-23,12.61
2006-05-24,12.2
2006-05-25,12.11
2006-05-26,12.64
2006-05-30,11.96
2006-05-31,12.3
2006-06-01,12.59
2006-06-02,12.16
2006-06-05,12
2006-06-06,12.16
2006-06-07,12.62
2006-06-08,12.44
2006-06-09,12.26
2006-06-12,11.64
2006-06-13,12
2006-06-14,12.56
2006-06-15,13.77
2006-06-16,13.71
2006-06-19,14.1
2006-06-20,14.04
2006-06-21,14.48
2006-06-22,14.52
2006-06-23,14.58
2006-06-26,14.4
2006-06-27,13.96
2006-06-28,13.87
2006-06-29,14.41
2006-06-30,14.86
2006-07-03,14.95
2006-07-05,14.72
2006-07-06,14.67
2006-07-07,14.29
2006-07-10,14.3
2006-07-11,14.15
2006-07-12,14.06
2006-07-13,13.18
2006-07-14,12.82
2006-07-17,12.74
2006-07-18,13.17
2006-07-19,13.89
2006-07-20,13.12
2006-07-21,12.66
2006-07-24,12.96
2006-07-25,12.83
2006-07-26,12.59
2006-07-27,12.79
2006-07-28,12.98
2006-07-31,12.54
2006-08-01,12.21
2006-08-02,12.78
2006-08-03,13.14
2006-08-04,12.88
2006-08-07,12.75
2006-08-08,12.45
2006-08-09,11.58
2006-08-10,11.75
2006-08-11,10.91
2006-08-14,10.94
2006-08-15,11.25
2006-08-16,11.61
2006-08-17,11.55
2006-08-18,11.66
2006-08-21,11.42
2006-08-22,11.59
2006-08-23,11.58
2006-08-24,11.2
2006-08-25,10.99
2006-08-28,11.37
2006-08-29,11.38
2006-08-30,11.63
2006-08-31,11.45
2006-09-01,11.1
2006-09-05,11.15
2006-09-06,10.85
2006-09-07,10.67
2006-09-08,9.48
2006-09-11,9.39
2006-09-12,9.91
2006-09-13,9.75
2006-09-14,10.02
2006-09-15,9.74
2006-09-18,9.82
2006-09-19,10.11
2006-09-20,10.15
2006-09-21,10.06
2006-09-22,9.97
2006-09-25,10.25
2006-09-26,10.18
2006-09-27,9.9
2006-09-28,9.95
2006-09-29,9.92
2006-10-02,10
2006-10-03,10.38
2006-10-04,10.3
2006-10-05,10.4
2006-10-06,10.24
2006-10-09,10.16
2006-10-10,10.39
2006-10-11,10.43
2006-10-12,10.95
2006-10-13,10.55
2006-10-16,10.58
2006-10-17,10.69
2006-10-18,10.6
2006-10-19,10.6
2006-10-20,11.05
2006-10-23,11.29
2006-10-24,11.15
2006-10-25,10.95
2006-10-26,10.9
2006-10-27,10.2
2006-10-30,10.02
2006-10-31,9.97
2006-11-01,9.76
2006-11-02,9.63
2006-11-03,9.79
2006-11-06,10.05
2006-11-07,10.21
2006-11-08,10.12
2006-11-09,10
2006-11-10,10.32
2006-11-13,10.77
2006-11-14,11.07
2006-11-15,12.83
2006-11-16,12.93
2006-11-17,13.03
2006-11-20,12.73
2006-11-21,13.15
2006-11-22,13.28
2006-11-24,13.34
2006-11-27,12.71
2006-11-28,12.81
2006-11-29,12.53
2006-11-30,12.43
2006-12-01,12.53
2006-12-04,12.5
2006-12-05,12.53
2006-12-06,12.4
2006-12-07,12.41
2006-12-08,12.54
2006-12-11,12.75
2006-12-12,12.35
2006-12-13,12.85
2006-12-14,12.52
2006-12-15,12.49
2006-12-18,12.66
2006-12-19,12.31
2006-12-20,12.1
2006-12-21,11.74
2006-12-22,11.67
2006-12-26,11.92
2006-12-27,12.07
2006-12-28,11.97
2006-12-29,11.74
2007-01-03,12.06
2007-01-04,11.89
2007-01-05,11.47
2007-01-08,11.26
2007-01-09,11.34
2007-01-10,11.92
2007-01-11,12.4
2007-01-12,12.63
2007-01-16,12.88
2007-01-17,12.43
2007-01-18,12.07
2007-01-19,12.11
2007-01-22,11.77
2007-01-23,11.13
2007-01-24,11.07
2007-01-25,10.82
2007-01-26,11.16
2007-01-29,11.16
2007-01-30,11.23
2007-01-31,11.07
2007-02-01,11.12
2007-02-02,11.28
2007-02-05,11.18
2007-02-06,11.9
2007-02-07,11.69
2007-02-08,11.73
2007-02-09,11.54
2007-02-12,11.66
2007-02-13,11.65
2007-02-14,11.7
2007-02-15,11.67
2007-02-16,11.43
2007-02-20,11.49
2007-02-21,11.54
2007-02-22,11.29
2007-02-23,11.05
2007-02-26,10.75
2007-02-27,10.48
2007-02-28,10.4
2007-03-01,10.36
2007-03-02,10.12
2007-03-05,10.01
2007-03-06,10
2007-03-07,9.95
2007-03-08,10.1
2007-03-09,10.1
2007-03-12,10.39
2007-03-13,10.16
2007-03-14,9.87
2007-03-15,9.99
2007-03-16,9.92
2007-03-19,9.91
2007-03-20,10.04
2007-03-21,11.04
2007-03-22,10.84
2007-03-23,10.7
2007-03-26,10.5
2007-03-27,10.36
2007-03-28,10.28
2007-03-29,10.2
2007-03-30,10.27
2007-04-02,10.4
2007-04-03,10.8
2007-04-04,10.73
2007-04-05,10.78
2007-04-09,10.94
2007-04-10,11.12
2007-04-11,11.56
2007-04-12,11.56
2007-04-13,11.6
2007-04-16,11.83
2007-04-17,11.81
2007-04-18,11.94
2007-04-19,11.68
2007-04-20,11.69
2007-04-23,11.61
2007-04-24,11.6
2007-04-25,11.69
2007-04-26,11.61
2007-04-27,11.2
2007-04-30,11.01
2007-05-01,11.07
2007-05-02,11.48
2007-05-03,11.53
2007-05-04,11.82
2007-05-07,11.55
2007-05-08,11.73
2007-05-09,11.78
2007-05-10,11.61
2007-05-11,11.62
2007-05-14,11.58
2007-05-15,11.4
2007-05-16,11.79
2007-05-17,12.12
2007-05-18,12.03
2007-05-21,11.98
2007-05-22,12.26
2007-05-23,12.13
2007-05-24,11.9
2007-05-25,11.94
2007-05-29,12.15
2007-05-30,12.26
2007-05-31,12.39
2007-06-01,12.47
2007-06-04,12.18
2007-06-05,12.02
2007-06-06,11.97
2007-06-07,11.64
2007-06-08,11.88
2007-06-11,11.53
2007-06-12,11.27
2007-06-13,11.24
2007-06-14,11.29
2007-06-15,11.29
2007-06-18,11.36
2007-06-19,11.45
2007-06-20,11.58
2007-06-21,11.42
2007-06-22,11.22
2007-06-25,10.97
2007-06-26,10.75
2007-06-27,10.97
2007-06-28,10.9
2007-06-29,10.92
2007-07-02,11.15
2007-07-03,11.5
2007-07-05,11.04
2007-07-06,11
2007-07-09,11
2007-07-10,10.72
2007-07-11,10.64
2007-07-12,10.82
2007-07-13,10.63
2007-07-16,10.64
2007-07-17,10.5
2007-07-18,10.4
2007-07-19,10.48
2007-07-20,10.3
2007-07-23,10.28
2007-07-24,10.22
2007-07-25,10.19
2007-07-26,9.94
2007-07-27,9.81
2007-07-30,9.92
2007-07-31,9.84
2007-08-01,9.69
2007-08-02,9.68
2007-08-03,9.39
2007-08-06,9.64
2007-08-07,9.85
2007-08-08,10.67
2007-08-09,11.02
2007-08-10,10.7
2007-08-13,10.32
2007-08-14,10.35
2007-08-15,9.83
2007-08-16,9.97
2007-08-17,10.16
2007-08-20,9.89
2007-08-21,10.24
2007-08-22,10.44
2007-08-23,10.2
2007-08-24,10.2
2007-08-27,10.33
2007-08-28,10.05
2007-08-29,10.44
2007-08-30,10.43
2007-08-31,10.51
2007-09-04,10.79
2007-09-05,10.76
2007-09-06,10.42
2007-09-07,10.39
2007-09-10,10.11
2007-09-11,10.44
2007-09-12,10.28
2007-09-13,10.39
2007-09-14,10.31
2007-09-17,10.17
2007-09-18,10.46
2007-09-19,10.53
2007-09-20,10.3
2007-09-21,10.36
2007-09-24,9.92
2007-09-25,9.87
2007-09-26,9.9
2007-09-27,9.84
2007-09-28,9.84
2007-10-01,9.93
2007-10-02,10.26
2007-10-03,10.36
2007-10-04,10.11
2007-10-05,10.39
2007-10-08,10.48
2007-10-09,10.39
2007-10-10,10.31
2007-10-11,10.06
2007-10-12,10
2007-10-15,9.82
2007-10-16,9.66
2007-10-17,9.67
2007-10-18,9.71
2007-10-19,9.53
2007-10-22,9.76
2007-10-23,9.71
2007-10-24,9.51
2007-10-25,9.29
2007-10-26,9.64
2007-10-29,9.68
2007-10-30,10.24
2007-10-31,10.41
2007-11-01,10.16
2007-11-02,9.9
2007-11-05,9.86
2007-11-06,9.63
2007-11-07,9.23
2007-11-08,9.01
2007-11-09,8.63
2007-11-12,9.14
2007-11-13,9.52
2007-11-14,9.48
2007-11-15,9.2
2007-11-16,9.22
2007-11-19,8.77
2007-11-20,8.43
2007-11-21,8.32
2007-11-23,8.53
2007-11-26,8.2
2007-11-27,8.22
2007-11-28,8.49
2007-11-29,8.23
2007-11-30,8.49
2007-12-03,8.34
2007-12-04,8.05
2007-12-05,8.03
2007-12-06,8.41
2007-12-07,8.51
2007-12-10,8.6
2007-12-11,8.17
2007-12-12,8.05
2007-12-13,8.08
2007-12-14,8.18
2007-12-17,7.82
2007-12-18,7.85
2007-12-19,7.92
2007-12-20,7.79
2007-12-21,7.62
2007-12-24,7.81
2007-12-26,7.64
2007-12-27,7.35
2007-12-28,7.24
2007-12-31,7.16
2008-01-02,6.93
2008-01-03,6.74
2008-01-04,6.65
2008-01-07,7.01
2008-01-08,6.5
2008-01-09,6.43
2008-01-10,7.29
2008-01-11,6.99
2008-01-14,7.12
2008-01-15,7.38
2008-01-16,7.27
2008-01-17,7.25
2008-01-18,7.34
2008-01-22,7.3
2008-01-23,8
2008-01-24,7.81
2008-01-25,8.01
2008-01-28,8.46
2008-01-29,8.84
2008-01-30,8.6
2008-01-31,8.62
2008-02-01,9.06
2008-02-04,8.72
2008-02-05,8.51
2008-02-06,8.77
2008-02-07,8.96
2008-02-08,8.95
2008-02-11,8.95
2008-02-12,8.75
2008-02-13,8.97
2008-02-14,8.58
2008-02-15,8.59
2008-02-19,8.46
2008-02-20,8.78
2008-02-21,8.35
2008-02-22,8.36
2008-02-25,8.53
2008-02-26,8.41
2008-02-27,8.06
2008-02-28,7.59
2008-02-29,7.22
2008-03-03,7.03
2008-03-04,7.22
2008-03-05,7.19
2008-03-06,6.65
2008-03-07,6.61
2008-03-10,6.45
2008-03-11,6.76
2008-03-12,6.11
2008-03-13,6.11
2008-03-14,5.9
2008-03-17,5.74
2008-03-18,6.25
2008-03-19,6.18
2008-03-20,6.09
2008-03-24,6.24
2008-03-25,6.23
2008-03-26,6.34
2008-03-27,6.85
2008-03-28,6.47
2008-03-31,6.6
2008-04-01,6.83
2008-04-02,6.5
2008-04-03,6.55
2008-04-04,6.51
2008-04-07,6.48
2008-04-08,6.53
2008-04-09,6.15
2008-04-10,6.31
2008-04-11,4.13
2008-04-14,4.94
2008-04-15,4.82
2008-04-16,4.89
2008-04-17,4.79
2008-04-18,4.89
2008-04-21,4.56
2008-04-22,3.61
2008-04-23,3.25
2008-04-24,3.2
2008-04-25,3.22
2008-04-28,3.19
2008-04-29,3.44
2008-04-30,3.41
2008-05-01,3.65
2008-05-02,3.61
2008-05-05,3.5
2008-05-06,3.5
2008-05-07,3.39
2008-05-08,3.36
2008-05-09,3.35
2008-05-12,3.45
2008-05-13,3.5
2008-05-14,3.55
2008-05-15,3.56
2008-05-16,3.39
2008-05-19,3.35
2008-05-20,3.25
2008-05-21,2.91
2008-05-22,2.95
2008-05-23,3
2008-05-27,2.86
2008-05-28,2.9
2008-05-29,3.04
2008-05-30,3
2008-06-02,2.86
2008-06-03,2.94
2008-06-04,3.06
2008-06-05,3.36
2008-06-06,3.11
2008-06-09,3.03
2008-06-10,2.9
2008-06-11,2.77
2008-06-12,2.65
2008-06-13,2.75
2008-06-16,2.67
2008-06-17,2.53
2008-06-18,2.45
2008-06-19,2.75
2008-06-20,2.59
2008-06-23,2.4
2008-06-24,2.21
2008-06-25,2.24
2008-06-26,2.23
2008-06-27,2.11
2008-06-30,2.04
2008-07-01,2.01
2008-07-02,1.94
2008-07-03,2.01
2008-07-07,1.88
2008-07-08,2.19
2008-07-09,1.82
2008-07-10,1.85
2008-07-11,1.7
2008-07-14,1.38
2008-07-15,1.46
2008-07-16,1.72
2008-07-17,1.97
2008-07-18,1.97
2008-07-21,1.93
2008-07-22,2.41
2008-07-23,3.03
2008-07-24,2.7
2008-07-25,2.8
2008-07-28,2.7
2008-07-29,3.23
2008-07-30,3.03
2008-07-31,2.92
2008-08-01,2.92
2008-08-04,3.03
2008-08-05,3.25
2008-08-06,3.25
2008-08-07,3.15
2008-08-08,3.28
2008-08-11,3.4
2008-08-12,3.5
2008-08-13,3.19
2008-08-14,3.19
2008-08-15,3.24
2008-08-18,3.08
2008-08-19,2.77
2008-08-20,2.6
2008-08-21,2.45
2008-08-22,2.52
2008-08-25,2.39
2008-08-26,2.21
2008-08-27,2.21
2008-08-28,2.39
2008-08-29,2.4
2008-09-02,2.64
2008-09-03,2.8
2008-09-04,2.78
2008-09-05,2.83
2008-09-08,2.78
2008-09-09,2.74
2008-09-10,2.82
2008-09-11,2.9
2008-09-12,2.69
2008-09-15,2.94
2008-09-16,3.09
2008-09-17,2.7
2008-09-18,2.69
2008-09-19,2.75
2008-09-22,2.51
2008-09-23,2.56
2008-09-24,2.53
2008-09-25,2.57
2008-09-26,2.54
2008-09-29,2.25
2008-09-30,2.43
2008-10-01,2.75
2008-10-02,2.45
2008-10-03,2.25
2008-10-06,2.04
2008-10-07,1.79
2008-10-08,1.69
2008-10-09,1.66
2008-10-10,1.96
2008-10-13,2.42
2008-10-14,2.55
2008-10-15,2.71
2008-10-16,3.38
2008-10-17,3.16
2008-10-20,3.2
2008-10-21,3.09
2008-10-22,3.45
2008-10-23,3.2
2008-10-24,3.14
2008-10-27,3.26
2008-10-28,3.4
2008-10-29,3.48
2008-10-30,3.89
2008-10-31,4.09
2008-11-03,4.2
2008-11-04,3.95
2008-11-05,3.89
2008-11-06,3.79
2008-11-07,3.79
2008-11-10,3.69
2008-11-11,3.58
2008-11-12,3.07
2008-11-13,3.68
2008-11-14,3.47
2008-11-17,3.61
2008-11-18,3.9
2008-11-19,3.27
2008-11-20,3.06
2008-11-21,2.67
2008-11-24,2.8
2008-11-25,3.06
2008-11-26,3.21
2008-11-28,3.41
2008-12-01,3.06
2008-12-02,3.24
2008-12-03,3.31
2008-12-04,3.33
2008-12-05,3.55
2008-12-08,3.84
2008-12-09,3.54
2008-12-10,3.6
2008-12-11,3.37
2008-12-12,3.64
2008-12-15,3.64
2008-12-16,3.88
2008-12-17,4
2008-12-18,4.12
2008-12-19,4.31
2008-12-22,4.34
2008-12-23,4.46
2008-12-24,4.51
2008-12-26,4.57
2008-12-29,4.39
2008-12-30,4.5
2008-12-31,4.44
2009-01-02,4.51
2009-01-05,4.55
2009-01-06,4.59
2009-01-07,4.68
2009-01-08,4.77
2009-01-09,4.45
2009-01-12,4.39
2009-01-13,4.39
2009-01-14,4.02
2009-01-15,4.3
2009-01-16,4.52
2009-01-20,4.21
2009-01-21,4.14
2009-01-22,4.45
2009-01-23,4.38
2009-01-26,4.49
2009-01-27,4.1
2009-01-28,4.37
2009-01-29,4.49
2009-01-30,4.1
2009-02-02,4.11
2009-02-03,4.21
2009-02-04,4.05
2009-02-05,4.43
2009-02-06,4.49
2009-02-09,4.37
2009-02-10,4.18
2009-02-11,4.09
2009-02-12,4.31
2009-02-13,4.33
2009-02-17,4.32
2009-02-18,4.12
2009-02-19,3.83
2009-02-20,3.44
2009-02-23,3.46
2009-02-24,3.6
2009-02-25,3.27
2009-02-26,3.2
2009-02-27,2.99
2009-03-02,2.54
2009-03-03,2.46
2009-03-04,2.78
2009-03-05,2.56
2009-03-06,2.89
2009-03-09,3.03
2009-03-10,3.58
2009-03-11,3.55
2009-03-12,3.93
2009-03-13,4.01
2009-03-16,4.07
2009-03-17,4.42
2009-03-18,4.54
2009-03-19,3.83
2009-03-20,3.6
2009-03-23,4.12
2009-03-24,4.04
2009-03-25,4.39
2009-03-26,4.66
2009-03-27,4.56
2009-03-30,4.49
2009-03-31,4.55
2009-04-01,4.82
2009-04-02,5.06
2009-04-03,5.09
2009-04-06,5.13
2009-04-07,5.01
2009-04-08,5.13
2009-04-09,5.45
2009-04-13,5.62
2009-04-14,5.26
2009-04-15,5.33
2009-04-16,5.41
2009-04-17,5.55
2009-04-20,5.32
2009-04-21,5.58
2009-04-22,6.93
2009-04-23,7.56
2009-04-24,7.39
2009-04-27,6.9
2009-04-28,6.42
2009-04-29,7.08
2009-04-30,6.95
2009-05-01,7.11
2009-05-04,7.68
2009-05-05,8.16
2009-05-06,7.98
2009-05-07,7.64
2009-05-08,7.32
2009-05-11,7.01
2009-05-12,6.78
2009-05-13,6.35
2009-05-14,6.57
2009-05-15,6.41
2009-05-18,6.61
2009-05-19,6.45
2009-05-20,6.15
2009-05-21,5.94
2009-05-22,5.43
2009-05-26,5.65
2009-05-27,5.3
2009-05-28,5.07
2009-05-29,5.07
2009-06-01,5.38
2009-06-02,5.68
2009-06-03,6.3
2009-06-04,6.21
2009-06-05,6.18
2009-06-08,5.86
2009-06-09,6.03
2009-06-10,5.53
2009-06-11,5.48
2009-06-12,5.4
2009-06-15,5.36
2009-06-16,5.64
2009-06-17,5.94
2009-06-18,5.68
2009-06-19,5.85
2009-06-22,5.5
2009-06-23,5.29
2009-06-24,5.41
2009-06-25,5.87
2009-06-26,5.96
2009-06-29,6.25
2009-06-30,6.19
2009-07-01,6.49
2009-07-02,6.17
2009-07-06,6.35
2009-07-07,5.98
2009-07-08,5.85
2009-07-09,5.68
2009-07-10,5.92
2009-07-13,6.25
2009-07-14,6.43
2009-07-15,6.62
2009-07-16,6.42
2009-07-17,6.18
2009-07-20,6.37
2009-07-21,5.75
2009-07-22,6.37
2009-07-23,6.45
2009-07-24,6.61
2009-07-27,6.9
2009-07-28,7.33
2009-07-29,7.3
2009-07-30,7.28
2009-07-31,7.24
2009-08-03,7.02
2009-08-04,7.13
2009-08-05,7.12
2009-08-06,6.77
2009-08-07,6.95
2009-08-10,6.66
2009-08-11,6.68
2009-08-12,6.84
2009-08-13,6.93
2009-08-14,6.75
2009-08-17,6.36
2009-08-18,6.38
2009-08-19,6.33
2009-08-20,6.39
2009-08-21,6.62
2009-08-24,6.69
2009-08-25,6.89
2009-08-26,6.84
2009-08-27,6.76
2009-08-28,6.67
2009-08-31,6.65
2009-09-01,6.26
2009-09-02,6.24
2009-09-03,6.44
2009-09-04,6.56
2009-09-08,6.56
2009-09-09,6.61
2009-09-10,6.65
2009-09-11,6.53
2009-09-14,6.55
2009-09-15,6.84
2009-09-16,6.77
2009-09-17,6.67
2009-09-18,6.63
2009-09-21,6.97
2009-09-22,6.8
2009-09-23,6.46
2009-09-24,6.35
2009-09-25,6.45
2009-09-28,6.33
2009-09-29,6.28
2009-09-30,6.25
2009-10-01,5.78
2009-10-02,6.05
2009-10-05,6.06
2009-10-06,6.14
2009-10-07,5.08
2009-10-08,5.25
2009-10-09,5.22
2009-10-12,5.05
2009-10-13,5.09
2009-10-14,5.11
2009-10-15,5.2
2009-10-16,5.11
2009-10-19,5.37
2009-10-20,5.4
2009-10-21,4.87
2009-10-22,4.88
2009-10-23,4.78
2009-10-26,4.66
2009-10-27,4.62
2009-10-28,4.4
2009-10-29,4.28
2009-10-30,4.23
2009-11-02,4.28
2009-11-03,4.25
2009-11-04,4.13
2009-11-05,4.15
2009-11-06,4.64
2009-11-09,4.67
2009-11-10,4.53
2009-11-11,4.68
2009-11-12,4.5
2009-11-13,4.47
2009-11-16,4.51
2009-11-17,4.51
2009-11-18,4.37
2009-11-19,4.3
2009-11-20,4.11
2009-11-23,4.15
2009-11-24,4.11
2009-11-25,4.16
2009-11-27,4.15
2009-11-30,4.12
2009-12-01,4.46
2009-12-02,4.95
2009-12-03,4.88
2009-12-04,5.16
2009-12-07,5.07
2009-12-08,5.07
2009-12-09,5.02
2009-12-10,4.95
2009-12-11,5.22
2009-12-14,5.37
2009-12-15,5.19
2009-12-16,5.27
2009-12-17,5.15
2009-12-18,5.18
2009-12-21,5.25
2009-12-22,5.38
2009-12-23,5.34
2009-12-24,5.39
2009-12-28,5.2
2009-12-29,5.16
2009-12-30,5.2
2009-12-31,5.22
2010-01-04,5.18
2010-01-05,5.29
2010-01-06,5.07
2010-01-07,5.14
2010-01-08,5.1
2010-01-11,5.12
2010-01-12,5.19
2010-01-13,5.46
2010-01-14,5.52
2010-01-15,5.46
2010-01-19,5.4
2010-01-20,5.46
2010-01-21,5.55
2010-01-22,5.37
2010-01-25,5.36
2010-01-26,5.23
2010-01-27,5.31
2010-01-28,5.12
2010-01-29,4.82
2010-02-01,4.86
2010-02-02,4.93
2010-02-03,4.9
2010-02-04,4.55
2010-02-05,4.64
2010-02-08,4.52
2010-02-09,4.88
2010-02-10,4.65
2010-02-11,4.73
2010-02-12,4.93
2010-02-16,5.03
2010-02-17,4.95
2010-02-18,4.9
2010-02-19,5.04
2010-02-22,5.03
2010-02-23,4.94
2010-02-24,4.86
2010-02-25,4.74
2010-02-26,4.82
2010-03-01,5.09
2010-03-02,5.02
2010-03-03,5.04
2010-03-04,5.05
2010-03-05,5.13
2010-03-08,4.96
2010-03-09,5.38
2010-03-10,5.37
2010-03-11,5.37
2010-03-12,5.5
2010-03-15,5.38
2010-03-16,5.42
2010-03-17,5.29
2010-03-18,5.18
2010-03-19,5.01
2010-03-22,5.08
2010-03-23,5.11
2010-03-24,5.07
2010-03-25,5.05
2010-03-26,5.07
2010-03-29,5.06
2010-03-30,5.06
2010-03-31,5.08
2010-04-01,5.07
2010-04-05,5.06
2010-04-06,5.14
2010-04-07,5.19
2010-04-08,5.39
2010-04-09,5.31
2010-04-12,5.5
2010-04-13,5.54
2010-04-14,5.91
2010-04-15,5.94
2010-04-16,5.69
2010-04-19,5.79
2010-04-20,5.8
2010-04-21,5.31
2010-04-22,5.36
2010-04-23,5.36
2010-04-26,5.51
2010-04-27,5.38
2010-04-28,5.39
2010-04-29,5.34
2010-04-30,5.28
2010-05-03,5.46
2010-05-04,5.31
2010-05-05,5.15
2010-05-06,5.02
2010-05-07,5.02
2010-05-10,5.21
2010-05-11,5.21
2010-05-12,5.44
2010-05-13,5.33
2010-05-14,5.26
2010-05-17,5.34
2010-05-18,5.2
2010-05-19,5.21
2010-05-20,4.94
2010-05-21,5.05
2010-05-24,5.07
2010-05-25,5.33
2010-05-26,5.5
2010-05-27,5.7
2010-05-28,5.64
2010-06-01,5.58
2010-06-02,5.9
2010-06-03,5.88
2010-06-04,5.62
2010-06-07,5.6
2010-06-08,5.63
2010-06-09,5.54
2010-06-10,5.67
2010-06-11,5.82
2010-06-14,5.8
2010-06-15,5.89
2010-06-16,5.52
2010-06-17,5.46
2010-06-18,5.4
2010-06-21,5.24
2010-06-22,5.07
2010-06-23,5.22
2010-06-24,5.07
2010-06-25,5.11
2010-06-28,5.07
2010-06-29,4.96
2010-06-30,4.85
2010-07-01,4.85
2010-07-02,4.76
2010-07-06,4.64
2010-07-07,4.84
2010-07-08,4.87
2010-07-09,4.99
2010-07-12,4.89
2010-07-13,4.94
2010-07-14,4.97
2010-07-15,4.93
2010-07-16,4.76
2010-07-19,4.75
2010-07-20,4.9
2010-07-21,4.75
2010-07-22,4.69
2010-07-23,4.71
2010-07-26,4.78
2010-07-27,4.74
2010-07-28,4.66
2010-07-29,4.76
2010-07-30,4.82
2010-08-02,4.93
2010-08-03,4.81
2010-08-04,4.78
2010-08-05,4.71
2010-08-06,4.66
2010-08-09,4.68
2010-08-10,4.68
2010-08-11,4.56
2010-08-12,4.58
2010-08-13,4.58
2010-08-16,4.56
2010-08-17,4.68
2010-08-18,4.78
2010-08-19,4.69
2010-08-20,4.66
2010-08-23,4.6
2010-08-24,4.44
2010-08-25,4.51
2010-08-26,4.47
2010-08-27,4.55
2010-08-30,4.51
2010-08-31,4.51
2010-09-01,4.65
2010-09-02,4.64
2010-09-03,4.75
2010-09-07,4.59
2010-09-08,4.54
2010-09-09,4.31
2010-09-10,4.24
2010-09-13,4.29
2010-09-14,4.39
2010-09-15,4.48
2010-09-16,4.43
2010-09-17,4.34
2010-09-20,4.47
2010-09-21,4.47
2010-09-22,4.39
2010-09-23,4.39
2010-09-24,4.55
2010-09-27,7.34
2010-09-28,7.33
2010-09-29,7.34
2010-09-30,7.35
2010-10-01,7.34
2010-10-04,7.34
2010-10-05,7.35
2010-10-06,7.33
2010-10-07,7.34
2010-10-08,7.36
2010-10-11,7.34
2010-10-12,7.34
2010-10-13,7.38
2010-10-14,7.37
2010-10-15,7.39
2010-10-18,7.38
2010-10-19,7.37
2010-10-20,7.43
2010-10-21,7.48
2010-10-22,7.49
2010-10-25,7.5
2010-10-26,7.45
2010-10-27,7.44
2010-10-28,7.41
2010-10-29,7.4
2010-11-01,7.41
2010-11-02,7.43
2010-11-03,7.47
2010-11-04,7.47
2010-11-05,7.47
2010-11-08,7.47
2010-11-09,7.45
2010-11-10,7.42
2010-11-11,7.42
2010-11-12,7.41
2010-11-15,7.43
2010-11-16,7.41
2010-11-17,7.41
2010-11-18,7.43
2010-11-19,7.45
2010-11-22,7.47
2010-11-23,7.43
2010-11-24,7.44
2010-11-26,7.42
2010-11-29,7.47
2010-11-30,7.44
2010-12-01,7.46
2010-12-02,7.46
2010-12-03,7.46
2010-12-06,7.45
2010-12-07,7.45
2010-12-08,7.41
2010-12-09,7.44
2010-12-10,7.46
2010-12-13,7.41
2010-12-14,7.4
2010-12-15,7.36
2010-12-16,7.38
2010-12-17,7.44
2010-12-20,7.42
2010-12-21,7.42
2010-12-22,7.38
2010-12-23,7.36
2010-12-27,7.39
2010-12-28,7.4
2010-12-29,7.38
2010-12-30,7.39
2010-12-31,7.39
2011-01-03,7.47
2011-01-04,7.47
2011-01-05,7.48
2011-01-06,7.46
2011-01-07,7.48
2011-01-10,7.49
2011-01-11,7.5
2011-01-12,7.5
2011-01-13,7.5
2011-01-14,7.5
2011-01-18,7.52
2011-01-19,7.49
2011-01-20,7.47
2011-01-21,7.48
2011-01-24,7.53
2011-01-25,7.47
2011-01-26,7.43
2011-01-27,7.46
2011-01-28,7.37
2011-01-31,7.39
2011-02-01,7.41
2011-02-02,7.37
2011-02-03,7.39
2011-02-04,7.36
2011-02-07,7.4
2011-02-08,7.42
2011-02-09,7.4
2011-02-10,7.4
2011-02-11,7.41
2011-02-14,7.4
2011-02-15,7.41
2011-02-16,7.39
2011-02-17,7.41
2011-02-18,7.42
2011-02-22,7.34
2011-02-23,7.32
2011-02-24,7.31
2011-02-25,7.27
2011-02-28,7.3
2011-03-01,7.3
2011-03-02,7.3
2011-03-03,7.29
2011-03-04,7.28
2011-03-07,7.3
2011-03-08,7.41
2011-03-09,7.39
2011-03-10,7.38
2011-03-11,7.45
2011-03-14,7.42
2011-03-15,7.4
2011-03-16,7.32
2011-03-17,7.29
2011-03-18,7.3
2011-03-21,7.35
2011-03-22,7.32
2011-03-23,7.35
2011-03-24,7.36
2011-03-25,7.44
2011-03-28,7.4
2011-03-29,7.38
2011-03-30,7.42
2011-03-31,7.45
2011-04-01,7.46
2011-04-04,7.41
2011-04-05,7.41
2011-04-06,7.43
2011-04-07,7.37
2011-04-08,7.32
2011-04-11,7.38
2011-04-12,7.38
2011-04-13,7.37
2011-04-14,7.36
2011-04-15,7.37
2011-04-18,7.35
2011-04-19,7.34
2011-04-20,7.35
2011-04-21,7.33
2011-04-25,7.43
2011-04-26,7.49
2011-04-27,7.52
2011-04-28,7.53
2011-04-29,7.51
2011-05-02,7.43