,ALGT US Equity
2006-12-07,18
2006-12-08,25.1
2006-12-11,26.3
2006-12-12,26.07
2006-12-13,26.85
2006-12-14,27.84
2006-12-15,27.65
2006-12-18,27.55
2006-12-19,26.49
2006-12-20,27.1
2006-12-21,27.57
2006-12-22,27.23
2006-12-26,27.52
2006-12-27,27.92
2006-12-28,27.9
2006-12-29,28.06
2007-01-03,27.77
2007-01-04,27.77
2007-01-05,27.75
2007-01-08,26.98
2007-01-09,26.99
2007-01-10,26.97
2007-01-11,27.36
2007-01-12,28.25
2007-01-16,29.58
2007-01-17,30
2007-01-18,30.19
2007-01-19,29.51
2007-01-22,29.67
2007-01-23,31.13
2007-01-24,32.32
2007-01-25,31.98
2007-01-26,32
2007-01-29,31.85
2007-01-30,32.59
2007-01-31,33.25
2007-02-01,34.05
2007-02-02,34.94
2007-02-05,35.2
2007-02-06,34.03
2007-02-07,34.07
2007-02-08,33.45
2007-02-09,33.26
2007-02-12,32.92
2007-02-13,32.71
2007-02-14,33
2007-02-15,32.84
2007-02-16,34.77
2007-02-20,35.47
2007-02-21,35
2007-02-22,34.49
2007-02-23,33.5
2007-02-26,34.64
2007-02-27,32.95
2007-02-28,34.46
2007-03-01,34.44
2007-03-02,33.95
2007-03-05,34.08
2007-03-06,32.57
2007-03-07,33.6
2007-03-08,33.75
2007-03-09,32.44
2007-03-12,31.2
2007-03-13,31.01
2007-03-14,31.07
2007-03-15,32
2007-03-16,31.65
2007-03-19,31.65
2007-03-20,33.35
2007-03-21,33.18
2007-03-22,33.6
2007-03-23,32.99
2007-03-26,32.78
2007-03-27,32
2007-03-28,31.25
2007-03-29,31.47
2007-03-30,31.5
2007-04-02,31.65
2007-04-03,32.75
2007-04-04,31.59
2007-04-05,32.04
2007-04-09,32.01
2007-04-10,32.2
2007-04-11,32.37
2007-04-12,32.53
2007-04-13,33.06
2007-04-16,32.71
2007-04-17,32.06
2007-04-18,32.05
2007-04-19,32.26
2007-04-20,31.88
2007-04-23,32.3
2007-04-24,33.89
2007-04-25,33.24
2007-04-26,32.76
2007-04-27,32
2007-04-30,32.09
2007-05-01,34.89
2007-05-02,34.7
2007-05-03,34.17
2007-05-04,33.35
2007-05-07,32.28
2007-05-08,31.97
2007-05-09,31.87
2007-05-10,30.28
2007-05-11,30.04
2007-05-14,29.2
2007-05-15,27.76
2007-05-16,28.04
2007-05-17,30
2007-05-18,30.19
2007-05-21,31.2
2007-05-22,31.52
2007-05-23,31.93
2007-05-24,32.15
2007-05-25,31.76
2007-05-29,32.16
2007-05-30,31.82
2007-05-31,31.75
2007-06-01,32.23
2007-06-04,32.39
2007-06-05,32
2007-06-06,31.68
2007-06-07,31.69
2007-06-08,31.73
2007-06-11,31.39
2007-06-12,30.89
2007-06-13,31.84
2007-06-14,32.41
2007-06-15,32.9
2007-06-18,32.5
2007-06-19,32.25
2007-06-20,32.35
2007-06-21,32.58
2007-06-22,33.38
2007-06-25,32.2
2007-06-26,31.6
2007-06-27,30.96
2007-06-28,31.59
2007-06-29,30.74
2007-07-02,31.13
2007-07-03,31.35
2007-07-05,31.62
2007-07-06,32.32
2007-07-09,31.49
2007-07-10,30.99
2007-07-11,31.71
2007-07-12,31.92
2007-07-13,31.94
2007-07-16,31.79
2007-07-17,33.51
2007-07-18,33.05
2007-07-19,32.5
2007-07-20,31.95
2007-07-23,32.08
2007-07-24,31.6
2007-07-25,31.63
2007-07-26,31.14
2007-07-27,30.96
2007-07-30,30.18
2007-07-31,29.39
2007-08-01,30.8
2007-08-02,30.09
2007-08-03,30.35
2007-08-06,30.86
2007-08-07,33.49
2007-08-08,33.8
2007-08-09,31.44
2007-08-10,30.52
2007-08-13,30.85
2007-08-14,30.84
2007-08-15,30.18
2007-08-16,30.74
2007-08-17,30.49
2007-08-20,30.52
2007-08-21,30.09
2007-08-22,29.99
2007-08-23,30.5
2007-08-24,30.22
2007-08-27,30.2
2007-08-28,29.67
2007-08-29,29.25
2007-08-30,28.84
2007-08-31,29
2007-09-04,28.41
2007-09-05,28.3
2007-09-06,29.94
2007-09-07,29.97
2007-09-10,29.14
2007-09-11,29.95
2007-09-12,29.78
2007-09-13,29.73
2007-09-14,30.3
2007-09-17,29.81
2007-09-18,30.07
2007-09-19,30.04
2007-09-20,29.77
2007-09-21,29.95
2007-09-24,27.88
2007-09-25,29.43
2007-09-26,30.18
2007-09-27,29.99
2007-09-28,30.32
2007-10-01,31.06
2007-10-02,31.9
2007-10-03,31.38
2007-10-04,32.24
2007-10-05,32.9
2007-10-08,31.85
2007-10-09,32.08
2007-10-10,33.16
2007-10-11,33.78
2007-10-12,34.5
2007-10-15,34
2007-10-16,34
2007-10-17,38.2
2007-10-18,36.62
2007-10-19,35.82
2007-10-22,37.28
2007-10-23,37.96
2007-10-24,36.21
2007-10-25,36.97
2007-10-26,37.91
2007-10-29,38.41
2007-10-30,36.98
2007-10-31,36.02
2007-11-01,34.83
2007-11-02,35.8
2007-11-05,34.75
2007-11-06,34.49
2007-11-07,32.66
2007-11-08,32.15
2007-11-09,31.59
2007-11-12,32.45
2007-11-13,32.19
2007-11-14,31.56
2007-11-15,31.01
2007-11-16,31.53
2007-11-19,32.19
2007-11-20,32.05
2007-11-21,31.65
2007-11-23,32.72
2007-11-26,31.92
2007-11-27,32.22
2007-11-28,34.51
2007-11-29,33.87
2007-11-30,35.4
2007-12-03,32.86
2007-12-04,34.23
2007-12-05,33.49
2007-12-06,34.59
2007-12-07,36.46
2007-12-10,34.15
2007-12-11,33.59
2007-12-12,32.86
2007-12-13,33.98
2007-12-14,33.18
2007-12-17,32.22
2007-12-18,33.79
2007-12-19,33.79
2007-12-20,34.4
2007-12-21,34.97
2007-12-24,34.53
2007-12-26,33.68
2007-12-27,32.92
2007-12-28,33.64
2007-12-31,32.14
2008-01-02,29.19
2008-01-03,30.75
2008-01-04,28.68
2008-01-07,29.26
2008-01-08,26.05
2008-01-09,25.6
2008-01-10,25.74
2008-01-11,23.73
2008-01-14,24.2
2008-01-15,23.97
2008-01-16,24.05
2008-01-17,23.41
2008-01-18,21.01
2008-01-22,25.5
2008-01-23,26.76
2008-01-24,23.89
2008-01-25,24.02
2008-01-28,23.9
2008-01-29,23.78
2008-01-30,26.61
2008-01-31,31.28
2008-02-01,29.54
2008-02-04,30.78
2008-02-05,31
2008-02-06,31.37
2008-02-07,30.04
2008-02-08,30.26
2008-02-11,30.25
2008-02-12,30.42
2008-02-13,30
2008-02-14,27.63
2008-02-15,27.89
2008-02-19,27.92
2008-02-20,27.93
2008-02-21,28.62
2008-02-22,27.81
2008-02-25,28.39
2008-02-26,28.46
2008-02-27,28.54
2008-02-28,28.04
2008-02-29,27.21
2008-03-03,27.3
2008-03-04,27.69
2008-03-05,27.65
2008-03-06,25.94
2008-03-07,26.19
2008-03-10,25.64
2008-03-11,27
2008-03-12,24.63
2008-03-13,24.13
2008-03-14,23.13
2008-03-17,23.01
2008-03-18,25.16
2008-03-19,23.71
2008-03-20,24.25
2008-03-24,25.24
2008-03-25,25.87
2008-03-26,25.28
2008-03-27,25.5
2008-03-28,25.37
2008-03-31,26.42
2008-04-01,26.89
2008-04-02,26.86
2008-04-03,27.41
2008-04-04,27.51
2008-04-07,27.01
2008-04-08,26.44
2008-04-09,25.73
2008-04-10,25.49
2008-04-11,24.71
2008-04-14,24.52
2008-04-15,24.09
2008-04-16,24.38
2008-04-17,23.55
2008-04-18,23.5
2008-04-21,23.2
2008-04-22,20.65
2008-04-23,20.68
2008-04-24,20.42
2008-04-25,20.1
2008-04-28,20.8
2008-04-29,27.81
2008-04-30,27.25
2008-05-01,28.74
2008-05-02,27.99
2008-05-05,27.75
2008-05-06,27.17
2008-05-07,26.02
2008-05-08,26.41
2008-05-09,25.05
2008-05-12,25.29
2008-05-13,24.87
2008-05-14,24.85
2008-05-15,24.66
2008-05-16,23.88
2008-05-19,23.03
2008-05-20,22.2
2008-05-21,20.64
2008-05-22,21.15
2008-05-23,20.78
2008-05-27,22.45
2008-05-28,21.76
2008-05-29,21.68
2008-05-30,20.9
2008-06-02,20.5
2008-06-03,19.92
2008-06-04,20.47
2008-06-05,21.24
2008-06-06,20.72
2008-06-09,22
2008-06-10,21.29
2008-06-11,21.15
2008-06-12,19.95
2008-06-13,21.3
2008-06-16,23.91
2008-06-17,24.38
2008-06-18,22.61
2008-06-19,24.04
2008-06-20,22.79
2008-06-23,21.44
2008-06-24,21.34
2008-06-25,22.72
2008-06-26,21.21
2008-06-27,20.13
2008-06-30,18.59
2008-07-01,17.33
2008-07-02,17.5
2008-07-03,17.6
2008-07-07,18
2008-07-08,19.47
2008-07-09,18.38
2008-07-10,17.89
2008-07-11,17.13
2008-07-14,17.27
2008-07-15,17.45
2008-07-16,20.4
2008-07-17,23.18
2008-07-18,23.98
2008-07-21,22.51
2008-07-22,25.06
2008-07-23,22.39
2008-07-24,21.4
2008-07-25,21.97
2008-07-28,21.66
2008-07-29,24.35
2008-07-30,24.47
2008-07-31,24.68
2008-08-01,24.02
2008-08-04,25.04
2008-08-05,27.81
2008-08-06,27.51
2008-08-07,26.67
2008-08-08,29
2008-08-11,30.28
2008-08-12,29.79
2008-08-13,28.8
2008-08-14,29.41
2008-08-15,31.02
2008-08-18,30.69
2008-08-19,29.75
2008-08-20,29.29
2008-08-21,29.2
2008-08-22,30.61
2008-08-25,29.84
2008-08-26,28.54
2008-08-27,29.18
2008-08-28,30.04
2008-08-29,31.01
2008-09-02,31.97
2008-09-03,33.26
2008-09-04,32.43
2008-09-05,32.1
2008-09-08,32.23
2008-09-09,33.54
2008-09-10,32.03
2008-09-11,32.12
2008-09-12,30.89
2008-09-15,31.87
2008-09-16,35
2008-09-17,32.8
2008-09-18,35.14
2008-09-19,33.92
2008-09-22,32.72
2008-09-23,32.53
2008-09-24,31.45
2008-09-25,31.94
2008-09-26,33.63
2008-09-29,33.75
2008-09-30,35.32
2008-10-01,34.51
2008-10-02,34.2
2008-10-03,30.57
2008-10-06,29.4
2008-10-07,28.32
2008-10-08,26.24
2008-10-09,25.49
2008-10-10,26.03
2008-10-13,32
2008-10-14,29.52
2008-10-15,28.25
2008-10-16,32.38
2008-10-17,34.56
2008-10-20,35.46
2008-10-21,35.81
2008-10-22,36.03
2008-10-23,38.3
2008-10-24,36.83
2008-10-27,33.86
2008-10-28,35.25
2008-10-29,34.71
2008-10-30,36.74
2008-10-31,39.83
2008-11-03,39.05
2008-11-04,40.9
2008-11-05,39.75
2008-11-06,36.84
2008-11-07,35.99
2008-11-10,34.42
2008-11-11,36.74
2008-11-12,37.87
2008-11-13,42.24
2008-11-14,40.29
2008-11-17,37.39
2008-11-18,36.77
2008-11-19,34.85
2008-11-20,37.06
2008-11-21,38.97
2008-11-24,41.7
2008-11-25,40.39
2008-11-26,43.57
2008-11-28,43.14
2008-12-01,38.79
2008-12-02,39.2
2008-12-03,39.85
2008-12-04,37.96
2008-12-05,41.18
2008-12-08,42.9
2008-12-09,44
2008-12-10,41.82
2008-12-11,39.53
2008-12-12,43.08
2008-12-15,41.93
2008-12-16,45.29
2008-12-17,46.59
2008-12-18,44.568
2008-12-19,44.95
2008-12-22,46.15
2008-12-23,47
2008-12-24,46.99
2008-12-26,47.74
2008-12-29,48.62
2008-12-30,48.5
2008-12-31,48.57
2009-01-02,43.76
2009-01-05,40.63
2009-01-06,40.76
2009-01-07,40.75
2009-01-08,41.79
2009-01-09,40.01
2009-01-12,38.84
2009-01-13,36.68
2009-01-14,36.06
2009-01-15,37.25
2009-01-16,39.28
2009-01-20,38.87
2009-01-21,38.85
2009-01-22,38.27
2009-01-23,38.32
2009-01-26,37.91
2009-01-27,35.9
2009-01-28,38.15
2009-01-29,35.97
2009-01-30,35.76
2009-02-02,34.96
2009-02-03,34.46
2009-02-04,33
2009-02-05,34.38
2009-02-06,36.43
2009-02-09,35.63
2009-02-10,35.18
2009-02-11,33.63
2009-02-12,34.26
2009-02-13,34.33
2009-02-17,33.4
2009-02-18,33.98
2009-02-19,33.99
2009-02-20,34.49
2009-02-23,33.87
2009-02-24,34.79
2009-02-25,33.49
2009-02-26,33.95
2009-02-27,34.32
2009-03-02,33.44
2009-03-03,34.11
2009-03-04,35.31
2009-03-05,33.83
2009-03-06,33.44
2009-03-09,34.99
2009-03-10,39.14
2009-03-11,38.92
2009-03-12,41.08
2009-03-13,39.77
2009-03-16,37.77
2009-03-17,39.59
2009-03-18,40.75
2009-03-19,38.02
2009-03-20,38.11
2009-03-23,40.91
2009-03-24,41.22
2009-03-25,42.46
2009-03-26,43.65
2009-03-27,43.5
2009-03-30,44
2009-03-31,45.46
2009-04-01,44.4
2009-04-02,49.1
2009-04-03,45.42
2009-04-06,47.15
2009-04-07,48.48
2009-04-08,47.42
2009-04-09,48.99
2009-04-13,54.27
2009-04-14,53.16
2009-04-15,52.46
2009-04-16,54.95
2009-04-17,52.72
2009-04-20,54.7
2009-04-21,56.57
2009-04-22,55.23
2009-04-23,52.97
2009-04-24,49.06
2009-04-27,49.89
2009-04-28,50.01
2009-04-29,52.66
2009-04-30,52.04
2009-05-01,51.06
2009-05-04,55.46
2009-05-05,51.62
2009-05-06,47.81
2009-05-07,43.88
2009-05-08,43.91
2009-05-11,43.2
2009-05-12,42.8
2009-05-13,41.94
2009-05-14,43.59
2009-05-15,42.3
2009-05-18,43.74
2009-05-19,40.73
2009-05-20,40.72
2009-05-21,38.85
2009-05-22,39.63
2009-05-26,41.33
2009-05-27,40.02
2009-05-28,39
2009-05-29,40.34
2009-06-01,42.23
2009-06-02,44.37
2009-06-03,43.81
2009-06-04,41.89
2009-06-05,42.1
2009-06-08,40.18
2009-06-09,41.11
2009-06-10,40.13
2009-06-11,40.85
2009-06-12,40.11
2009-06-15,37.8
2009-06-16,34.93
2009-06-17,36.42
2009-06-18,35.85
2009-06-19,35.82
2009-06-22,34.05
2009-06-23,33.76
2009-06-24,33.91
2009-06-25,34.15
2009-06-26,35.87
2009-06-29,38.84
2009-06-30,39.64
2009-07-01,39.06
2009-07-02,38.8
2009-07-06,39.27
2009-07-07,39.59
2009-07-08,39.24
2009-07-09,40.36
2009-07-10,40.75
2009-07-13,42.24
2009-07-14,43.2
2009-07-15,45.07
2009-07-16,46.81
2009-07-17,45.77
2009-07-20,47.04
2009-07-21,45.8
2009-07-22,41.51
2009-07-23,42.1
2009-07-24,43.8
2009-07-27,42.89
2009-07-28,43.43
2009-07-29,44.42
2009-07-30,44.02
2009-07-31,43.31
2009-08-03,42.38
2009-08-04,42.18
2009-08-05,41.18
2009-08-06,41.5
2009-08-07,42.29
2009-08-10,39.87
2009-08-11,39.9
2009-08-12,39.69
2009-08-13,39.72
2009-08-14,38.83
2009-08-17,38.22
2009-08-18,37.56
2009-08-19,37.65
2009-08-20,39.59
2009-08-21,40.97
2009-08-24,39.5
2009-08-25,39.72
2009-08-26,39.72
2009-08-27,39.18
2009-08-28,39.59
2009-08-31,39.19
2009-09-01,37.8
2009-09-02,36.92
2009-09-03,36.84
2009-09-04,38.68
2009-09-08,39.35
2009-09-09,39.54
2009-09-10,42
2009-09-11,42.38
2009-09-14,41.38
2009-09-15,42.73
2009-09-16,44.18
2009-09-17,43.29
2009-09-18,42.67
2009-09-21,43.26
2009-09-22,41.35
2009-09-23,40.22
2009-09-24,39.47
2009-09-25,38.91
2009-09-28,38.09
2009-09-29,37.98
2009-09-30,38.09
2009-10-01,36.7
2009-10-02,35.53
2009-10-05,35.7
2009-10-06,36.56
2009-10-07,37.38
2009-10-08,38.6
2009-10-09,39.53
2009-10-12,40.1
2009-10-13,39.64
2009-10-14,38.65
2009-10-15,38.75
2009-10-16,38.65
2009-10-19,39.63
2009-10-20,41.45
2009-10-21,37.72
2009-10-22,37.13
2009-10-23,36.67
2009-10-26,36.92
2009-10-27,36.03
2009-10-28,35.89
2009-10-29,37
2009-10-30,37.71
2009-11-02,38.9
2009-11-03,39.47
2009-11-04,39.2
2009-11-05,40.1
2009-11-06,40.9
2009-11-09,40.9
2009-11-10,40.38
2009-11-11,40.74
2009-11-12,39.94
2009-11-13,40.45
2009-11-16,41.99
2009-11-17,42.03
2009-11-18,41.88
2009-11-19,40.66
2009-11-20,40.64
2009-11-23,41.65
2009-11-24,41.8
2009-11-25,41.79
2009-11-27,40.91
2009-11-30,41.23
2009-12-01,42.5
2009-12-02,44.32
2009-12-03,44.99
2009-12-04,45.8
2009-12-07,45.88
2009-12-08,46.22
2009-12-09,46.94
2009-12-10,46.8
2009-12-11,47.93
2009-12-14,48.15
2009-12-15,46.91
2009-12-16,47.27
2009-12-17,47.04
2009-12-18,46.85
2009-12-21,47.11
2009-12-22,48.84
2009-12-23,47.48
2009-12-24,47.5
2009-12-28,46.73
2009-12-29,46.33
2009-12-30,47.04
2009-12-31,47.17
2010-01-04,48.01
2010-01-05,49.68
2010-01-06,49.75
2010-01-07,49.61
2010-01-08,49.04
2010-01-11,49.24
2010-01-12,49.49
2010-01-13,49.75
2010-01-14,50.21
2010-01-15,50.16
2010-01-19,51.19
2010-01-20,49.89
2010-01-21,51.18
2010-01-22,50.4
2010-01-25,50.99
2010-01-26,51.46
2010-01-27,53.35
2010-01-28,52.2
2010-01-29,51.2
2010-02-01,51.2
2010-02-02,51.99
2010-02-03,52.3
2010-02-04,50.07
2010-02-05,50.27
2010-02-08,51.19
2010-02-09,52.96
2010-02-10,52.18
2010-02-11,52.63
2010-02-12,53.45
2010-02-16,53.57
2010-02-17,52.62
2010-02-18,52.91
2010-02-19,53.36
2010-02-22,52.38
2010-02-23,51.92
2010-02-24,51.95
2010-02-25,52.2
2010-02-26,52.14
2010-03-01,53
2010-03-02,53.02
2010-03-03,52.62
2010-03-04,53.03
2010-03-05,52.91
2010-03-08,54.31
2010-03-09,52
2010-03-10,54.47
2010-03-11,54.32
2010-03-12,54.54
2010-03-15,54.77
2010-03-16,54.03
2010-03-17,54.38
2010-03-18,54.5
2010-03-19,54.58
2010-03-22,55.56
2010-03-23,57.74
2010-03-24,58.06
2010-03-25,56.98
2010-03-26,56.57
2010-03-29,57.89
2010-03-30,58.25
2010-03-31,57.86
2010-04-01,56.4
2010-04-05,55.21
2010-04-06,54.2
2010-04-07,54.95
2010-04-08,55.2
2010-04-09,53.73
2010-04-12,55.66
2010-04-13,55.27
2010-04-14,56.42
2010-04-15,57.21
2010-04-16,56.56
2010-04-19,56.17
2010-04-20,50.85
2010-04-21,51.05
2010-04-22,51.44
2010-04-23,53.77
2010-04-26,52.62
2010-04-27,51.51
2010-04-28,51.62
2010-04-29,52.16
2010-04-30,51.43
2010-05-03,52.04
2010-05-04,50.34
2010-05-05,51.02
2010-05-06,50.14
2010-05-07,49.38
2010-05-10,51.67
2010-05-11,51.18
2010-05-12,52.52
2010-05-13,51.63
2010-05-14,51.1
2010-05-17,52.48
2010-05-18,51.15
2010-05-19,50.69
2010-05-20,50.5
2010-05-21,51.89
2010-05-24,50.46
2010-05-25,53.165
2010-05-26,55.01
2010-05-27,55.63
2010-05-28,55.29
2010-06-01,52.83
2010-06-02,54.433
2010-06-03,54.1
2010-06-04,50
2010-06-07,48.37
2010-06-08,47.66
2010-06-09,47.73
2010-06-10,49.36
2010-06-11,50.32
2010-06-14,49.91
2010-06-15,48.64
2010-06-16,47.65
2010-06-17,46.23
2010-06-18,45.79
2010-06-21,44.76
2010-06-22,44.1
2010-06-23,43.77
2010-06-24,43.19
2010-06-25,43.07
2010-06-28,43
2010-06-29,42.22
2010-06-30,42.69
2010-07-01,43.29
2010-07-02,43.21
2010-07-06,42.56
2010-07-07,44.98
2010-07-08,43.83
2010-07-09,44.98
2010-07-12,44.04
2010-07-13,44.9
2010-07-14,46.11
2010-07-15,45.98
2010-07-16,45.58
2010-07-19,45.28
2010-07-20,46.155
2010-07-21,43.58
2010-07-22,43.28
2010-07-23,43.83
2010-07-26,44.8
2010-07-27,44.22
2010-07-28,43.88
2010-07-29,43.62
2010-07-30,44.39
2010-08-02,45.25
2010-08-03,43.94
2010-08-04,42.72
2010-08-05,40.83
2010-08-06,40.67
2010-08-09,42.69
2010-08-10,43.5
2010-08-11,41.95
2010-08-12,42.04
2010-08-13,42.45
2010-08-16,41.75
2010-08-17,42.4
2010-08-18,42.37
2010-08-19,40.47
2010-08-20,40.91
2010-08-23,38.83
2010-08-24,38.03
2010-08-25,37.92
2010-08-26,38.52
2010-08-27,39.16
2010-08-30,38.32
2010-08-31,37.63
2010-09-01,38.57
2010-09-02,38.08
2010-09-03,38.8
2010-09-07,37.51
2010-09-08,38.42
2010-09-09,39.04
2010-09-10,39.02
2010-09-13,41
2010-09-14,41.94
2010-09-15,41.04
2010-09-16,41.32
2010-09-17,41.57
2010-09-20,42.19
2010-09-21,42.85
2010-09-22,41.98
2010-09-23,41.29
2010-09-24,41.92
2010-09-27,43
2010-09-28,43
2010-09-29,42.75
2010-09-30,42.32
2010-10-01,43.23
2010-10-04,41.59
2010-10-05,42.1
2010-10-06,41.95
2010-10-07,41.7
2010-10-08,39.78
2010-10-11,39.04
2010-10-12,39.4
2010-10-13,40.5
2010-10-14,40.81
2010-10-15,41.23
2010-10-18,41.21
2010-10-19,41.07
2010-10-20,41.49
2010-10-21,41.34
2010-10-22,41.68
2010-10-25,42.52
2010-10-26,43.43
2010-10-27,43.35
2010-10-28,46.71
2010-10-29,47.11
2010-11-01,47.39
2010-11-02,47.66
2010-11-03,48.76
2010-11-04,49.03
2010-11-05,49.19
2010-11-08,48.75
2010-11-09,48.77
2010-11-10,47.99
2010-11-11,47.62
2010-11-12,47.44
2010-11-15,46.57
2010-11-16,45.96
2010-11-17,47.36
2010-11-18,48.36
2010-11-19,48.51
2010-11-22,49.55
2010-11-23,49.24
2010-11-24,50.25
2010-11-26,50.02
2010-11-29,50.06
2010-11-30,49.93
2010-12-01,50.27
2010-12-02,50.08
2010-12-03,50.31
2010-12-06,51.05
2010-12-07,52.135
2010-12-08,52.36
2010-12-09,52.07
2010-12-10,52.58
2010-12-13,50.67
2010-12-14,50.4
2010-12-15,48.36
2010-12-16,48.43
2010-12-17,48.55
2010-12-20,48.69
2010-12-21,49.18
2010-12-22,49.69
2010-12-23,49.34
2010-12-27,49.45
2010-12-28,49.32
2010-12-29,49.27
2010-12-30,49.96
2010-12-31,49.24
2011-01-03,50.84
2011-01-04,51.25
2011-01-05,51.75
2011-01-06,50.57
2011-01-07,50.57
2011-01-10,49.47
2011-01-11,46.97
2011-01-12,47.92
2011-01-13,48.03
2011-01-14,48.45
2011-01-18,47.27
2011-01-19,47.54
2011-01-20,47.13
2011-01-21,47.91
2011-01-24,47.43
2011-01-25,46.18
2011-01-26,48.14
2011-01-27,49.86
2011-01-28,47.24
2011-01-31,46.54
2011-02-01,42.87
2011-02-02,42.23
2011-02-03,41.44
2011-02-04,41.3
2011-02-07,40.01
2011-02-08,41.07
2011-02-09,41.27
2011-02-10,41.32
2011-02-11,41.84
2011-02-14,42.18
2011-02-15,42.54
2011-02-16,43.63
2011-02-17,44.2
2011-02-18,44
2011-02-22,41.67
2011-02-23,39.97
2011-02-24,40.81
2011-02-25,41.1
2011-02-28,41.27
2011-03-01,41.01
2011-03-02,40.91
2011-03-03,42.6
2011-03-04,42.11
2011-03-07,42.23
2011-03-08,43.27
2011-03-09,42.81
2011-03-10,42.4
2011-03-11,43.3
2011-03-14,43.19
2011-03-15,43.05
2011-03-16,43.1
2011-03-17,41.86
2011-03-18,42.64
2011-03-21,43.99
2011-03-22,42.84
2011-03-23,42.04
2011-03-24,42.1
2011-03-25,42.225
2011-03-28,43.25
2011-03-29,43.22
2011-03-30,44.07
2011-03-31,43.81
2011-04-01,43.59
2011-04-04,42.7
2011-04-05,43.02
2011-04-06,43.2
2011-04-07,42.73
2011-04-08,41.87
2011-04-11,42.63
2011-04-12,42.94
2011-04-13,42.3
2011-04-14,40.49
2011-04-15,40.84
2011-04-18,40.6
2011-04-19,40.8
2011-04-20,41.07
2011-04-21,41.14
2011-04-25,41.35
2011-04-26,42.25
2011-04-27,43.17
2011-04-28,43.09
2011-04-29,44.87
2011-05-02,44.58
2011-05-03,44.98
2011-05-04,44.97
2011-05-05,46.68
2011-05-06,46.41
2011-05-09,44.83
2011-05-10,45.66
2011-05-11,45.83
2011-05-12,45.93
2011-05-13,45.245
2011-05-16,45.57
2011-05-17,46.45
2011-05-18,46.79
2011-05-19,46.985
2011-05-20,46.22
2011-05-23,46.9
2011-05-24,46.84
2011-05-25,45.52
2011-05-26,46.06
2011-05-27,46.13
2011-05-31,45.61
2011-06-01,43.51
2011-06-02,42.99
2011-06-03,42.98
2011-06-06,42.32
2011-06-07,42.57
2011-06-08,42.65
2011-06-09,42.51
2011-06-10,42.6
2011-06-13,42.89
2011-06-14,43.83
2011-06-15,43.62
2011-06-16,43.56
2011-06-17,43.93
2011-06-20,45
2011-06-21,44.94
2011-06-22,44.46
2011-06-23,45.13
2011-06-24,46.67
2011-06-27,48.34
2011-06-28,49.51
2011-06-29,49.49
2011-06-30,49.5
2011-07-01,49.78
2011-07-05,49.5
2011-07-06,49.07
2011-07-07,48.7
2011-07-08,48.51
2011-07-11,48.08
2011-07-12,47.54
2011-07-13,47
2011-07-14,46.06
2011-07-15,46.1
2011-07-18,44.18
2011-07-19,45.95
2011-07-20,44.99
2011-07-21,45.24
2011-07-22,44.48
2011-07-25,43.15
2011-07-26,43.41
2011-07-27,43.01
2011-07-28,42.46
2011-07-29,43.03
2011-08-01,42.125
2011-08-02,40.64
2011-08-03,41.59
2011-08-04,41.31
2011-08-05,43
2011-08-08,41.5
2011-08-09,45.35
2011-08-10,43.5
2011-08-11,44.15
2011-08-12,44.63
2011-08-15,45.12
2011-08-16,44.42
2011-08-17,44.88
2011-08-18,43.69
2011-08-19,43.76
2011-08-22,43.43
2011-08-23,45.45
2011-08-24,45.03
2011-08-25,44.5
2011-08-26,45.07
2011-08-29,47.52
2011-08-30,46.82
2011-08-31,46.95
2011-09-01,45.76
2011-09-02,45.32
2011-09-06,45.18
2011-09-07,46.99
2011-09-08,45.53
2011-09-09,45.11
2011-09-12,45.36
2011-09-13,47.46
2011-09-14,46.87
2011-09-15,46.64
2011-09-16,46.97
2011-09-19,47.06
2011-09-20,45.85
2011-09-21,45.04
2011-09-22,45.18
2011-09-23,47.27
2011-09-26,47.87
2011-09-27,47.63
2011-09-28,46.46
2011-09-29,47.69
2011-09-30,47.13
2011-10-03,45.45
2011-10-04,47.53
2011-10-05,47.58
2011-10-06,48.69
2011-10-07,47.28
2011-10-10,48.93
2011-10-11,49.45
2011-10-12,49.6
2011-10-13,49.69
2011-10-14,50.37
2011-10-17,49.7
2011-10-18,50.46
2011-10-19,49.62
2011-10-20,50.4
2011-10-21,50.2
2011-10-24,52.25
2011-10-25,51.86
2011-10-26,52.62
2011-10-27,52.47
2011-10-28,52.69
2011-10-31,51.96
2011-11-01,51.49
2011-11-02,52.52
2011-11-03,53.81
2011-11-04,53.25
2011-11-07,52.24
2011-11-08,52.37
2011-11-09,50.46
2011-11-10,50.58
2011-11-11,52.53
2011-11-14,51.86
2011-11-15,51.38
2011-11-16,50.25
2011-11-17,49.66
2011-11-18,50.6
2011-11-21,49.98
2011-11-22,49.12
2011-11-23,47.72
2011-11-25,47.92
2011-11-28,48.81
2011-11-29,49.81
2011-11-30,52.08
2011-12-01,51.85
2011-12-02,51.62
2011-12-05,51.91
2011-12-06,52.32
2011-12-07,52.92
2011-12-08,51.33
2011-12-09,51.79
2011-12-12,51.74
2011-12-13,50.65
2011-12-14,51.52
2011-12-15,53.39
2011-12-16,54.74
2011-12-19,54.06
2011-12-20,54.74
2011-12-21,55.06
2011-12-22,54.94
2011-12-23,54.66
2011-12-27,54.34
2011-12-28,53.65
2011-12-29,54.22
2011-12-30,53.34
2012-01-03,53.25
2012-01-04,53.96
2012-01-05,54.11
2012-01-06,54.43
2012-01-09,54.01
2012-01-10,53.27
2012-01-11,53.5
2012-01-12,53.06
2012-01-13,53
2012-01-17,52.58
2012-01-18,52.72
2012-01-19,53.79
2012-01-20,53.95
2012-01-23,52.86
2012-01-24,53.93
2012-01-25,54.64
2012-01-26,54.93
2012-01-27,54.97
2012-01-30,54.94
2012-01-31,54.97
2012-02-01,56.27
2012-02-02,55.49
2012-02-03,56.75
2012-02-06,55.155
2012-02-07,54.28
2012-02-08,53.85
2012-02-09,54.05
2012-02-10,53.73
2012-02-13,53.84
2012-02-14,53.42
2012-02-15,54.08
2012-02-16,55.3
2012-02-17,55.52
2012-02-21,50.99
2012-02-22,49.81
2012-02-23,49.94
2012-02-24,48.4
2012-02-27,48.63
2012-02-28,49.9
2012-02-29,49.98
2012-03-01,49.98
2012-03-02,49.11
2012-03-05,48.5
2012-03-06,48.53
2012-03-07,48.05
2012-03-08,48.97
2012-03-09,49.74
2012-03-12,49.64
2012-03-13,50.39
2012-03-14,50.41
2012-03-15,51.56
2012-03-16,50.7
2012-03-19,51.2
2012-03-20,51.34
2012-03-21,51.51
2012-03-22,51.89
2012-03-23,51.79
2012-03-26,54.45
2012-03-27,53.87
2012-03-28,55.17
2012-03-29,55.36
2012-03-30,54.5
2012-04-02,55.07
2012-04-03,57.02
2012-04-04,60.33
2012-04-05,59.43
2012-04-09,58.13
2012-04-10,56.99
2012-04-11,56.95
2012-04-12,58.98
2012-04-13,58.69
2012-04-16,58.83
2012-04-17,59.36
2012-04-18,60.08
2012-04-19,59.79
2012-04-20,59.15
2012-04-23,57.91
2012-04-24,59.58
2012-04-25,59.74
2012-04-26,58.84
2012-04-27,60.03
2012-04-30,58.76
2012-05-01,60.03
2012-05-02,61.91
2012-05-03,63.51
2012-05-04,62.7
2012-05-07,63.45
2012-05-08,63.98
2012-05-09,63.31
2012-05-10,63.5
2012-05-11,64
2012-05-14,63.87
2012-05-15,64.24
2012-05-16,64.19
2012-05-17,62.06
2012-05-18,62.31
2012-05-21,62.66
2012-05-22,62.35
2012-05-23,62.99
2012-05-24,64.25
2012-05-25,64.04
2012-05-29,63.9
2012-05-30,63.9
2012-05-31,64.85
2012-06-01,64
2012-06-04,62.26
2012-06-05,62.42
2012-06-06,63.46
2012-06-07,63.33
2012-06-08,65.7
2012-06-11,65.04
2012-06-12,65.74
2012-06-13,67.16
2012-06-14,66.5
2012-06-15,65.3
2012-06-18,67
2012-06-19,68.7
2012-06-20,70.45
2012-06-21,69.67
2012-06-22,70.11
2012-06-25,69
2012-06-26,70.43
2012-06-27,69.29
2012-06-28,68.94
2012-06-29,69.68
2012-07-02,71.88
2012-07-03,69.95
2012-07-05,68.76
2012-07-06,69.99
2012-07-09,70.66
2012-07-10,70.44
2012-07-11,72.04
2012-07-12,71.23
2012-07-13,72.99
2012-07-16,73.66
2012-07-17,74
2012-07-18,73.84
2012-07-19,71.82
2012-07-20,69.87
2012-07-23,69.77
2012-07-24,68.4
2012-07-25,68.22
2012-07-26,69.2
2012-07-27,69.93
2012-07-30,69.38
2012-07-31,71.06
2012-08-01,66.5
2012-08-02,68.92
2012-08-03,68.8
2012-08-06,69.07
2012-08-07,68.96
2012-08-08,70.08
2012-08-09,66.98
2012-08-10,66.79
2012-08-13,67.9
2012-08-14,67.24
2012-08-15,67.78
2012-08-16,67.83
2012-08-17,68.93
2012-08-20,70.01
2012-08-21,68.73
2012-08-22,67.87
2012-08-23,66.9
2012-08-24,66.69
2012-08-27,67.01
2012-08-28,66.17
2012-08-29,66.05
2012-08-30,66.33
2012-08-31,66.24
2012-09-04,65.82
2012-09-05,66.97
2012-09-06,67.25
2012-09-07,66.26
2012-09-10,65.59
2012-09-11,65.05
2012-09-12,66.15
2012-09-13,66.13
2012-09-14,64.49
2012-09-17,62.99
2012-09-18,63.14
2012-09-19,65.21
2012-09-20,64.4
2012-09-21,63.94
2012-09-24,63.76
2012-09-25,64.26
2012-09-26,64.88
2012-09-27,63.81
2012-09-28,63.36
2012-10-01,65.03
2012-10-02,64.64
2012-10-03,66.02
2012-10-04,66.82
2012-10-05,67.38
2012-10-08,67.41
2012-10-09,67.01
2012-10-10,68.12
2012-10-11,68.45
2012-10-12,68.68
2012-10-15,69.81
2012-10-16,69.72
2012-10-17,68.91
2012-10-18,69.49
2012-10-19,68.77
2012-10-22,69
2012-10-23,69.68
2012-10-24,68.64
2012-10-25,70.62
2012-10-26,71.8
2012-10-31,72.74
2012-11-01,74.2
2012-11-02,72.97
2012-11-05,73.99
2012-11-06,74.85
2012-11-07,74.84
2012-11-08,75.16
2012-11-09,73.93
2012-11-12,73.32
2012-11-13,72.49
2012-11-14,70.41
2012-11-15,70.91
2012-11-16,71.14
2012-11-19,72.69
2012-11-20,73.82
2012-11-21,74.41
2012-11-23,74.75
2012-11-26,73.8
2012-11-27,73.73
2012-11-28,73.31
2012-11-29,73.93
2012-11-30,74.02
2012-12-03,73.54
2012-12-04,74.38
2012-12-05,73.79
2012-12-06,74.96
2012-12-07,73.25
2012-12-10,72.8
2012-12-11,72.92
2012-12-12,73.56
2012-12-13,73.96
2012-12-14,74.02
2012-12-17,74.55
2012-12-18,75.49
2012-12-19,76.43
2012-12-20,76.31
2012-12-21,75.9
2012-12-24,77.32
2012-12-26,73.45
2012-12-27,72.28
2012-12-28,72.37
2012-12-31,73.41
2013-01-02,75.48
2013-01-03,75.43
2013-01-04,77.23
2013-01-07,77.91
2013-01-08,76.59
2013-01-09,76.86
2013-01-10,75.78
2013-01-11,73.31
2013-01-14,74.65
2013-01-15,74.94
2013-01-16,74.52
2013-01-17,74.16
2013-01-18,73.99
2013-01-22,74.86
2013-01-23,74.61
2013-01-24,73.76
2013-01-25,74.01
2013-01-28,75.24
2013-01-29,76.49
2013-01-30,73.75
2013-01-31,74.47
2013-02-01,74.86
2013-02-04,74.38
2013-02-05,74.83
2013-02-06,76.57
2013-02-07,78.01
2013-02-08,78.12
2013-02-11,78.34
2013-02-12,78.03
2013-02-13,79.75
2013-02-14,79.06
2013-02-15,80.44
2013-02-19,80.34
2013-02-20,79.03
2013-02-21,79.58
2013-02-22,80.34
2013-02-25,79.18
2013-02-26,80.29
2013-02-27,80.71
2013-02-28,80.29
2013-03-01,81.26
2013-03-04,83.16
2013-03-05,84.82
2013-03-06,83.92
2013-03-07,84.43
2013-03-08,85.24
2013-03-11,85.33
2013-03-12,84.76
2013-03-13,85.7
2013-03-14,86.73
2013-03-15,86.14
2013-03-18,86.87
2013-03-19,87.91
2013-03-20,88.04
2013-03-21,86.72
2013-03-22,86.46
2013-03-25,85.83
2013-03-26,86.45
2013-03-27,88.3
2013-03-28,88.78
2013-04-01,86.75
2013-04-02,86.32
2013-04-03,83.48
2013-04-04,84.99
2013-04-05,85.61
2013-04-08,86.57
2013-04-09,86.26
2013-04-10,87.82
2013-04-11,88.34
2013-04-12,88.5
2013-04-15,86
2013-04-16,89.13
2013-04-17,89.14
2013-04-18,88.83
2013-04-19,90.53
2013-04-22,92.01
2013-04-23,92.69
2013-04-24,92.23
2013-04-25,90.46
2013-04-26,89.79
2013-04-29,89.98
2013-04-30,89.9
2013-05-01,87.78
2013-05-02,89.18
2013-05-03,90.34
2013-05-06,91.23
2013-05-07,91.42
2013-05-08,92.09
2013-05-09,91.43
2013-05-10,92.42
2013-05-13,91.86
2013-05-14,91.86
2013-05-15,94.12
2013-05-16,94.71
2013-05-17,95.23
2013-05-20,93.42
2013-05-21,92.75
2013-05-22,92.34
2013-05-23,92.62
2013-05-24,93.33
2013-05-28,93.85
2013-05-29,91.88
2013-05-30,92.79
2013-05-31,92.51
2013-06-03,95.4
2013-06-04,96.38
2013-06-05,95.88
2013-06-06,95.94
2013-06-07,99.98
2013-06-10,100.81
2013-06-11,101.21
2013-06-12,100.77
2013-06-13,101.72
2013-06-14,100.95
2013-06-17,102.2
2013-06-18,105.41
2013-06-19,104.92
2013-06-20,102
2013-06-21,102.02
2013-06-24,103.43
2013-06-25,106.58
2013-06-26,104.91
2013-06-27,105.4
2013-06-28,105.99
2013-07-01,107.45
2013-07-02,107.3
2013-07-03,107.47
2013-07-05,106.93
2013-07-08,106.09
2013-07-09,98.48
2013-07-10,98.4
2013-07-11,100.47
2013-07-12,99.12
2013-07-15,102.74
2013-07-16,103.09
2013-07-17,105.79
2013-07-18,106.03
2013-07-19,105.33
2013-07-22,106.9
2013-07-23,94.5
2013-07-24,92.89
2013-07-25,93.77
2013-07-26,95.36
2013-07-29,96.83
2013-07-30,98.28
2013-07-31,97.38
2013-08-01,98
2013-08-02,97.82
2013-08-05,98.39
2013-08-06,98
2013-08-07,97.91
2013-08-08,97.78
2013-08-09,97.87
2013-08-12,97.62
2013-08-13,95.62
2013-08-14,94.42
2013-08-15,95.05
2013-08-16,94.56
2013-08-19,93.81
2013-08-20,95.08
2013-08-21,94.45
2013-08-22,96.22
2013-08-23,95.45
2013-08-26,96.01
2013-08-27,94.53
2013-08-28,93.25
2013-08-29,95.21
2013-08-30,94.51
2013-09-03,93.64
2013-09-04,94.6
2013-09-05,94.7
2013-09-06,93.22
2013-09-09,95.68
2013-09-10,98.84
2013-09-11,98.28
2013-09-12,96.53
2013-09-13,98.4
2013-09-16,98.44
2013-09-17,99.78
2013-09-18,101.5
2013-09-19,102.99
2013-09-20,97.91
2013-09-23,97.23
2013-09-24,100.86
2013-09-25,101.298
2013-09-26,103.19
2013-09-27,106.08
2013-09-30,105.36
2013-10-01,107.12
2013-10-02,103.85
2013-10-03,102.77
2013-10-04,102.6
2013-10-07,101.7
2013-10-08,98.93
2013-10-09,97.26
2013-10-10,98.19
2013-10-11,99.8
2013-10-14,103.27
2013-10-15,101.2
2013-10-16,103.22
2013-10-17,105.23
2013-10-18,106.84
2013-10-21,106.97
2013-10-22,107.43
2013-10-23,106.49
2013-10-24,105.85
2013-10-25,106.52
2013-10-28,106.08
2013-10-29,106.47
2013-10-30,106.17
2013-10-31,104.27
2013-11-01,105.57
2013-11-04,105.57
2013-11-05,107.76
2013-11-06,105.77
2013-11-07,104.84
2013-11-08,106.2
2013-11-11,105.5
2013-11-12,107.79
2013-11-13,107.27
2013-11-14,106.3
2013-11-15,107.6
2013-11-18,105.9
2013-11-19,106.51
2013-11-20,106.14
2013-11-21,107.38
2013-11-22,110.04
2013-11-25,113.61
2013-11-26,112.5
2013-11-27,113.97
2013-11-29,110.7
2013-12-02,110.94
2013-12-03,108.78
2013-12-04,107.33
2013-12-05,107.65
2013-12-06,107.81
2013-12-09,107.85
2013-12-10,107.4
2013-12-11,103.85
2013-12-12,104.8
2013-12-13,105.04
2013-12-16,106.56
2013-12-17,107.8
2013-12-18,107.88
2013-12-19,105.49
2013-12-20,106.46
2013-12-23,106.6
2013-12-24,106.57
2013-12-26,107.75
2013-12-27,104.22
2013-12-30,105.26
2013-12-31,105.44
2014-01-02,105.8
2014-01-03,108.66
2014-01-06,105.76
2014-01-07,105.67
2014-01-08,104.67
2014-01-09,101.72
2014-01-10,103.7
2014-01-13,103.16
2014-01-14,104.21
2014-01-15,103.56
2014-01-16,101.99
2014-01-17,103.13
2014-01-21,104.01
2014-01-22,106.24
2014-01-23,106
2014-01-24,104.57
2014-01-27,101.89
2014-01-28,102.52
2014-01-29,99.6
2014-01-30,91
2014-01-31,91.07
2014-02-03,89.95
2014-02-04,89.69
2014-02-05,88.67
2014-02-06,90.4
2014-02-07,91.8
2014-02-10,91.23
2014-02-11,92.42
2014-02-12,91.98
2014-02-13,93.58
2014-02-14,94.93
2014-02-18,93.06
2014-02-19,92.71
2014-02-20,94.7
2014-02-21,96.38
2014-02-24,96
2014-02-25,101.43
2014-02-26,101.55
2014-02-27,99.51
2014-02-28,99.26
2014-03-03,98.86
2014-03-04,103.2
2014-03-05,101.63
2014-03-06,108.59
2014-03-07,109.29
2014-03-10,108.86
2014-03-11,109.44
2014-03-12,109.5
2014-03-13,107.15
2014-03-14,107.77
2014-03-17,110.19
2014-03-18,110.86
2014-03-19,109.18
2014-03-20,110.4
2014-03-21,108.07
2014-03-24,108.8
2014-03-25,109.53
2014-03-26,107.85
2014-03-27,108.65
2014-03-28,108.48
2014-03-31,111.93
2014-04-01,115.06
2014-04-02,114.59
2014-04-03,114.28
2014-04-04,110.86
2014-04-07,110.29
2014-04-08,115.04
2014-04-09,117.39
2014-04-10,115.26
2014-04-11,113.94
2014-04-14,113.55
2014-04-15,113.43
2014-04-16,116.46
2014-04-17,115.95
2014-04-21,116.19
2014-04-22,118.56
2014-04-23,119.54
2014-04-24,119.38
2014-04-25,116.92
2014-04-28,116.85
2014-04-29,116.21
2014-04-30,117.45
2014-05-01,116.62
2014-05-02,117.37
2014-05-05,116.63
2014-05-06,115.19
2014-05-07,115.61
2014-05-08,115.17
2014-05-09,115.81
2014-05-12,118.49
2014-05-13,117.42
2014-05-14,114.41
2014-05-15,115.23
2014-05-16,115.71
2014-05-19,117.42
2014-05-20,115.08
2014-05-21,115.2
2014-05-22,116.23
2014-05-23,116.91
2014-05-27,117.99
2014-05-28,116.72
2014-05-29,116.17
2014-05-30,115
2014-06-02,119.11
2014-06-03,118.61
2014-06-04,119.6
2014-06-05,120.7
2014-06-06,124.03
2014-06-09,123.49
2014-06-10,123.32
2014-06-11,120.68
2014-06-12,115.02
2014-06-13,116.37
2014-06-16,113.62
2014-06-17,113.96
2014-06-18,115.33
2014-06-19,118.29
2014-06-20,117.38
2014-06-23,116.93
2014-06-24,116.53
2014-06-25,118.33
2014-06-26,118.08
2014-06-27,119.59
2014-06-30,117.77
2014-07-01,120.5
2014-07-02,117.34
2014-07-03,117.64
2014-07-07,116
2014-07-08,118.61
2014-07-09,121.95
2014-07-10,122.43
2014-07-11,121.78
2014-07-14,120.79
2014-07-15,122.36
2014-07-16,120.95
2014-07-17,118.36
2014-07-18,120.8
2014-07-21,121.32
2014-07-22,122.34
2014-07-23,124.85
2014-07-24,115.91
2014-07-25,118.22
2014-07-28,117.98
2014-07-29,118.03
2014-07-30,118.93
2014-07-31,117.76
2014-08-01,118.18
2014-08-04,117.53
2014-08-05,117.33
2014-08-06,119.42
2014-08-07,118
2014-08-08,119.97
2014-08-11,122.07
2014-08-12,121.59
2014-08-13,123.05
2014-08-14,123.79
2014-08-15,123.47
2014-08-18,126.75
2014-08-19,127.05
2014-08-20,127.4
2014-08-21,124.93
2014-08-22,125.86
2014-08-25,126.13
2014-08-26,124.43
2014-08-27,124.2
2014-08-28,123.33
2014-08-29,122.86
2014-09-02,126.88
2014-09-03,126.19
2014-09-04,125.31
2014-09-05,126.04
2014-09-08,126.59
2014-09-09,125.79
2014-09-10,126.76
2014-09-11,126.02
2014-09-12,125.75
2014-09-15,123.99
2014-09-16,123.82
2014-09-17,125.07
2014-09-18,125.72
2014-09-19,124.78
2014-09-22,124.48
2014-09-23,123.75
2014-09-24,125.37
2014-09-25,123.66
2014-09-26,124.18
2014-09-29,123.38
2014-09-30,123.66
2014-10-01,121.01
2014-10-02,120.25
2014-10-03,122.08
2014-10-06,118.91
2014-10-07,116.29
2014-10-08,110.75
2014-10-09,109.51
2014-10-10,109.02
2014-10-13,105.09
2014-10-14,109.18
2014-10-15,111.49
2014-10-16,112.83
2014-10-17,112.02
2014-10-20,117.88
2014-10-21,120.97
2014-10-22,120.31
2014-10-23,121.85
2014-10-24,122.11
2014-10-27,125.61
2014-10-28,129.25
2014-10-29,128.97
2014-10-30,128.74
2014-10-31,133.47
2014-11-03,134.59
2014-11-04,137.31
2014-11-05,135.33
2014-11-06,136.02
2014-11-07,134.65
2014-11-10,137
2014-11-11,135.83
2014-11-12,133.95
2014-11-13,133.32
2014-11-14,131.85
2014-11-17,131.49
2014-11-18,134.91
2014-11-19,133.13
2014-11-20,132.57
2014-11-21,132.54
2014-11-24,134.94
2014-11-25,134.92
2014-11-26,134.61
2014-11-28,140.26
2014-12-01,138.91
2014-12-02,139.73
2014-12-03,140.39
2014-12-04,144.07
2014-12-05,142.55
2014-12-08,143.47
2014-12-09,138.86
2014-12-10,134.38
2014-12-11,136.78
2014-12-12,135.51
2014-12-15,136.84
2014-12-16,138.02
2014-12-17,142.45
2014-12-18,141.9
2014-12-19,139.72
2014-12-22,142.09
2014-12-23,140.74
2014-12-24,144.22
2014-12-26,144.91
2014-12-29,145.67
2014-12-30,147.46
2014-12-31,150.33
2015-01-02,149.86
2015-01-05,148.63
2015-01-06,147.84
2015-01-07,149.98
2015-01-08,155.29
2015-01-09,155.11
2015-01-12,154.36
2015-01-13,158.3
2015-01-14,156.07
2015-01-15,160.74
2015-01-16,163.22
2015-01-20,171.14
2015-01-21,171.15
2015-01-22,173.84
2015-01-23,174.27
2015-01-26,177.33
2015-01-27,182.42
2015-01-28,176.61
2015-01-29,180.69
2015-01-30,181.27
2015-02-02,179.73
2015-02-03,173.83
2015-02-04,179
2015-02-05,177.74
2015-02-06,176.94
2015-02-09,175.31
2015-02-10,179.05
2015-02-11,181.52
2015-02-12,182.49
2015-02-13,178.42
2015-02-17,174.8
2015-02-18,176.72
2015-02-19,180.55
2015-02-20,184.79
2015-02-23,186.28
2015-02-24,188.59
2015-02-25,181.47
2015-02-26,184.55
2015-02-27,183.62
2015-03-02,186.77
2015-03-03,186.49
2015-03-04,184.8
2015-03-05,189.73
2015-03-06,186.15
2015-03-09,191.24
2015-03-10,191.76
2015-03-11,192.13
2015-03-12,195.75
2015-03-13,194.95
2015-03-16,195.91
2015-03-17,197.33
2015-03-18,194
2015-03-19,193.7
2015-03-20,194.67
2015-03-23,196.32
2015-03-24,194.89
2015-03-25,188.7
2015-03-26,188.23
2015-03-27,192.45
2015-03-30,194.97
2015-03-31,192.29
2015-04-01,179.65
2015-04-02,161.9
2015-04-06,166.61
2015-04-07,167.2
2015-04-08,169.45
2015-04-09,168.63
2015-04-10,168.22
2015-04-13,169.11
2015-04-14,168.14
2015-04-15,168.01
2015-04-16,168.44
2015-04-17,167.34
2015-04-20,168.86
2015-04-21,168.95
2015-04-22,167.85
2015-04-23,167.02
2015-04-24,168.12
2015-04-27,164.31
2015-04-28,164.42
2015-04-29,159.59
2015-04-30,153.76
2015-05-01,157.78
2015-05-04,159.92
2015-05-05,156.45
2015-05-06,158.28
2015-05-07,162.08
2015-05-08,164.44
2015-05-11,167.3
2015-05-12,166.01
2015-05-13,164.66
2015-05-14,166.66
2015-05-15,166.35
2015-05-18,166.48
2015-05-19,164.57
2015-05-20,157.32
2015-05-21,159.1
2015-05-22,157.53
2015-05-26,152.63
2015-05-27,154.64
2015-05-28,154.34
2015-05-29,157.47
2015-06-01,161.03
2015-06-02,158.94
2015-06-03,164.05
2015-06-04,165.74
2015-06-05,165.88
2015-06-08,160.29
2015-06-09,159.11
2015-06-10,162.84
2015-06-11,162.32
2015-06-12,165.25
2015-06-15,163.51
2015-06-16,167.5
2015-06-17,168.06
2015-06-18,178.02
2015-06-19,179.43
2015-06-22,179.45
2015-06-23,179.07
2015-06-24,178.49
2015-06-25,180.64
2015-06-26,179.55
2015-06-29,175.99
2015-06-30,177.88
2015-07-01,177.17
2015-07-02,177.15
2015-07-06,181.85
2015-07-07,182.92
2015-07-08,190.44
2015-07-09,188.81
2015-07-10,194.35
2015-07-13,195.6
2015-07-14,193.48
2015-07-15,197.85
2015-07-16,200.98
2015-07-17,202.99
2015-07-20,203.04
2015-07-21,203.73
2015-07-22,205
2015-07-23,205.05
2015-07-24,204.06
2015-07-27,203.42
2015-07-28,207.46
2015-07-29,205.61
2015-07-30,212.09
2015-07-31,212.73
2015-08-03,219.87
2015-08-04,220.07
2015-08-05,228.8
2015-08-06,223.96
2015-08-07,220
2015-08-10,221.99
2015-08-11,226.99
2015-08-12,226.01
2015-08-13,233.37
2015-08-14,232.87
2015-08-17,233.98
2015-08-18,228.84
2015-08-19,226.72
2015-08-20,219.92
2015-08-21,216.09
2015-08-24,209.27
2015-08-25,212.24
2015-08-26,215.93
2015-08-27,209.79
2015-08-28,208.41
2015-08-31,203.26
2015-09-01,195.79
2015-09-02,206.43
2015-09-03,203.87
2015-09-04,203.07
2015-09-08,210.85
2015-09-09,209.86
2015-09-10,208.49
2015-09-11,211.99
2015-09-14,211.87
2015-09-15,213.76
2015-09-16,212.88
2015-09-17,218.74
2015-09-18,218.09
2015-09-21,218.16
2015-09-22,212.12
2015-09-23,215.47
2015-09-24,214.8
2015-09-25,219.34
2015-09-28,213.03
2015-09-29,210.85
2015-09-30,216.25
2015-10-01,217.98
2015-10-02,215.59
2015-10-05,216.06
2015-10-06,208.6
2015-10-07,213.84
2015-10-08,212.66
2015-10-09,217.68
2015-10-12,227.86
2015-10-13,218.93
2015-10-14,214.83
2015-10-15,216.52
2015-10-16,214.75
2015-10-19,219.95
2015-10-20,217.66
2015-10-21,215.97
2015-10-22,201.01
2015-10-23,203.07
2015-10-26,201.64
2015-10-27,204.28
2015-10-28,199.95
2015-10-29,197.77
2015-10-30,197.45
2015-11-02,195.35
2015-11-03,195.56
2015-11-04,195.7
2015-11-05,198.96
2015-11-06,202.9
2015-11-09,196.27
2015-11-10,194.75
2015-11-11,190.18
2015-11-12,184.95
2015-11-13,185.17
2015-11-16,185.62
2015-11-17,186.57
2015-11-18,190.14
2015-11-19,191.59
2015-11-20,197.57
2015-11-23,200.08
2015-11-24,189.83
2015-11-25,190.44
2015-11-27,193.28
2015-11-30,175.13
2015-12-01,178.16
2015-12-02,177.07
2015-12-03,173.07
2015-12-04,177.32
2015-12-07,176.94
2015-12-08,175.4
2015-12-09,171.43
2015-12-10,177.09
2015-12-11,169.98
2015-12-14,173.64
2015-12-15,178.03
2015-12-16,175.1
2015-12-17,172.3
2015-12-18,168.29
2015-12-21,174.92
2015-12-22,172.22
2015-12-23,172.34
2015-12-24,173.24
2015-12-28,173.55
2015-12-29,176.43
2015-12-30,172.36
2015-12-31,167.83
2016-01-04,161.05
2016-01-05,160.92
2016-01-06,158.04
2016-01-07,150.53
2016-01-08,147.66
2016-01-11,159.4
2016-01-12,161.24
2016-01-13,155.59
2016-01-14,161.32
2016-01-15,158.76
2016-01-19,156.19
2016-01-20,163.98
2016-01-21,158.15
2016-01-22,160.51
2016-01-25,158.99
2016-01-26,162.2
2016-01-27,158.5
2016-01-28,152.77
2016-01-29,160.47
2016-02-01,166.65
2016-02-02,160.83
2016-02-03,160.15
2016-02-04,158.43
2016-02-05,148.65
2016-02-08,147.73
2016-02-09,150.34
2016-02-10,151.61
2016-02-11,152.95
2016-02-12,154.53
2016-02-16,155.47
2016-02-17,155.62
2016-02-18,157.45
2016-02-19,158.36
2016-02-22,158.06
2016-02-23,161.19
2016-02-24,164.71
2016-02-25,169.3
2016-02-26,163.02
2016-02-29,163.88
2016-03-01,170.97
2016-03-02,169.83
2016-03-03,172.73
2016-03-04,172
2016-03-07,170.14
2016-03-08,166.84
2016-03-09,167.35
2016-03-10,167.4
2016-03-11,169.97
2016-03-14,168.8
2016-03-15,170.11
2016-03-16,172.42
2016-03-17,169.19
2016-03-18,173.1
2016-03-21,175.01
2016-03-22,174.36
2016-03-23,174.83
2016-03-24,172.85
2016-03-28,176.22
2016-03-29,180.81
2016-03-30,180
2016-03-31,178.06
2016-04-01,175.28
2016-04-04,173.45
2016-04-05,171.81
2016-04-06,170.49
2016-04-07,172.22
2016-04-08,174.12
2016-04-11,174.66
2016-04-12,177.71
2016-04-13,179.68
2016-04-14,181.07
2016-04-15,178.11
2016-04-18,181.75
2016-04-19,178.27
2016-04-20,176.32
2016-04-21,174.29
2016-04-22,168.09
2016-04-25,167.73
2016-04-26,170.36
2016-04-27,168.46
2016-04-28,165.9
2016-04-29,160.57
2016-05-02,159.21
2016-05-03,157.54
2016-05-04,154.195
2016-05-05,153.82
2016-05-06,151.43
2016-05-09,152.28
2016-05-10,152.6
2016-05-11,146.55
2016-05-12,140.42
2016-05-13,142.65
2016-05-16,144.88
2016-05-17,143.4
2016-05-18,142.32
2016-05-19,140.71
2016-05-20,140.03
2016-05-23,138.15
2016-05-24,138.97
2016-05-25,139.12
2016-05-26,136.49
2016-05-27,139.67
2016-05-31,139.02
2016-06-01,142.67
2016-06-02,140.39
2016-06-03,138.61
2016-06-06,140.13
2016-06-07,143.55
2016-06-08,152.92
2016-06-09,150.74
2016-06-10,148.67
2016-06-13,145.85
2016-06-14,148.93
2016-06-15,146.48
2016-06-16,146.13
2016-06-17,143.9
2016-06-20,143.99
2016-06-21,145.07
2016-06-22,143.34
2016-06-23,143.51
2016-06-24,141.5
2016-06-27,138.55
2016-06-28,141.45
2016-06-29,145.51
2016-06-30,151.5
2016-07-01,148.78
2016-07-05,144.52
2016-07-06,145.49
2016-07-07,145.68
2016-07-08,148.18
2016-07-11,146.93
2016-07-12,148.5
2016-07-13,147.16
2016-07-14,149.57
2016-07-15,148.03
2016-07-18,147.26
2016-07-19,144.4
2016-07-20,141.45
2016-07-21,139.98
2016-07-22,142.81
2016-07-25,141.39
2016-07-26,140.6
2016-07-27,134.2
2016-07-28,134.9
2016-07-29,129.77
2016-08-01,128.26
2016-08-02,123.24
2016-08-03,122.82
2016-08-04,124.89
2016-08-05,129.05
2016-08-08,128.28
2016-08-09,125.17
2016-08-10,125.9
2016-08-11,126.67
2016-08-12,126.63
2016-08-15,128.51
2016-08-16,129.62
2016-08-17,130.05
2016-08-18,132.03
2016-08-19,133.53
2016-08-22,131.06
2016-08-23,132.93
2016-08-24,134.37
2016-08-25,136.38
2016-08-26,136.37
2016-08-29,135.57
2016-08-30,137.68
2016-08-31,138.24
2016-09-01,136.41
2016-09-02,136.37
2016-09-06,134.99
2016-09-07,146.01
2016-09-08,146.03
2016-09-09,142.13
2016-09-12,141.82
2016-09-13,138.66
2016-09-14,134.16
2016-09-15,133.23
2016-09-16,130.7
2016-09-19,129.96
2016-09-20,129.73
2016-09-21,130.5
2016-09-22,127.87
2016-09-23,133.7
2016-09-26,130.23
2016-09-27,134.05
2016-09-28,132.72
2016-09-29,130.35
2016-09-30,132.07
2016-10-03,135.67
2016-10-04,140.19
2016-10-05,139.63
2016-10-06,142.36
2016-10-07,144.93
2016-10-10,149.25
2016-10-11,148.81
2016-10-12,149.42
2016-10-13,153.45
2016-10-14,152.98
2016-10-17,153.1
2016-10-18,154.45
2016-10-19,157.2
2016-10-20,155.75
2016-10-21,155.55
2016-10-24,154.95
2016-10-25,153.9
2016-10-26,153.95
2016-10-27,133.95
2016-10-28,136.1
2016-10-31,137.9
2016-11-01,135.55
2016-11-02,134.9
2016-11-03,135.15
2016-11-04,136.35
2016-11-07,140.2
2016-11-08,143.1
2016-11-09,147.6
2016-11-10,152.95
2016-11-11,156.65
2016-11-14,161.25
2016-11-15,158.45
2016-11-16,157.9
2016-11-17,160.8
2016-11-18,165.2
2016-11-21,163.75
2016-11-22,166.05
2016-11-23,169.3
2016-11-25,168.75
2016-11-28,167
2016-11-29,166.3
2016-11-30,163.4
2016-12-01,160.6
2016-12-02,161.35
2016-12-05,158.25
2016-12-06,162.35
2016-12-07,168.1
2016-12-08,171.05
2016-12-09,172.55
2016-12-12,166.4
2016-12-13,165.9
2016-12-14,165.75
2016-12-15,167
2016-12-16,167.8
2016-12-19,167
2016-12-20,169.85
2016-12-21,169.55
2016-12-22,166.05
2016-12-23,168.65
2016-12-27,169.75
2016-12-28,165.4
2016-12-29,166.2
2016-12-30,166.4
2017-01-03,166.1
2017-01-04,169.85
2017-01-05,168.8
2017-01-06,166.35
2017-01-09,168.5
2017-01-10,178.05
2017-01-11,180.4
2017-01-12,176.9
2017-01-13,177.75
2017-01-17,175.9
2017-01-18,178.55
2017-01-19,176.55
2017-01-20,177.5
2017-01-23,176.25
2017-01-24,174.35
2017-01-25,173.65
2017-01-26,176.4
2017-01-27,172.6
2017-01-30,172.9
2017-01-31,172
2017-02-01,172.4
2017-02-02,163
2017-02-03,162.1
2017-02-06,163.25
2017-02-07,164.7
2017-02-08,165.65
2017-02-09,169.15
2017-02-10,171.3
2017-02-13,174.65
2017-02-14,174.85
2017-02-15,174.85
2017-02-16,173.6
2017-02-17,171.4
2017-02-21,173.9
2017-02-22,172.95
2017-02-23,172.1
2017-02-24,173.55
2017-02-27,173.3
2017-02-28,174.1
2017-03-01,176.3
2017-03-02,170.4
2017-03-03,172.5
2017-03-06,168.75
2017-03-07,161.25
2017-03-08,160.55
2017-03-09,158.95
2017-03-10,160.4
2017-03-13,158.55
2017-03-14,154.3
2017-03-15,159.5
2017-03-16,156.95
2017-03-17,160
2017-03-20,159.85
2017-03-21,157.05
2017-03-22,158.65
2017-03-23,161.05
2017-03-24,162.5
2017-03-27,160.5
2017-03-28,161.25
2017-03-29,160.05
2017-03-30,161.35
2017-03-31,160.25
2017-04-03,159.95
2017-04-04,157.6
2017-04-05,157.85
2017-04-06,157.6
2017-04-07,155.35
2017-04-10,158.05
2017-04-11,154.65
2017-04-12,155.05
2017-04-13,152.05
2017-04-17,154.15
2017-04-18,157.25
2017-04-19,159.75
2017-04-20,160.85
2017-04-21,162.15
2017-04-24,165.05
2017-04-25,163.85
2017-04-26,149.65
2017-04-27,146.15
2017-04-28,145.4
2017-05-01,144.6
2017-05-02,146.3
2017-05-03,149.5
2017-05-04,146.9
2017-05-05,147.45
2017-05-08,146
2017-05-09,146.15
2017-05-10,146.75
2017-05-11,144.475
2017-05-12,144
2017-05-15,145.05
2017-05-16,143.9
2017-05-17,139.95
2017-05-18,140.55
2017-05-19,142.65
2017-05-22,142.2
2017-05-23,143.4
2017-05-24,144.25
2017-05-25,146.55
2017-05-26,145.95
2017-05-30,136.75
2017-05-31,137
2017-06-01,137.05
2017-06-02,139.4
2017-06-05,139.25
2017-06-06,138.2
2017-06-07,138.8
2017-06-08,137.45
2017-06-09,140.1
2017-06-12,142.9
2017-06-13,142.7
2017-06-14,145.1
2017-06-15,143.15
2017-06-16,143.3
2017-06-19,146.55
2017-06-20,142.4
2017-06-21,142.65
2017-06-22,142.6
2017-06-23,141.75
2017-06-26,138.45
2017-06-27,138.05
2017-06-28,137.1
2017-06-29,136.1
2017-06-30,135.6
2017-07-03,139.15
2017-07-05,139.85
2017-07-06,137.25
2017-07-07,137.6
2017-07-10,137.15
2017-07-11,140.1
2017-07-12,144.45
2017-07-13,142.05
2017-07-14,141.6
2017-07-17,143.2
2017-07-18,143.85
2017-07-19,144
2017-07-20,144.3
2017-07-21,144.8
2017-07-24,144.75
2017-07-25,144.45
2017-07-26,143.2
2017-07-27,131.85
2017-07-28,129.95
2017-07-31,129.25
2017-08-01,130.25
2017-08-02,127.6
2017-08-03,128.5
2017-08-04,131.45
2017-08-07,130.55
2017-08-08,130.05
2017-08-09,125.75
2017-08-10,122.3
2017-08-11,120.55
2017-08-14,124.2
2017-08-15,124.35
2017-08-16,123.4
2017-08-17,119.45
2017-08-18,118.8
2017-08-21,119.65
2017-08-22,118.3
2017-08-23,115.85
2017-08-24,115.15
2017-08-25,119.15
2017-08-28,118.1
2017-08-29,121.3
2017-08-30,118.5
2017-08-31,118
2017-09-01,117.95
2017-09-05,117.2
2017-09-06,116.5
2017-09-07,115.15
2017-09-08,115.35
2017-09-11,117.35
2017-09-12,118.65
2017-09-13,121.5
2017-09-14,123.1
2017-09-15,123.6
2017-09-18,122.65
2017-09-19,123
2017-09-20,128.6
2017-09-21,128.6
2017-09-22,130.1
2017-09-25,133.95
2017-09-26,133.85
2017-09-27,136.3
2017-09-28,133.65
2017-09-29,131.7
2017-10-02,130.05
2017-10-03,133.2
2017-10-04,131.7
2017-10-05,131.3
2017-10-06,131.95
2017-10-09,133.05
2017-10-10,133.55
2017-10-11,138.15
2017-10-12,141.1
2017-10-13,140.35
2017-10-16,139.9
2017-10-17,141.5
2017-10-18,142.75
2017-10-19,138.65
2017-10-20,140.3
2017-10-23,138.9
2017-10-24,141.05
2017-10-25,139.85
2017-10-26,141.35
2017-10-27,139.3
2017-10-30,138.4
2017-10-31,136.4
2017-11-01,136.35
2017-11-02,133.65
2017-11-03,132.25
2017-11-06,132.6
2017-11-07,127.65
2017-11-08,127.25
2017-11-09,126.85
2017-11-10,127.7
2017-11-13,127.1
2017-11-14,129.55
2017-11-15,132.5
2017-11-16,137.55
2017-11-17,137.65
2017-11-20,137.55
2017-11-21,138.4
2017-11-22,137.05
2017-11-24,137.9
2017-11-27,138.65
2017-11-28,142.5
2017-11-29,152.25
2017-11-30,152
2017-12-01,147.5
2017-12-04,151.8
2017-12-05,149.95
2017-12-06,147.3
2017-12-07,148
2017-12-08,148.6
2017-12-11,146.25
2017-12-12,146.5
2017-12-13,147.15
2017-12-14,147
2017-12-15,149.8
2017-12-18,153.35
2017-12-19,153.15
2017-12-20,152.75
2017-12-21,160.4
2017-12-22,160.9
2017-12-26,159.25
2017-12-27,157.95
2017-12-28,155.5
2017-12-29,154.75
2018-01-02,154.05
2018-01-03,155
2018-01-04,150.85
2018-01-05,149.9
2018-01-08,148
2018-01-09,150.85
2018-01-10,154.85
2018-01-11,163.15
2018-01-12,165.5
2018-01-16,168.95
2018-01-17,166.6
2018-01-18,166.95
2018-01-19,168.3
2018-01-22,167.7
2018-01-23,167.65
2018-01-24,161.45
2018-01-25,156.2
2018-01-26,160
2018-01-29,161.1
2018-01-30,159.4
2018-01-31,159.25
2018-02-01,166.8
2018-02-02,164
2018-02-05,158.5
2018-02-06,159.9
2018-02-07,162.6
2018-02-08,157.4
2018-02-09,159.55
2018-02-12,163.55
2018-02-13,164.25
2018-02-14,164.75
2018-02-15,167.5
2018-02-16,167
2018-02-20,165.25
2018-02-21,168.25
2018-02-22,166.85
2018-02-23,169.15
2018-02-26,171.2
2018-02-27,168
2018-02-28,166.3
2018-03-01,163.7
2018-03-02,164.35
2018-03-05,162.9
2018-03-06,165.95
2018-03-07,171.3
2018-03-08,174
2018-03-09,174.3
2018-03-12,177.5
2018-03-13,179.6
2018-03-14,174.95
2018-03-15,172.75
2018-03-16,178
2018-03-19,176.1
2018-03-20,176.05
2018-03-21,174.35
2018-03-22,167.6
2018-03-23,166.7
2018-03-26,171.25
2018-03-27,168
2018-03-28,169.5
2018-03-29,172.55
2018-04-02,170.25
2018-04-03,173.85
2018-04-04,173.85
2018-04-05,176.25
2018-04-06,172.5
2018-04-09,168.15
2018-04-10,165.8
2018-04-11,163.85
2018-04-12,165.25
2018-04-13,151.05
2018-04-16,146.4
2018-04-17,142
2018-04-18,142.8
2018-04-19,143.45
2018-04-20,144.3
2018-04-23,143.35
2018-04-24,143.6
2018-04-25,143.3
2018-04-26,157.25
2018-04-27,160.6
2018-04-30,160.25
2018-05-01,162.9
2018-05-02,160.15
2018-05-03,157.6
2018-05-04,159.95
2018-05-07,159.6
2018-05-08,162.4
2018-05-09,159.1
2018-05-10,161.1
2018-05-11,162.6
2018-05-14,159.7
2018-05-15,158.2
2018-05-16,161
2018-05-17,160.75
2018-05-18,161.6
2018-05-21,159.1
2018-05-22,153.95
2018-05-23,150.5
2018-05-24,151.8
2018-05-25,155.85
2018-05-29,153.95
2018-05-30,154.3
2018-05-31,151.35
2018-06-01,151.1
2018-06-04,154.4
2018-06-05,150.95
2018-06-06,150.1
2018-06-07,150
2018-06-08,149.45
2018-06-11,152.3
2018-06-12,151.65
2018-06-13,149.3
2018-06-14,149.55
2018-06-15,149.45
2018-06-18,149.4
2018-06-19,146.85
2018-06-20,146.4
2018-06-21,146.15
2018-06-22,144.15
2018-06-25,141.85
2018-06-26,139.35
2018-06-27,137.5
2018-06-28,138.85
2018-06-29,138.95
2018-07-02,140.45
2018-07-03,139.45
2018-07-05,142.15
2018-07-06,144.05
2018-07-09,140.8
2018-07-10,142.85
2018-07-11,139.1
2018-07-12,139.05
2018-07-13,143.2
2018-07-16,138.75
2018-07-17,139
2018-07-18,143.05
2018-07-19,143.8
2018-07-20,144.2
2018-07-23,144.75
2018-07-24,139.6
2018-07-25,139.3
2018-07-26,118.05
2018-07-27,124.85
2018-07-30,124.55
2018-07-31,123.6
2018-08-01,121.95
2018-08-02,121.4
2018-08-03,125.1
2018-08-06,126.75
2018-08-07,128.25
2018-08-08,128.95
2018-08-09,130.35
2018-08-10,130.8
2018-08-13,132.25
2018-08-14,134.8
2018-08-15,136
2018-08-16,135.7
2018-08-17,135.7
2018-08-20,136.75
2018-08-21,136.6
2018-08-22,135.05
2018-08-23,136.2
2018-08-24,135.4
2018-08-27,136.45
2018-08-28,136.65
2018-08-29,134.85
2018-08-30,135.15
2018-08-31,136.25
2018-09-04,134.95
2018-09-05,133.8
2018-09-06,133.1
2018-09-07,132.55
2018-09-10,132.55
2018-09-11,126.7
2018-09-12,124.3
2018-09-13,123.45
2018-09-14,122.75
2018-09-17,128.5
2018-09-18,130.6
2018-09-19,127.8
2018-09-20,127.05
2018-09-21,129.05
2018-09-24,126.8
2018-09-25,128.15
2018-09-26,128.3
2018-09-27,128.45
2018-09-28,126.8
2018-10-01,125.88
2018-10-02,122.12
2018-10-03,123.06
2018-10-04,121.79
2018-10-05,120.12
2018-10-08,119.38
2018-10-09,119
2018-10-10,114.6
2018-10-11,117.84
2018-10-12,119.73
2018-10-15,122
2018-10-16,122.68
2018-10-17,123.47
2018-10-18,119.11
2018-10-19,119.96
2018-10-22,121.08
2018-10-23,121.31
2018-10-24,115.44
2018-10-25,111.16
2018-10-26,107.33
2018-10-29,115.32
2018-10-30,118.69
2018-10-31,114.14
2018-11-01,120.62
2018-11-02,122.9
2018-11-05,120
2018-11-06,119.2
2018-11-07,120.2
2018-11-08,120.14
2018-11-09,121.98
2018-11-12,121.89
2018-11-13,121.87
2018-11-14,121.41
2018-11-15,121.43
2018-11-16,120.12
2018-11-19,118.95
2018-11-20,117.49
2018-11-21,121.03
2018-11-23,123.41
2018-11-26,124.24
2018-11-27,123.9
2018-11-28,125.63
2018-11-29,126.08
2018-11-30,134.41
2018-12-03,133.68
2018-12-04,126.51
2018-12-06,135.13
2018-12-07,126.32
2018-12-10,125.33
2018-12-11,125.12
2018-12-12,125.65
2018-12-13,120.84
2018-12-14,118.44
2018-12-17,116.71
2018-12-18,118.55
2018-12-19,115.13
2018-12-20,111.82
2018-12-21,105.86
2018-12-24,104.47
2018-12-26,104.11
2018-12-27,101.73
2018-12-28,100.45
2018-12-31,100.22
2019-01-02,103.89
2019-01-03,101.43
2019-01-04,108.09
2019-01-07,109.35
2019-01-08,111.23
2019-01-09,116.71
2019-01-10,120.26
2019-01-11,121.33
2019-01-14,120.49
2019-01-15,119.44
2019-01-16,119.6
2019-01-17,122.01
2019-01-18,122.69
2019-01-22,119.51
2019-01-23,119.04
2019-01-24,121.45
2019-01-25,121.78
2019-01-28,124.05
2019-01-29,125
2019-01-30,125.74
2019-01-31,130
2019-02-01,135.85
2019-02-04,139.03
2019-02-05,135.78
2019-02-06,135.09
2019-02-07,136.12
2019-02-08,135.76
2019-02-11,137.21
2019-02-12,135.93
2019-02-13,138.15
2019-02-14,139.74
2019-02-15,139.21
2019-02-19,141.39
2019-02-20,136.43
2019-02-21,137.02
2019-02-22,140.78
2019-02-25,140.91
2019-02-26,141.26
2019-02-27,132.69
2019-02-28,132.1
2019-03-01,131.27
2019-03-04,130.22
2019-03-05,129.93
2019-03-06,129.62
2019-03-07,127.01
2019-03-08,126.82
2019-03-11,128.23
2019-03-12,126.72
2019-03-13,127.69
2019-03-14,127.36
2019-03-15,125.89
2019-03-18,126.11
2019-03-19,126.25
2019-03-20,125.65
2019-03-21,127.07
2019-03-22,122.15
2019-03-25,121.97
2019-03-26,124.01
2019-03-27,126.38
2019-03-28,126.78
2019-03-29,129.47
2019-04-01,129.89
2019-04-02,133.28
2019-04-03,134.3
2019-04-04,135.95
2019-04-05,136.99
2019-04-08,137.92
2019-04-09,133.87
2019-04-10,136.75
2019-04-11,136.39
2019-04-12,134.17
2019-04-15,132.93
2019-04-16,134.51
2019-04-17,133.65
2019-04-18,131.15
2019-04-22,130.35
2019-04-23,132.13
2019-04-24,133.13
2019-04-25,139.98
2019-04-26,140.97
2019-04-29,144.18
2019-04-30,146.88
2019-05-01,145.56
2019-05-02,146.53
2019-05-03,147.26
2019-05-06,147.09
2019-05-07,144.67
2019-05-08,142.13
2019-05-09,142.36
2019-05-10,143.28
2019-05-13,140.16
2019-05-14,144.5
2019-05-15,144.51
2019-05-16,144.26
2019-05-17,143.55
2019-05-20,141.96
2019-05-21,146.28
2019-05-22,143
2019-05-23,142.71
2019-05-24,141.96
2019-05-28,142.54
2019-05-29,142.96
2019-05-30,142.42
2019-05-31,140.11
2019-06-03,139.04
2019-06-04,142.93
2019-06-05,144.1
2019-06-06,142.36
2019-06-07,142.35
2019-06-10,142.39
2019-06-11,142.66
2019-06-12,143.89
2019-06-13,145.97
2019-06-14,141.99
2019-06-17,141.6
2019-06-18,142.39
2019-06-19,142.69
2019-06-20,139.51
2019-06-21,135.11
2019-06-24,134.83
2019-06-25,134.51
2019-06-26,137.4
2019-06-27,140.29
2019-06-28,143.5
2019-07-01,143.08
2019-07-02,141.43
2019-07-03,143.18
2019-07-05,144.73
2019-07-08,146.3
2019-07-09,144.1
2019-07-10,145.6
2019-07-11,144.5
2019-07-12,148.67
2019-07-15,148.23
2019-07-16,148.55
2019-07-17,147.85
2019-07-18,147.34
2019-07-19,143.89
2019-07-22,145.36
2019-07-23,147.66
2019-07-24,148.77
2019-07-25,152.01
2019-07-26,152.63
2019-07-29,152.16
2019-07-30,151.26
2019-07-31,149.85
2019-08-01,148.13
2019-08-02,147.65
2019-08-05,145.71
2019-08-06,146.8
2019-08-07,147.06
2019-08-08,148.74
2019-08-09,146.15
2019-08-12,144.1
2019-08-13,142.65
2019-08-14,142
2019-08-15,140.89
2019-08-16,142.81
2019-08-19,142.04
2019-08-20,141.48
2019-08-21,143.31
2019-08-22,142.12
2019-08-23,140.7
2019-08-26,140.42
2019-08-27,138.82
2019-08-28,139.74
2019-08-29,141.5
2019-08-30,141.99
2019-09-03,141.56
2019-09-04,143.27
2019-09-05,147.43
2019-09-06,147.45
2019-09-09,148.95
2019-09-10,147.2
2019-09-11,151.21
2019-09-12,151.73
2019-09-13,150.88
2019-09-16,150.68
2019-09-17,151.52
2019-09-18,152.22
2019-09-19,151.43
2019-09-20,150.28
2019-09-23,150.09
2019-09-24,149.38
2019-09-25,148.5
2019-09-26,149.48
2019-09-27,149.02
2019-09-30,149.66
2019-10-01,150.03
2019-10-02,149.21
2019-10-03,146.8
2019-10-04,147.61
2019-10-07,148.72
2019-10-08,147.78
2019-10-09,148.58
2019-10-10,149.33
2019-10-11,150.02
2019-10-14,149.92
2019-10-15,151.35
2019-10-16,151.11
2019-10-17,152.42
2019-10-18,152
2019-10-21,152.95
2019-10-22,153.03
2019-10-23,152.71
2019-10-24,154.38
2019-10-25,166.18
2019-10-28,170.75
2019-10-29,167.72
2019-10-30,167.58
2019-10-31,167.33
2019-11-01,167.77
2019-11-04,167.88
2019-11-05,167.17
2019-11-06,168.16
2019-11-07,168.12
2019-11-08,168.32
2019-11-11,170.05
2019-11-12,168.21
2019-11-13,172.08
2019-11-14,170.08
2019-11-15,170.3
2019-11-18,170.06
2019-11-19,171.21
2019-11-20,168.89
2019-11-21,167.29
2019-11-22,169.22
2019-11-25,169.42
2019-11-26,169.65
2019-11-27,172.15
2019-11-29,169.73
2019-12-02,169.52
2019-12-03,168.82
2019-12-04,168.52
2019-12-05,169.54
2019-12-06,171.19
2019-12-09,171.78
2019-12-10,172.19
2019-12-11,171.36
2019-12-12,171.71
2019-12-13,174.13
2019-12-16,175.15
2019-12-17,178.26
2019-12-18,176.18
2019-12-19,178.31
2019-12-20,179.47
2019-12-23,180.06
2019-12-24,180.15
2019-12-26,178.93
2019-12-27,177.37
2019-12-30,175.32
2019-12-31,174.04
2020-01-02,176.05
2020-01-03,173.53
2020-01-06,171
2020-01-07,171.1
2020-01-08,173.74
2020-01-09,175.14
2020-01-10,174.67
2020-01-13,174.7
2020-01-14,174.1
2020-01-15,176.03
2020-01-16,177.6
2020-01-17,177.79
2020-01-21,170.06
2020-01-22,170.55
2020-01-23,174.8
2020-01-24,173
2020-01-27,166.69
2020-01-28,170.76
2020-01-29,163.16
2020-01-30,169.73
2020-01-31,168.04
2020-02-03,165.74
2020-02-04,171.01
2020-02-05,171.74
2020-02-06,167.78
2020-02-07,162.58
2020-02-10,159.9
2020-02-11,164.02
2020-02-12,166.38
2020-02-13,167.1
2020-02-14,165.45
2020-02-18,165.53
2020-02-19,164.87
2020-02-20,163.63
2020-02-21,162.86
2020-02-24,154.72
2020-02-25,148.07
2020-02-26,144.73
2020-02-27,130.96
2020-02-28,135.54
2020-03-02,137.43
2020-03-03,131.93
2020-03-04,136.28
2020-03-05,123.5
2020-03-06,121.76
2020-03-09,118.4
2020-03-10,127
2020-03-11,119.97
2020-03-12,102.55
2020-03-13,113.31
2020-03-16,88.02
2020-03-17,103.53
2020-03-18,74.2
2020-03-19,72.5
2020-03-20,68.82
2020-03-23,71.71
2020-03-24,92.68
2020-03-25,92.54
2020-03-26,97.21
2020-03-27,90.91
2020-03-30,84.99
2020-03-31,81.8
2020-04-01,71.29
2020-04-02,69.5
2020-04-03,69.35
2020-04-06,74.86
2020-04-07,81.63
2020-04-08,79.22
2020-04-09,83.33
2020-04-13,75.88
2020-04-14,79.08
2020-04-15,77.72
2020-04-16,72.55
2020-04-17,74.99
2020-04-20,71.99
2020-04-21,72.72
2020-04-22,71.08
2020-04-23,70.04
2020-04-24,69.58
2020-04-27,69.57
2020-04-28,76.97
2020-04-29,83.16
2020-04-30,78.48
2020-05-01,73.83
2020-05-04,70.04
2020-05-05,68.96
2020-05-06,66.29
2020-05-07,66.23
2020-05-08,75.41
2020-05-11,73.8
2020-05-12,73.2
2020-05-13,77.65
2020-05-14,74.39
2020-05-15,75.51
2020-05-18,85.55
2020-05-19,82.9
2020-05-20,86.59
2020-05-21,89.64
2020-05-22,87.5
2020-05-26,101.29
2020-05-27,109.56
2020-05-28,105.94
2020-05-29,106.55
2020-06-01,108.96
2020-06-02,112.65
2020-06-03,121.66
2020-06-04,125.84
2020-06-05,124.1
2020-06-08,133.75
2020-06-09,129.97
2020-06-10,121.93
2020-06-11,106.97
2020-06-12,112.99
2020-06-15,114.24
2020-06-16,115.34
2020-06-17,113.97
2020-06-18,114.02
2020-06-19,109.34
2020-06-22,110.3
2020-06-23,114.5
2020-06-24,107.89
2020-06-25,106.95
2020-06-26,106.7
2020-06-29,111.63
2020-06-30,109.21
2020-07-01,108.29
2020-07-02,109.22
2020-07-06,111.32
2020-07-07,106.81
2020-07-08,110.21
2020-07-09,101.74
2020-07-10,110.29
2020-07-13,109.89
2020-07-14,111.89
2020-07-15,118.81
2020-07-16,115.77
2020-07-17,113.34
2020-07-20,110.25
2020-07-21,113.16
2020-07-22,113.17
2020-07-23,113.76
2020-07-24,113.58
2020-07-27,113.47
2020-07-28,115.01
2020-07-29,114.79
2020-07-30,111.49
2020-07-31,112.03
2020-08-03,111.37
2020-08-04,113.84
2020-08-05,115.28
2020-08-06,118.01
2020-08-07,118.16
2020-08-10,119.23
2020-08-11,121.95
2020-08-12,119.89
2020-08-13,118.06
2020-08-14,118.4
2020-08-17,116.38
2020-08-18,117.08
2020-08-19,116.82
2020-08-20,116.96
2020-08-21,115.63
2020-08-24,124.2
2020-08-25,123.61
2020-08-26,122.7
2020-08-27,131.55
2020-08-28,132.99
2020-08-31,128.6
2020-09-01,128.55
2020-09-02,132.56
2020-09-03,131.64
2020-09-04,133.65
2020-09-08,134.54
2020-09-09,133.84
2020-09-10,134.32
2020-09-11,133.08
2020-09-14,136.42
2020-09-15,138.47
2020-09-16,142.21
2020-09-17,138.51
2020-09-18,134.5
2020-09-21,126.34
2020-09-22,126.88
2020-09-23,125.48
2020-09-24,121.5
2020-09-25,123.76
2020-09-28,127.11
2020-09-29,121.09
2020-09-30,119.8
2020-10-01,118.18
2020-10-02,119.65
2020-10-05,117.66
2020-10-06,112.73
2020-10-07,116.33
2020-10-08,121.78
2020-10-09,124.41
2020-10-12,127.95
2020-10-13,127.58
2020-10-14,128.97
2020-10-15,130.29
2020-10-16,130.09
2020-10-19,132.56
2020-10-20,134.42
2020-10-21,132.48
2020-10-22,141.04
2020-10-23,142.28
2020-10-26,136.01
2020-10-27,132.29
2020-10-28,123.9
2020-10-29,137.57
2020-10-30,134.76
2020-11-02,131.38
2020-11-03,133.67
2020-11-04,132.5
2020-11-05,138.94
2020-11-06,137.97
2020-11-09,153.15
2020-11-10,153.94
2020-11-11,150.7
2020-11-12,145.86
2020-11-13,154.72
2020-11-16,162.11
2020-11-17,159.52
2020-11-18,156.82
2020-11-19,158.32
2020-11-20,154.94
2020-11-23,165.08
2020-11-24,171.25
2020-11-25,172.37
2020-11-27,177.69
2020-11-30,170.19
2020-12-01,172.59
2020-12-02,174.13
2020-12-03,180.67
2020-12-04,180.63
2020-12-07,179.05
2020-12-08,180.32
2020-12-09,177.95
2020-12-10,177.8
2020-12-11,174.71
2020-12-14,172.43
2020-12-15,174.17
2020-12-16,174.37
2020-12-17,176
2020-12-18,175.12
2020-12-21,174.22
2020-12-22,175.16
2020-12-23,179.39
2020-12-24,179.23
2020-12-28,180.91
2020-12-29,181.2
2020-12-30,185.99
2020-12-31,189.24
2021-01-04,174.74
2021-01-05,179.76
2021-01-06,188.52
2021-01-07,190.53
2021-01-08,186.92
2021-01-11,185.69
2021-01-12,187.4
2021-01-13,187.68
2021-01-14,196.11
2021-01-15,185.9
2021-01-19,185.15
2021-01-20,191.31
2021-01-21,190.25
2021-01-22,191.42
2021-01-25,188.64
2021-01-26,187.98
2021-01-27,179
2021-01-28,187.82
2021-01-29,181.49
2021-02-01,183.92
2021-02-02,187.7
2021-02-03,193.36
2021-02-04,219.38
2021-02-05,213.49
2021-02-08,212.31
2021-02-09,211.5
2021-02-10,216.29
2021-02-11,215.43
2021-02-12,214.76
2021-02-16,215.45
2021-02-17,223.68
2021-02-18,229.48
2021-02-19,242.76
2021-02-22,247.44
2021-02-23,244.6
2021-02-24,256.97
2021-02-25,248.71
2021-02-26,252.19
2021-03-01,252.19
2021-03-02,252.19
2021-03-03,250.56
2021-03-04,244.03
2021-03-05,244.07
2021-03-08,258.17
2021-03-09,258.21
2021-03-10,250.98
2021-03-11,251.13
2021-03-12,253.71
2021-03-15,268.81
2021-03-16,256.97
2021-03-17,262.63
2021-03-18,255.685
2021-03-19,257.74
2021-03-22,247.96
2021-03-23,241.49
2021-03-24,234.7
2021-03-25,247.01
2021-03-26,250.47
2021-03-29,241.2
2021-03-30,247.58
2021-03-31,244.06
2021-04-01,244.75
2021-04-05,250.11
2021-04-06,251.93
2021-04-07,250.53
2021-04-08,251.01
2021-04-09,252.82
2021-04-12,249.3
2021-04-13,248.31
2021-04-14,248.75
2021-04-15,249.25
2021-04-16,244.08
2021-04-19,243.41
2021-04-20,231.47
2021-04-21,239.45
2021-04-22,232.73
2021-04-23,240.81
2021-04-26,240.59
2021-04-27,239.39
2021-04-28,235.07
2021-04-29,235.53
2021-04-30,235.73
2021-05-03,235.67
2021-05-04,230.36
2021-05-05,234
2021-05-06,221
2021-05-07,224.74
2021-05-10,219.49
2021-05-11,224.13
2021-05-12,214.21
2021-05-13,222.83
2021-05-14,229.2
2021-05-17,229.33
2021-05-18,222.42
2021-05-19,221.12
2021-05-20,218.83
2021-05-21,216.72
2021-05-24,221.69
2021-05-25,219.91
2021-05-26,224.96
2021-05-27,225.22
2021-05-28,221.46
2021-06-01,228.22
2021-06-02,221.65
2021-06-03,216.02
2021-06-04,217.15
2021-06-07,215.92
2021-06-08,218.19
2021-06-09,214.54
2021-06-10,206.87
2021-06-11,211.03
2021-06-14,207.3
2021-06-15,202.5
2021-06-16,202.52
2021-06-17,200.61
2021-06-18,194.85
2021-06-21,202.98
2021-06-22,199.65
2021-06-23,198.06
2021-06-24,197.54
2021-06-25,190.27
2021-06-28,191.15
2021-06-29,190.5
2021-06-30,194
2021-07-01,197.53
2021-07-02,195.13
2021-07-06,191.28
2021-07-07,189.33
2021-07-08,188.7
2021-07-09,192.53
2021-07-12,193.24
2021-07-13,189.25
2021-07-14,186.43
2021-07-15,188.02
2021-07-16,182.26
2021-07-19,174.94
2021-07-20,188.45
2021-07-21,196.36
2021-07-22,190.9
2021-07-23,189.51
2021-07-26,194.1
2021-07-27,192.35
2021-07-28,191.91
2021-07-29,196.23
2021-07-30,190.12