,ALK US Equity
2001-01-02,7.3906
2001-01-03,7.9844
2001-01-04,8.5
2001-01-05,8.4531
2001-01-08,8.4688
2001-01-09,7.7344
2001-01-10,7.7188
2001-01-11,7.5469
2001-01-12,7.4688
2001-01-16,7.5
2001-01-17,7.375
2001-01-18,7.4531
2001-01-19,7.5
2001-01-22,7.5781
2001-01-23,8.0469
2001-01-24,7.625
2001-01-25,7.8906
2001-01-26,7.5938
2001-01-29,7.8
2001-01-30,7.95
2001-01-31,8.085
2001-02-01,7.995
2001-02-02,8.075
2001-02-05,8.22
2001-02-06,8.3275
2001-02-07,8.29
2001-02-08,8.12
2001-02-09,7.965
2001-02-12,7.975
2001-02-13,7.9625
2001-02-14,7.9325
2001-02-15,7.8
2001-02-16,7.615
2001-02-20,7.25
2001-02-21,7.28
2001-02-22,7.2125
2001-02-23,7.125
2001-02-26,7.3975
2001-02-27,7.255
2001-02-28,7.145
2001-03-01,6.825
2001-03-02,7.06
2001-03-05,6.965
2001-03-06,7.025
2001-03-07,7.06
2001-03-08,7.2125
2001-03-09,7.1125
2001-03-12,7
2001-03-13,7.095
2001-03-14,6.9375
2001-03-15,6.9
2001-03-16,6.6725
2001-03-19,6.4375
2001-03-20,6.49
2001-03-21,6.37
2001-03-22,6.2625
2001-03-23,6.3875
2001-03-26,6.575
2001-03-27,6.5375
2001-03-28,6.455
2001-03-29,6.3625
2001-03-30,6.425
2001-04-02,6.3125
2001-04-03,6.2775
2001-04-04,6.3725
2001-04-05,6.4875
2001-04-06,6.275
2001-04-09,6.255
2001-04-10,6.5525
2001-04-11,6.525
2001-04-12,6.5125
2001-04-16,6.53
2001-04-17,6.6375
2001-04-18,6.775
2001-04-19,6.9975
2001-04-20,6.8425
2001-04-23,6.75
2001-04-24,6.705
2001-04-25,6.7475
2001-04-26,6.875
2001-04-27,7.0725
2001-04-30,7.0375
2001-05-01,6.985
2001-05-02,7.0475
2001-05-03,7.1
2001-05-04,7.155
2001-05-07,7.25
2001-05-08,7.175
2001-05-09,7.1625
2001-05-10,7.1925
2001-05-11,7.1175
2001-05-14,7.1425
2001-05-15,6.8725
2001-05-16,6.985
2001-05-17,7.175
2001-05-18,7.15
2001-05-21,7.1975
2001-05-22,7.3675
2001-05-23,7.22
2001-05-24,7.15
2001-05-25,7.1925
2001-05-29,7.225
2001-05-30,7.1075
2001-05-31,7.1825
2001-06-01,7.005
2001-06-04,7.0225
2001-06-05,7.065
2001-06-06,7.005
2001-06-07,6.9875
2001-06-08,6.995
2001-06-11,6.9725
2001-06-12,6.825
2001-06-13,6.9275
2001-06-14,6.8725
2001-06-15,6.705
2001-06-18,6.79
2001-06-19,6.665
2001-06-20,6.54
2001-06-21,6.575
2001-06-22,6.61
2001-06-25,6.4575
2001-06-26,6.565
2001-06-27,6.865
2001-06-28,6.955
2001-06-29,7.225
2001-07-02,7.2
2001-07-03,7.17
2001-07-05,7.1625
2001-07-06,7.05
2001-07-09,7.15
2001-07-10,7.325
2001-07-11,7.35
2001-07-12,7.495
2001-07-13,7.6825
2001-07-16,7.8275
2001-07-17,7.83
2001-07-18,7.6525
2001-07-19,7.7
2001-07-20,7.8875
2001-07-23,7.7875
2001-07-24,7.695
2001-07-25,7.7
2001-07-26,7.7175
2001-07-27,7.66
2001-07-30,7.645
2001-07-31,7.91
2001-08-01,8.0375
2001-08-02,8.015
2001-08-03,7.955
2001-08-06,8
2001-08-07,7.96
2001-08-08,8.025
2001-08-09,8.0275
2001-08-10,8.12
2001-08-13,8.1
2001-08-14,8.1925
2001-08-15,8.25
2001-08-16,8.3875
2001-08-17,8.25
2001-08-20,8.055
2001-08-21,7.995
2001-08-22,8.105
2001-08-23,8.1
2001-08-24,8.2525
2001-08-27,8.125
2001-08-28,8.0925
2001-08-29,8.0175
2001-08-30,8.0475
2001-08-31,8.16
2001-09-04,8.135
2001-09-05,8.0825
2001-09-06,7.895
2001-09-07,7.65
2001-09-10,7.5875
2001-09-17,5.42
2001-09-18,5.3
2001-09-19,5.165
2001-09-20,4.775
2001-09-21,4.52
2001-09-24,4.7125
2001-09-25,4.535
2001-09-26,4.45
2001-09-27,4.425
2001-09-28,4.9925
2001-10-01,4.95
2001-10-02,5.29
2001-10-03,5.75
2001-10-04,5.6175
2001-10-05,5.4375
2001-10-08,5.2925
2001-10-09,5.225
2001-10-10,5.4775
2001-10-11,5.735
2001-10-12,5.25
2001-10-15,5.3625
2001-10-16,5.4025
2001-10-17,5.02
2001-10-18,4.9275
2001-10-19,5.1175
2001-10-22,5.4675
2001-10-23,5.875
2001-10-24,5.775
2001-10-25,5.7875
2001-10-26,5.975
2001-10-29,6
2001-10-30,6.04
2001-10-31,6.1
2001-11-01,6.1725
2001-11-02,6.1875
2001-11-05,6.2875
2001-11-06,6.3375
2001-11-07,6.6125
2001-11-08,6.6775
2001-11-09,6.3825
2001-11-12,6.3
2001-11-13,6.7
2001-11-14,6.9
2001-11-15,6.7275
2001-11-16,6.6175
2001-11-19,7.075
2001-11-20,6.975
2001-11-21,7.0625
2001-11-23,7.4025
2001-11-26,7.2725
2001-11-27,7.055
2001-11-28,6.895
2001-11-29,7.275
2001-11-30,7.1625
2001-12-03,7.1775
2001-12-04,7.175
2001-12-05,7.365
2001-12-06,7.3375
2001-12-07,7.6225
2001-12-10,7.3825
2001-12-11,7.3625
2001-12-12,7.525
2001-12-13,7.44
2001-12-14,7.375
2001-12-17,7.1475
2001-12-18,7.3725
2001-12-19,7.325
2001-12-20,7.1625
2001-12-21,7.5525
2001-12-24,7.235
2001-12-26,7.06
2001-12-27,7.19
2001-12-28,7.33
2001-12-31,7.275
2002-01-02,7.2425
2002-01-03,7.5
2002-01-04,7.9725
2002-01-07,7.8375
2002-01-08,7.8875
2002-01-09,7.95
2002-01-10,7.85
2002-01-11,7.6025
2002-01-14,7.325
2002-01-15,7.6975
2002-01-16,7.6075
2002-01-17,7.4
2002-01-18,7.35
2002-01-22,7.1625
2002-01-23,7.67
2002-01-24,7.6075
2002-01-25,7.7175
2002-01-28,7.7125
2002-01-29,7.575
2002-01-30,7.7225
2002-01-31,7.665
2002-02-01,7.71
2002-02-04,7.3975
2002-02-05,7.49
2002-02-06,7.195
2002-02-07,7.0925
2002-02-08,7.305
2002-02-11,7.2675
2002-02-12,7.35
2002-02-13,7.18
2002-02-14,6.9925
2002-02-15,7.2075
2002-02-19,7.1975
2002-02-20,7.485
2002-02-21,7.745
2002-02-22,7.575
2002-02-25,7.68
2002-02-26,7.8025
2002-02-27,7.9925
2002-02-28,7.7625
2002-03-01,8.0275
2002-03-04,8.3625
2002-03-05,7.875
2002-03-06,8.3125
2002-03-07,8.1
2002-03-08,8.3025
2002-03-11,8.4
2002-03-12,8.35
2002-03-13,8.2575
2002-03-14,8.275
2002-03-15,8.35
2002-03-18,8.4325
2002-03-19,8.2125
2002-03-20,8.1
2002-03-21,7.95
2002-03-22,8.1375
2002-03-25,7.845
2002-03-26,8.25
2002-03-27,8.2375
2002-03-28,8.3225
2002-04-01,8.15
2002-04-02,7.7125
2002-04-03,7.65
2002-04-04,7.7375
2002-04-05,7.775
2002-04-08,7.73
2002-04-09,7.7725
2002-04-10,8
2002-04-11,7.8
2002-04-12,8.0825
2002-04-15,7.8475
2002-04-16,8.0125
2002-04-17,7.8875
2002-04-18,7.725
2002-04-19,7.815
2002-04-22,7.75
2002-04-23,7.7125
2002-04-24,7.76
2002-04-25,7.6875
2002-04-26,7.7
2002-04-29,7.5425
2002-04-30,7.6575
2002-05-01,7.695
2002-05-02,7.6475
2002-05-03,7.4925
2002-05-06,7.38
2002-05-07,7.25
2002-05-08,7.2675
2002-05-09,7.1225
2002-05-10,6.7975
2002-05-13,6.94
2002-05-14,7.2125
2002-05-15,7.235
2002-05-16,7.1125
2002-05-17,7.2325
2002-05-20,7.13
2002-05-21,7.0675
2002-05-22,7.0575
2002-05-23,7.0925
2002-05-24,7.075
2002-05-28,7.075
2002-05-29,7.0425
2002-05-30,6.925
2002-05-31,6.9625
2002-06-03,6.755
2002-06-04,6.5525
2002-06-05,6.5625
2002-06-06,6.59
2002-06-07,6.525
2002-06-10,6.78
2002-06-11,6.6775
2002-06-12,6.7425
2002-06-13,6.52
2002-06-14,6.375
2002-06-17,6.625
2002-06-18,6.6725
2002-06-19,6.45
2002-06-20,6.535
2002-06-21,6.5575
2002-06-24,6.5125
2002-06-25,6.3825
2002-06-26,6.26
2002-06-27,6.3875
2002-06-28,6.525
2002-07-01,6.15
2002-07-02,5.8525
2002-07-03,5.8925
2002-07-05,6.0825
2002-07-08,5.9825
2002-07-09,5.8725
2002-07-10,5.65
2002-07-11,5.525
2002-07-12,5.49
2002-07-15,5.4875
2002-07-16,5.4125
2002-07-17,5.405
2002-07-18,5.2875
2002-07-19,5.1
2002-07-22,4.9125
2002-07-23,5.1525
2002-07-24,5.31
2002-07-25,5.35
2002-07-26,5.5
2002-07-29,5.99
2002-07-30,5.905
2002-07-31,5.875
2002-08-01,5.825
2002-08-02,5.55
2002-08-05,5.3775
2002-08-06,5.5125
2002-08-07,5.64
2002-08-08,5.9625
2002-08-09,5.9225
2002-08-12,5.65
2002-08-13,5.69
2002-08-14,5.94
2002-08-15,5.8975
2002-08-16,6.06
2002-08-19,6.0825
2002-08-20,6.125
2002-08-21,6.505
2002-08-22,6.7425
2002-08-23,6.505
2002-08-26,6.35
2002-08-27,6.235
2002-08-28,6.115
2002-08-29,6.175
2002-08-30,6.1075
2002-09-03,5.9
2002-09-04,6.085
2002-09-05,5.69
2002-09-06,6.0775
2002-09-09,6.12
2002-09-10,5.68
2002-09-11,5.705
2002-09-12,5.65
2002-09-13,5.5875
2002-09-16,5.635
2002-09-17,5.605
2002-09-18,5.4575
2002-09-19,5.2975
2002-09-20,5.325
2002-09-23,5.18
2002-09-24,4.865
2002-09-25,4.785
2002-09-26,4.965
2002-09-27,4.325
2002-09-30,4.425
2002-10-01,4.565
2002-10-02,4.3
2002-10-03,4.155
2002-10-04,4
2002-10-07,3.94
2002-10-08,4.0075
2002-10-09,3.5275
2002-10-10,3.6125
2002-10-11,3.9425
2002-10-14,3.995
2002-10-15,4.3875
2002-10-16,4.0975
2002-10-17,4.385
2002-10-18,4.26
2002-10-21,4.585
2002-10-22,4.41
2002-10-23,5.3175
2002-10-24,5.3875
2002-10-25,5.5125
2002-10-28,5.4625
2002-10-29,5.435
2002-10-30,5.4875
2002-10-31,5.41
2002-11-01,5.6025
2002-11-04,5.65
2002-11-05,5.59
2002-11-06,5.93
2002-11-07,5.85
2002-11-08,5.7325
2002-11-11,5.475
2002-11-12,5.535
2002-11-13,5.54
2002-11-14,5.6
2002-11-15,5.5875
2002-11-18,5.625
2002-11-19,5.375
2002-11-20,5.1
2002-11-21,5.4725
2002-11-22,5.4875
2002-11-25,5.37
2002-11-26,5.175
2002-11-27,5.3575
2002-11-29,5.2925
2002-12-02,5.375
2002-12-03,5.06
2002-12-04,5.0375
2002-12-05,5.4275
2002-12-06,5.7375
2002-12-09,5.5075
2002-12-10,5.6125
2002-12-11,5.655
2002-12-12,5.7575
2002-12-13,5.6175
2002-12-16,5.69
2002-12-17,5.6
2002-12-18,5.425
2002-12-19,5.3175
2002-12-20,5.38
2002-12-23,5.2875
2002-12-24,5.375
2002-12-26,5.35
2002-12-27,5.2525
2002-12-30,5.245
2002-12-31,5.4125
2003-01-02,5.52
2003-01-03,5.625
2003-01-06,5.7875
2003-01-07,5.9125
2003-01-08,5.89
2003-01-09,5.945
2003-01-10,5.88
2003-01-13,5.975
2003-01-14,5.9975
2003-01-15,5.98
2003-01-16,5.855
2003-01-17,5.7425
2003-01-21,5.4525
2003-01-22,5.235
2003-01-23,5.2675
2003-01-24,5.0975
2003-01-27,4.9075
2003-01-28,5.0225
2003-01-29,4.9875
2003-01-30,4.9375
2003-01-31,4.9425
2003-02-03,4.81
2003-02-04,4.805
2003-02-05,4.86
2003-02-06,4.86
2003-02-07,4.695
2003-02-10,4.8075
2003-02-11,4.69
2003-02-12,4.615
2003-02-13,4.4075
2003-02-14,4.5375
2003-02-18,4.615
2003-02-19,4.48
2003-02-20,4.55
2003-02-21,4.62
2003-02-24,4.335
2003-02-25,4.52
2003-02-26,4.5025
2003-02-27,4.4125
2003-02-28,4.5375
2003-03-03,4.7925
2003-03-04,4.535
2003-03-05,4.6475
2003-03-06,4.595
2003-03-07,4.775
2003-03-10,4.6
2003-03-11,4.3125
2003-03-12,4.3625
2003-03-13,4.6125
2003-03-14,4.7375
2003-03-17,4.8
2003-03-18,4.2875
2003-03-19,4.105
2003-03-20,4.0975
2003-03-21,4.4775
2003-03-24,4.185
2003-03-25,4.2625
2003-03-26,4.205
2003-03-27,4.1
2003-03-28,3.995
2003-03-31,3.915
2003-04-01,3.945
2003-04-02,4.18
2003-04-03,4.11
2003-04-04,4.165
2003-04-07,4.2175
2003-04-08,4.0225
2003-04-09,4.0525
2003-04-10,3.985
2003-04-11,3.9375
2003-04-14,3.9975
2003-04-15,4.0875
2003-04-16,3.9525
2003-04-17,4.075
2003-04-21,4.04
2003-04-22,4.1225
2003-04-23,4.33
2003-04-24,4.41
2003-04-25,4.28
2003-04-28,4.4375
2003-04-29,4.4075
2003-04-30,4.4575
2003-05-01,4.4275
2003-05-02,4.9425
2003-05-05,4.9375
2003-05-06,4.94
2003-05-07,4.7625
2003-05-08,4.765
2003-05-09,4.8225
2003-05-12,4.88
2003-05-13,4.9125
2003-05-14,4.775
2003-05-15,4.775
2003-05-16,4.6675
2003-05-19,4.5375
2003-05-20,4.4875
2003-05-21,4.375
2003-05-22,4.515
2003-05-23,4.555
2003-05-27,4.8
2003-05-28,4.6325
2003-05-29,4.615
2003-05-30,4.7525
2003-06-02,4.9225
2003-06-03,4.75
2003-06-04,4.925
2003-06-05,4.975
2003-06-06,5.04
2003-06-09,4.8975
2003-06-10,4.9725
2003-06-11,4.985
2003-06-12,5.035
2003-06-13,4.9525
2003-06-16,5.1375
2003-06-17,5.2
2003-06-18,5.3125
2003-06-19,5.1075
2003-06-20,5.2
2003-06-23,5.07
2003-06-24,5.065
2003-06-25,5.1175
2003-06-26,5.3425
2003-06-27,5.305
2003-06-30,5.3625
2003-07-01,5.41
2003-07-02,5.495
2003-07-03,5.3825
2003-07-07,5.595
2003-07-08,5.49
2003-07-09,5.6975
2003-07-10,5.3775
2003-07-11,5.4275
2003-07-14,5.6375
2003-07-15,5.615
2003-07-16,5.71
2003-07-17,5.5525
2003-07-18,5.6075
2003-07-21,5.69
2003-07-22,6.04
2003-07-23,5.985
2003-07-24,6.005
2003-07-25,6.0225
2003-07-28,6.2075
2003-07-29,6.0675
2003-07-30,6.005
2003-07-31,6.115
2003-08-01,5.9225
2003-08-04,5.7675
2003-08-05,5.6025
2003-08-06,5.54
2003-08-07,5.5925
2003-08-08,5.885
2003-08-11,6.045
2003-08-12,6.095
2003-08-13,6.0425
2003-08-14,6.15
2003-08-15,6.17
2003-08-18,6.3075
2003-08-19,6.3675
2003-08-20,6.4
2003-08-21,6.49
2003-08-22,6.48
2003-08-25,6.7
2003-08-26,6.6575
2003-08-27,6.7
2003-08-28,6.76
2003-08-29,6.8975
2003-09-02,7.0275
2003-09-03,7.2375
2003-09-04,7.2525
2003-09-05,7.3125
2003-09-08,7.3425
2003-09-09,7.1525
2003-09-10,7.0675
2003-09-11,7.07
2003-09-12,7.1775
2003-09-15,7.2375
2003-09-16,7.1925
2003-09-17,7.16
2003-09-18,7.2725
2003-09-19,7.275
2003-09-22,7.23
2003-09-23,7.3
2003-09-24,7.225
2003-09-25,7.05
2003-09-26,6.91
2003-09-29,7.04
2003-09-30,6.955
2003-10-01,7.19
2003-10-02,7.185
2003-10-03,7.43
2003-10-06,7.5625
2003-10-07,7.61
2003-10-08,7.6325
2003-10-09,7.9
2003-10-10,7.6925
2003-10-13,7.9175
2003-10-14,7.8125
2003-10-15,7.7475
2003-10-16,7.7225
2003-10-17,7.52
2003-10-20,7.725
2003-10-21,7.725
2003-10-22,7.1875
2003-10-23,6.9125
2003-10-24,6.8125
2003-10-27,7.075
2003-10-28,7.265
2003-10-29,7.3375
2003-10-30,7.3475
2003-10-31,7.1975
2003-11-03,7.1375
2003-11-04,7.0375
2003-11-05,7.04
2003-11-06,7.145
2003-11-07,7.11
2003-11-10,6.97
2003-11-11,6.9275
2003-11-12,7.0225
2003-11-13,6.95
2003-11-14,6.885
2003-11-17,6.725
2003-11-18,6.625
2003-11-19,6.6
2003-11-20,6.665
2003-11-21,6.86
2003-11-24,7.1225
2003-11-25,7.2225
2003-11-26,7.205
2003-11-28,7.19
2003-12-01,7.2625
2003-12-02,6.975
2003-12-03,6.7125
2003-12-04,6.6
2003-12-05,6.3675
2003-12-08,6.4075
2003-12-09,6.375
2003-12-10,6.2375
2003-12-11,6.62
2003-12-12,6.6625
2003-12-15,6.4825
2003-12-16,6.675
2003-12-17,6.6225
2003-12-18,6.8
2003-12-19,6.8075
2003-12-22,6.81
2003-12-23,6.885
2003-12-24,6.945
2003-12-26,6.9125
2003-12-29,6.985
2003-12-30,6.8925
2003-12-31,6.8225
2004-01-02,6.95
2004-01-05,6.935
2004-01-06,7.245
2004-01-07,7.1375
2004-01-08,7.075
2004-01-09,6.9175
2004-01-12,6.895
2004-01-13,6.9125
2004-01-14,7.055
2004-01-15,6.9325
2004-01-16,7.0425
2004-01-20,6.955
2004-01-21,7.17
2004-01-22,7.2275
2004-01-23,7.205
2004-01-26,7.185
2004-01-27,7.1775
2004-01-28,6.6525
2004-01-29,7.155
2004-01-30,6.95
2004-02-02,6.8525
2004-02-03,6.8
2004-02-04,6.6575
2004-02-05,6.685
2004-02-06,6.895
2004-02-09,6.775
2004-02-10,6.7175
2004-02-11,6.8125
2004-02-12,6.825
2004-02-13,6.7375
2004-02-17,6.8925
2004-02-18,6.76
2004-02-19,6.6275
2004-02-20,6.65
2004-02-23,6.5325
2004-02-24,6.525
2004-02-25,6.6
2004-02-26,6.5
2004-02-27,6.435
2004-03-01,6.525
2004-03-02,6.405
2004-03-03,6.395
2004-03-04,6.45
2004-03-05,6.435
2004-03-08,6.33
2004-03-09,6.08
2004-03-10,6.095
2004-03-11,5.7925
2004-03-12,6.03
2004-03-15,5.9
2004-03-16,5.7675
2004-03-17,6.1025
2004-03-18,5.8875
2004-03-19,5.875
2004-03-22,5.725
2004-03-23,5.725
2004-03-24,5.6075
2004-03-25,5.8
2004-03-26,5.9275
2004-03-29,6.0575
2004-03-30,6.0125
2004-03-31,6.165
2004-04-01,6.17
2004-04-02,6.3325
2004-04-05,6.3125
2004-04-06,6.7525
2004-04-07,6.6175
2004-04-08,6.5725
2004-04-12,6.53
2004-04-13,6.3325
2004-04-14,6.3775
2004-04-15,6.3225
2004-04-16,6.4175
2004-04-19,6.3575
2004-04-20,6.3225
2004-04-21,6.515
2004-04-22,6.6775
2004-04-23,6.2825
2004-04-26,6.11
2004-04-27,5.96
2004-04-28,5.775
2004-04-29,5.68
2004-04-30,5.5325
2004-05-03,5.47
2004-05-04,5.4575
2004-05-05,5.525
2004-05-06,5.2475
2004-05-07,5.115
2004-05-10,5
2004-05-11,5.02
2004-05-12,5.065
2004-05-13,5.055
2004-05-14,4.9675
2004-05-17,4.8875
2004-05-18,4.96
2004-05-19,5.0675
2004-05-20,5.03
2004-05-21,5.075
2004-05-24,5.1225
2004-05-25,5.2125
2004-05-26,5.2125
2004-05-27,5.2175
2004-05-28,5.15
2004-06-01,5.1
2004-06-02,5.2375
2004-06-03,5.0775
2004-06-04,5.2625
2004-06-07,5.45
2004-06-08,5.6225
2004-06-09,5.625
2004-06-10,5.4525
2004-06-14,5.4625
2004-06-15,5.51
2004-06-16,5.5325
2004-06-17,5.5225
2004-06-18,5.6325
2004-06-21,5.6925
2004-06-22,5.605
2004-06-23,5.735
2004-06-24,5.6875
2004-06-25,5.7525
2004-06-28,5.89
2004-06-29,5.9
2004-06-30,5.9675
2004-07-01,5.855
2004-07-02,5.7725
2004-07-06,5.765
2004-07-07,5.6925
2004-07-08,5.4375
2004-07-09,5.425
2004-07-12,5.5375
2004-07-13,5.2775
2004-07-14,5.22
2004-07-15,5.2625
2004-07-16,4.9625
2004-07-19,5.035
2004-07-20,5.3325
2004-07-21,5.085
2004-07-22,5.1375
2004-07-23,5.0675
2004-07-26,5.075
2004-07-27,5.0925
2004-07-28,5.0225
2004-07-29,5.2825
2004-07-30,5.2075
2004-08-02,5.0825
2004-08-03,5.0125
2004-08-04,5.175
2004-08-05,4.9775
2004-08-06,4.8225
2004-08-09,4.72
2004-08-10,4.9475
2004-08-11,5.0075
2004-08-12,4.95
2004-08-13,4.895
2004-08-16,5.0875
2004-08-17,5.1425
2004-08-18,5.34
2004-08-19,5.1525
2004-08-20,5.3575
2004-08-23,5.34
2004-08-24,5.49
2004-08-25,5.6175
2004-08-26,5.8175
2004-08-27,5.7075
2004-08-30,5.9
2004-08-31,5.885
2004-09-01,5.7325
2004-09-02,5.825
2004-09-03,5.845
2004-09-07,5.8725
2004-09-08,5.8825
2004-09-09,5.9275
2004-09-10,6.155
2004-09-13,6.125
2004-09-14,6.225
2004-09-15,6.155
2004-09-16,6.255
2004-09-17,6.22
2004-09-20,6.3025
2004-09-21,6.4125
2004-09-22,6.2025
2004-09-23,6.1675
2004-09-24,6.0575
2004-09-27,6.06
2004-09-28,6.1125
2004-09-29,6.26
2004-09-30,6.195
2004-10-01,6.375
2004-10-04,6.49
2004-10-05,6.2075
2004-10-06,6.335
2004-10-07,6.1625
2004-10-08,6.1525
2004-10-11,6.1575
2004-10-12,6.145
2004-10-13,6.255
2004-10-14,6.1675
2004-10-15,6.1375
2004-10-18,6.045
2004-10-19,5.9375
2004-10-20,5.8
2004-10-21,6.15
2004-10-22,6.2825
2004-10-25,6.405
2004-10-26,6.6725
2004-10-27,6.63
2004-10-28,6.65
2004-10-29,6.585
2004-11-01,6.64
2004-11-02,7.0175
2004-11-03,6.875
2004-11-04,7.065
2004-11-05,7.105
2004-11-08,7.0825
2004-11-09,7.22
2004-11-10,7.015
2004-11-11,7.165
2004-11-12,7.21
2004-11-15,7.345
2004-11-16,7.1425
2004-11-17,7.2125
2004-11-18,7.2675
2004-11-19,7.075
2004-11-22,7.1725
2004-11-23,7.3575
2004-11-24,7.2225
2004-11-26,7.3575
2004-11-29,7.595
2004-11-30,7.8075
2004-12-01,8.04
2004-12-02,8.225
2004-12-03,8.225
2004-12-06,8.19
2004-12-07,8.08
2004-12-08,8.0625
2004-12-09,8.015
2004-12-10,7.9825
2004-12-13,7.995
2004-12-14,8.015
2004-12-15,8.095
2004-12-16,8.025
2004-12-17,7.925
2004-12-20,7.975
2004-12-21,8.0225
2004-12-22,8.075
2004-12-23,8.02
2004-12-27,7.9925
2004-12-28,8.0675
2004-12-29,8.21
2004-12-30,8.2975
2004-12-31,8.3725
2005-01-03,8.2
2005-01-04,7.815
2005-01-05,7.6375
2005-01-06,7.475
2005-01-07,7.4425
2005-01-10,7.4375
2005-01-11,7.6025
2005-01-12,7.545
2005-01-13,7.4625
2005-01-14,7.685
2005-01-18,7.8375
2005-01-19,7.57
2005-01-20,7.405
2005-01-21,7.215
2005-01-24,6.915
2005-01-25,7.0475
2005-01-26,7.1875
2005-01-27,7.1575
2005-01-28,7.26
2005-01-31,7.4475
2005-02-01,7.38
2005-02-02,7.4725
2005-02-03,7.52
2005-02-04,7.625
2005-02-07,7.7875
2005-02-08,7.555
2005-02-09,7.28
2005-02-10,7.2775
2005-02-11,7.35
2005-02-14,7.365
2005-02-15,7.3175
2005-02-16,7.2525
2005-02-17,7.19
2005-02-18,7.15
2005-02-22,7.0375
2005-02-23,7.11
2005-02-24,7.2425
2005-02-25,7.385
2005-02-28,7.09
2005-03-01,7.5125
2005-03-02,7.2575
2005-03-03,7.4875
2005-03-04,7.6
2005-03-07,7.675
2005-03-08,7.42
2005-03-09,7.38
2005-03-10,7.25
2005-03-11,7.37
2005-03-14,7.425
2005-03-15,7.3675
2005-03-16,7.1825
2005-03-17,7.3
2005-03-18,7.1625
2005-03-21,7.2075
2005-03-22,7.22
2005-03-23,7.4
2005-03-24,7.3075
2005-03-28,7.25
2005-03-29,7.25
2005-03-30,7.485
2005-03-31,7.36
2005-04-01,7.3475
2005-04-04,7.425
2005-04-05,7.6575
2005-04-06,7.8375
2005-04-07,7.75
2005-04-08,7.695
2005-04-11,7.5625
2005-04-12,7.715
2005-04-13,7.6475
2005-04-14,7.5375
2005-04-15,7.5
2005-04-18,7.5175
2005-04-19,7.525
2005-04-20,7.2725
2005-04-21,7.2325
2005-04-22,6.895
2005-04-25,6.92
2005-04-26,6.7875
2005-04-27,6.725
2005-04-28,6.6425
2005-04-29,6.6675
2005-05-02,6.7825
2005-05-03,6.8
2005-05-04,6.855
2005-05-05,6.7975
2005-05-06,6.7825
2005-05-09,6.92
2005-05-10,6.845
2005-05-11,6.875
2005-05-12,6.7425
2005-05-13,6.7175
2005-05-16,6.85
2005-05-17,6.86
2005-05-18,7.0875
2005-05-19,7.0925
2005-05-20,7.1075
2005-05-23,7.12
2005-05-24,7.055
2005-05-25,6.9725
2005-05-26,7.175
2005-05-27,7.1775
2005-05-31,7.38
2005-06-01,7.415
2005-06-02,7.6125
2005-06-03,7.485
2005-06-06,7.605
2005-06-07,7.68
2005-06-08,7.5625
2005-06-09,7.55
2005-06-10,7.7075
2005-06-13,7.535
2005-06-14,7.6175
2005-06-15,7.6575
2005-06-16,7.65
2005-06-17,7.5975
2005-06-20,7.6
2005-06-21,7.6975
2005-06-22,7.7125
2005-06-23,7.44
2005-06-24,7.335
2005-06-27,7.29
2005-06-28,7.625
2005-06-29,7.6225
2005-06-30,7.4375
2005-07-01,7.4275
2005-07-05,7.455
2005-07-06,7.45
2005-07-07,7.39
2005-07-08,7.645
2005-07-11,7.745
2005-07-12,7.73
2005-07-13,7.87
2005-07-14,7.865
2005-07-15,8.0325
2005-07-18,8.14
2005-07-19,8.1475
2005-07-20,8.555
2005-07-21,8.3625
2005-07-22,8.3125
2005-07-25,8.325
2005-07-26,8.52
2005-07-27,8.43
2005-07-28,8.59
2005-07-29,8.745
2005-08-01,8.81
2005-08-02,8.775
2005-08-03,8.88
2005-08-04,8.6175
2005-08-05,8.445
2005-08-08,8.4225
2005-08-09,8.3575
2005-08-10,8.3925
2005-08-11,8.325
2005-08-12,8.3
2005-08-15,8.44
2005-08-16,8.5775
2005-08-17,8.8425
2005-08-18,8.61
2005-08-19,8.4275
2005-08-22,8.5
2005-08-23,8.475
2005-08-24,8.4025
2005-08-25,8.445
2005-08-26,8.51
2005-08-29,8.4475
2005-08-30,8.24
2005-08-31,8.43
2005-09-01,8.215
2005-09-02,8.1725
2005-09-06,8.1125
2005-09-07,8.22
2005-09-08,8.09
2005-09-09,8.005
2005-09-12,8.2425
2005-09-13,7.9875
2005-09-14,7.81
2005-09-15,7.81
2005-09-16,7.895
2005-09-19,7.6775
2005-09-20,7.655
2005-09-21,7.27
2005-09-22,7.5
2005-09-23,7.54
2005-09-26,7.4975
2005-09-27,7.5125
2005-09-28,7.4075
2005-09-29,7.1375
2005-09-30,7.265
2005-10-03,7.3375
2005-10-04,7.3475
2005-10-05,7.2375
2005-10-06,7.4275
2005-10-07,7.4425
2005-10-10,7.34
2005-10-11,7.1
2005-10-12,7.205
2005-10-13,7.2175
2005-10-14,7.4025
2005-10-17,7.33
2005-10-18,7.29
2005-10-19,7.375
2005-10-20,7.335
2005-10-21,7.505
2005-10-24,7.755
2005-10-25,7.515
2005-10-26,7.49
2005-10-27,7.3925
2005-10-28,7.5
2005-10-31,7.8825
2005-11-01,7.805
2005-11-02,8.345
2005-11-03,8.21
2005-11-04,8.285
2005-11-07,8.4225
2005-11-08,8.2175
2005-11-09,8.305
2005-11-10,8.5725
2005-11-11,8.64
2005-11-14,8.545
2005-11-15,8.3875
2005-11-16,8.51
2005-11-17,8.8275
2005-11-18,8.7675
2005-11-21,8.7375
2005-11-22,8.5825
2005-11-23,8.82
2005-11-25,8.825
2005-11-28,8.735
2005-11-29,8.7875
2005-11-30,8.8075
2005-12-01,9.1175
2005-12-02,9.3325
2005-12-05,9.2525
2005-12-06,9.33
2005-12-07,9.34
2005-12-08,9.1825
2005-12-09,9.1075
2005-12-12,9.1375
2005-12-13,8.785
2005-12-14,8.8225
2005-12-15,9.04
2005-12-16,9.1875
2005-12-19,8.905
2005-12-20,8.89
2005-12-21,8.875
2005-12-22,8.9125
2005-12-23,8.835
2005-12-27,8.8525
2005-12-28,8.8525
2005-12-29,9.025
2005-12-30,8.93
2006-01-03,8.8125
2006-01-04,8.9875
2006-01-05,8.89
2006-01-06,8.815
2006-01-09,8.9575
2006-01-10,8.885
2006-01-11,8.3375
2006-01-12,8.05
2006-01-13,7.935
2006-01-17,7.575
2006-01-18,7.715
2006-01-19,7.72
2006-01-20,7.5125
2006-01-23,7.645
2006-01-24,7.845
2006-01-25,7.82
2006-01-26,7.705
2006-01-27,7.6125
2006-01-30,7.615
2006-01-31,7.9825
2006-02-01,7.8425
2006-02-02,7.9825
2006-02-03,7.8975
2006-02-06,7.7225
2006-02-07,7.6325
2006-02-08,7.7575
2006-02-09,7.89
2006-02-10,7.9375
2006-02-13,7.8875
2006-02-14,8.1225
2006-02-15,8.2125
2006-02-16,8.2175
2006-02-17,8.0125
2006-02-21,7.875
2006-02-22,8
2006-02-23,8.06
2006-02-24,7.92
2006-02-27,8.09
2006-02-28,8.0125
2006-03-01,7.9775
2006-03-02,7.81
2006-03-03,7.5975
2006-03-06,7.52
2006-03-07,7.5725
2006-03-08,7.7075
2006-03-09,7.52
2006-03-10,7.585
2006-03-13,7.5725
2006-03-14,7.715
2006-03-15,7.72
2006-03-16,7.91
2006-03-17,8.095
2006-03-20,8.3825
2006-03-21,8.44
2006-03-22,8.6725
2006-03-23,8.56
2006-03-24,8.585
2006-03-27,8.7525
2006-03-28,8.595
2006-03-29,8.86
2006-03-30,8.775
2006-03-31,8.8625
2006-04-03,8.705
2006-04-04,8.7725
2006-04-05,8.71
2006-04-06,8.745
2006-04-07,8.815
2006-04-10,8.7
2006-04-11,8.53
2006-04-12,8.57
2006-04-13,8.8025
2006-04-17,8.6625
2006-04-18,8.87
2006-04-19,8.85
2006-04-20,9.2625
2006-04-21,9.4375
2006-04-24,9.5725
2006-04-25,9.63
2006-04-26,9.535
2006-04-27,9.6775
2006-04-28,9.49
2006-05-01,9.3475
2006-05-02,9.87
2006-05-03,9.86
2006-05-04,9.93
2006-05-05,9.9375
2006-05-08,9.92
2006-05-09,10.1075
2006-05-10,9.845
2006-05-11,9.595
2006-05-12,9.375
2006-05-15,9.855
2006-05-16,9.3975
2006-05-17,9.2525
2006-05-18,9.2525
2006-05-19,9.4925
2006-05-22,9.4925
2006-05-23,9.645
2006-05-24,9.515
2006-05-25,9.52
2006-05-26,9.6275
2006-05-30,9.38
2006-05-31,9.685
2006-06-01,9.9575
2006-06-02,9.825
2006-06-05,9.5675
2006-06-06,9.6675
2006-06-07,9.6875
2006-06-08,9.4625
2006-06-09,9.4125
2006-06-12,8.955
2006-06-13,8.7275
2006-06-14,8.99
2006-06-15,9.4975
2006-06-16,9.5
2006-06-19,9.46
2006-06-20,9.675
2006-06-21,9.755
2006-06-22,9.78
2006-06-23,9.7375
2006-06-26,9.84
2006-06-27,9.505
2006-06-28,9.2725
2006-06-29,9.81
2006-06-30,9.855
2006-07-03,9.7675
2006-07-05,9.87
2006-07-06,9.635
2006-07-07,9.6425
2006-07-10,9.9275
2006-07-11,9.9075
2006-07-12,9.65
2006-07-13,9.05
2006-07-14,8.49
2006-07-17,8.6
2006-07-18,8.7825
2006-07-19,9.1425
2006-07-20,8.8425
2006-07-21,8.69
2006-07-24,8.975
2006-07-25,9.34
2006-07-26,9.535
2006-07-27,9.3075
2006-07-28,9.6975
2006-07-31,9.2825
2006-08-01,8.95
2006-08-02,9.1325
2006-08-03,9.5875
2006-08-04,9.4425
2006-08-07,9.325
2006-08-08,9.09
2006-08-09,8.75
2006-08-10,9.0125
2006-08-11,8.585
2006-08-14,8.8925
2006-08-15,9.06
2006-08-16,9.3725
2006-08-17,9.3975
2006-08-18,9.185
2006-08-21,9.045
2006-08-22,8.9475
2006-08-23,9.125
2006-08-24,9.0525
2006-08-25,8.95
2006-08-28,9.1575
2006-08-29,9.3
2006-08-30,9.4325
2006-08-31,9.4675
2006-09-01,9.4375
2006-09-05,9.5025
2006-09-06,9.2225
2006-09-07,9.1325
2006-09-08,9.23
2006-09-11,9.0775
2006-09-12,9.2375
2006-09-13,9.49
2006-09-14,9.4875
2006-09-15,9.4
2006-09-18,9.23
2006-09-19,9.57
2006-09-20,9.735
2006-09-21,9.425
2006-09-22,9.505
2006-09-25,9.7425
2006-09-26,9.82
2006-09-27,9.6975
2006-09-28,9.6175
2006-09-29,9.51
2006-10-02,9.76
2006-10-03,10.2075
2006-10-04,10.48
2006-10-05,10.3675
2006-10-06,10.1375
2006-10-09,10.12
2006-10-10,10.28
2006-10-11,10.215
2006-10-12,10.65
2006-10-13,10.52
2006-10-16,10.415
2006-10-17,10.26
2006-10-18,10.53
2006-10-19,10.375
2006-10-20,10.8275
2006-10-23,11.14
2006-10-24,10.34
2006-10-25,9.9125
2006-10-26,10.23
2006-10-27,9.995
2006-10-30,10.215
2006-10-31,10.0375
2006-11-01,9.8625
2006-11-02,9.64
2006-11-03,9.5675
2006-11-06,9.93
2006-11-07,10.1025
2006-11-08,9.9725
2006-11-09,9.81
2006-11-10,10.1125
2006-11-13,10.31
2006-11-14,10.4075
2006-11-15,10.95
2006-11-16,10.8425
2006-11-17,10.715
2006-11-20,10.5425
2006-11-21,10.745
2006-11-22,10.9375
2006-11-24,10.9025
2006-11-27,10.215
2006-11-28,10.245
2006-11-29,10.2125
2006-11-30,10.2825
2006-12-01,9.995
2006-12-04,10.18
2006-12-05,9.9975
2006-12-06,9.9625
2006-12-07,9.7325
2006-12-08,9.6
2006-12-11,9.79
2006-12-12,9.495
2006-12-13,9.895
2006-12-14,10.005
2006-12-15,10.16
2006-12-18,10.04
2006-12-19,9.985
2006-12-20,9.87
2006-12-21,9.7125
2006-12-22,9.7625
2006-12-26,9.925
2006-12-27,10.04
2006-12-28,10.1375
2006-12-29,9.875
2007-01-03,10.2525
2007-01-04,10.4525
2007-01-05,10.075
2007-01-08,10.2875
2007-01-09,10.3725
2007-01-10,10.61
2007-01-11,10.9825
2007-01-12,10.9775
2007-01-16,11.1175
2007-01-17,10.7525
2007-01-18,10.5475
2007-01-19,10.6875
2007-01-22,10.485
2007-01-23,10.3025
2007-01-24,10.4
2007-01-25,10.15
2007-01-26,10.1825
2007-01-29,10.7975
2007-01-30,10.4925
2007-01-31,10.7125
2007-02-01,10.7075
2007-02-02,10.6525
2007-02-05,10.48
2007-02-06,10.905
2007-02-07,10.7175
2007-02-08,10.685
2007-02-09,10.5325
2007-02-12,10.74
2007-02-13,10.8175
2007-02-14,10.9575
2007-02-15,10.9375
2007-02-16,10.945
2007-02-20,11.025
2007-02-21,11.005
2007-02-22,10.925
2007-02-23,10.655
2007-02-26,10.605
2007-02-27,10.175
2007-02-28,10.25
2007-03-01,10.14
2007-03-02,9.8625
2007-03-05,9.66
2007-03-06,9.7825
2007-03-07,9.7125
2007-03-08,9.77
2007-03-09,9.85
2007-03-12,9.7975
2007-03-13,9.58
2007-03-14,9.47
2007-03-15,9.615
2007-03-16,9.4425
2007-03-19,9.6325
2007-03-20,9.795
2007-03-21,10.02
2007-03-22,9.815
2007-03-23,9.7875
2007-03-26,9.5825
2007-03-27,9.4675
2007-03-28,9.455
2007-03-29,9.49
2007-03-30,9.525
2007-04-02,9.4875
2007-04-03,9.59
2007-04-04,9.4975
2007-04-05,9.645
2007-04-09,9.3575
2007-04-10,9.225
2007-04-11,9.1625
2007-04-12,9.09
2007-04-13,9.065
2007-04-16,9.0625
2007-04-17,9.165
2007-04-18,9.4475
2007-04-19,9.1975
2007-04-20,9.1125
2007-04-23,8.9475
2007-04-24,8.915
2007-04-25,8.95
2007-04-26,8.895
2007-04-27,7.97
2007-04-30,7.4
2007-05-01,7.4425
2007-05-02,7.47
2007-05-03,7.4775
2007-05-04,7.5025
2007-05-07,7.45
2007-05-08,7.38
2007-05-09,7.4125
2007-05-10,7.28
2007-05-11,7.32
2007-05-14,7.23
2007-05-15,7.1325
2007-05-16,7.1575
2007-05-17,7.1475
2007-05-18,7.125
2007-05-21,7.06
2007-05-22,7.3
2007-05-23,6.885
2007-05-24,6.88
2007-05-25,6.9325
2007-05-29,7.0875
2007-05-30,7.2675
2007-05-31,7.29
2007-06-01,7.185
2007-06-04,7.035
2007-06-05,6.9925
2007-06-06,6.8525
2007-06-07,6.68
2007-06-08,6.8225
2007-06-11,6.755
2007-06-12,6.615
2007-06-13,6.6275
2007-06-14,6.85
2007-06-15,6.7425
2007-06-18,6.75
2007-06-19,6.9625
2007-06-20,7.0475
2007-06-21,7.085
2007-06-22,6.98
2007-06-25,6.875
2007-06-26,6.73
2007-06-27,6.74
2007-06-28,7.1025
2007-06-29,6.965
2007-07-02,7.1175
2007-07-03,7.1775
2007-07-05,7.1225
2007-07-06,7.27
2007-07-09,7.1075
2007-07-10,6.87
2007-07-11,6.83
2007-07-12,6.925
2007-07-13,6.85
2007-07-16,6.97
2007-07-17,7.0875
2007-07-18,7.09
2007-07-19,7.0975
2007-07-20,6.9325
2007-07-23,6.9475
2007-07-24,6.765
2007-07-25,6.7725
2007-07-26,6.0775
2007-07-27,6.125
2007-07-30,6.11
2007-07-31,5.8325
2007-08-01,5.8625
2007-08-02,5.9375
2007-08-03,5.7875
2007-08-06,5.7
2007-08-07,5.545
2007-08-08,6.055
2007-08-09,6.255
2007-08-10,6.265
2007-08-13,6.155
2007-08-14,5.98
2007-08-15,5.56
2007-08-16,5.8725
2007-08-17,5.985
2007-08-20,5.85
2007-08-21,6.11
2007-08-22,6.265
2007-08-23,6.18
2007-08-24,6.375
2007-08-27,6.2725
2007-08-28,6.0475
2007-08-29,6.105
2007-08-30,6.06
2007-08-31,6.205
2007-09-04,6.395
2007-09-05,6.29
2007-09-06,6.17
2007-09-07,5.84
2007-09-10,5.7675
2007-09-11,5.895
2007-09-12,5.72
2007-09-13,5.755
2007-09-14,6.1025
2007-09-17,6.0175
2007-09-18,6.34
2007-09-19,6.3075
2007-09-20,5.9875
2007-09-21,6.0475
2007-09-24,5.7175
2007-09-25,5.7225
2007-09-26,5.83
2007-09-27,5.8325
2007-09-28,5.7725
2007-10-01,5.84
2007-10-02,5.9875
2007-10-03,6.1775
2007-10-04,6.2775
2007-10-05,6.435
2007-10-08,6.4975
2007-10-09,6.6225
2007-10-10,6.6375
2007-10-11,6.6125
2007-10-12,6.3825
2007-10-15,6.3775
2007-10-16,6.4575
2007-10-17,6.47
2007-10-18,6.2925
2007-10-19,6.095
2007-10-22,6.3
2007-10-23,6.455
2007-10-24,6.3925
2007-10-25,6.5025
2007-10-26,6.4175
2007-10-29,6.2025
2007-10-30,6.3575
2007-10-31,6.35
2007-11-01,6.105
2007-11-02,6.1075
2007-11-05,5.955
2007-11-06,5.84
2007-11-07,5.65
2007-11-08,5.505
2007-11-09,5.45
2007-11-12,5.7825
2007-11-13,6.15
2007-11-14,6.1125
2007-11-15,6.04
2007-11-16,5.945
2007-11-19,5.6175
2007-11-20,5.5
2007-11-21,5.6275
2007-11-23,5.8325
2007-11-26,5.605
2007-11-27,5.9375
2007-11-28,6.25
2007-11-29,6.14
2007-11-30,6.3325
2007-12-03,6.1425
2007-12-04,6.075
2007-12-05,6.02
2007-12-06,6.4525
2007-12-07,6.6575
2007-12-10,6.7325
2007-12-11,6.625
2007-12-12,6.365
2007-12-13,6.4375
2007-12-14,6.4725
2007-12-17,6.27
2007-12-18,6.43
2007-12-19,6.5175
2007-12-20,6.5825
2007-12-21,6.635
2007-12-24,6.81
2007-12-26,6.765
2007-12-27,6.4825
2007-12-28,6.2725
2007-12-31,6.2525
2008-01-02,5.9125
2008-01-03,5.8
2008-01-04,5.73
2008-01-07,5.9525
2008-01-08,5.515
2008-01-09,5.55
2008-01-10,5.8975
2008-01-11,5.7725
2008-01-14,5.795
2008-01-15,5.935
2008-01-16,5.845
2008-01-17,5.765
2008-01-18,5.845
2008-01-22,5.755
2008-01-23,6.1725
2008-01-24,5.6775
2008-01-25,5.65
2008-01-28,5.9375
2008-01-29,5.79
2008-01-30,5.955
2008-01-31,6.325
2008-02-01,6.7325
2008-02-04,6.4
2008-02-05,6.465
2008-02-06,6.64
2008-02-07,7.0525
2008-02-08,6.8725
2008-02-11,6.9175
2008-02-12,6.8575
2008-02-13,6.9575
2008-02-14,6.6
2008-02-15,6.9825
2008-02-19,6.825
2008-02-20,6.9625
2008-02-21,6.8675
2008-02-22,6.925
2008-02-25,6.985
2008-02-26,6.8625
2008-02-27,6.6025
2008-02-28,6.2075
2008-02-29,6.1
2008-03-03,5.97
2008-03-04,6.0275
2008-03-05,6.14
2008-03-06,5.725
2008-03-07,5.605
2008-03-10,5.345
2008-03-11,5.625
2008-03-12,4.59
2008-03-13,4.65
2008-03-14,4.51
2008-03-17,4.5175
2008-03-18,4.77
2008-03-19,4.685
2008-03-20,4.745
2008-03-24,4.8525
2008-03-25,4.9725
2008-03-26,4.7125
2008-03-27,4.7275
2008-03-28,4.735
2008-03-31,4.905
2008-04-01,5.1475
2008-04-02,5.05
2008-04-03,5.1075
2008-04-04,5.175
2008-04-07,5.1625
2008-04-08,5.1825
2008-04-09,4.9225
2008-04-10,5.0375
2008-04-11,4.775
2008-04-14,4.91
2008-04-15,4.65
2008-04-16,4.845
2008-04-17,4.83
2008-04-18,5.055
2008-04-21,4.8325
2008-04-22,4.5025
2008-04-23,4.5475
2008-04-24,4.8625
2008-04-25,4.9525
2008-04-28,5.005
2008-04-29,5.2425
2008-04-30,5.37
2008-05-01,5.58
2008-05-02,5.46
2008-05-05,5.365
2008-05-06,5.185
2008-05-07,4.9125
2008-05-08,4.9425
2008-05-09,4.9225
2008-05-12,5.1125
2008-05-13,5.175
2008-05-14,5.29
2008-05-15,5.3975
2008-05-16,5.3475
2008-05-19,5.39
2008-05-20,5.15
2008-05-21,4.6825
2008-05-22,4.6275
2008-05-23,4.405
2008-05-27,4.7925
2008-05-28,4.7625
2008-05-29,5.0375
2008-05-30,4.8825
2008-06-02,4.8575
2008-06-03,4.9625
2008-06-04,4.875
2008-06-05,5.24
2008-06-06,4.85
2008-06-09,4.7025
2008-06-10,4.705
2008-06-11,4.4425
2008-06-12,4.47
2008-06-13,4.615
2008-06-16,4.6625
2008-06-17,4.7225
2008-06-18,4.535
2008-06-19,4.995
2008-06-20,4.6
2008-06-23,4.34
2008-06-24,4.2925
2008-06-25,4.3875
2008-06-26,4.13
2008-06-27,4.1425
2008-06-30,3.835
2008-07-01,3.675
2008-07-02,3.425
2008-07-03,3.3675
2008-07-07,3.425
2008-07-08,3.7
2008-07-09,3.375
2008-07-10,3.4
2008-07-11,2.95
2008-07-14,2.7325
2008-07-15,2.7
2008-07-16,3.3975
2008-07-17,3.8775
2008-07-18,4.09
2008-07-21,3.9425
2008-07-22,4.625
2008-07-23,4.7125
2008-07-24,4.27
2008-07-25,4.4225
2008-07-28,4.25
2008-07-29,4.64
2008-07-30,4.245
2008-07-31,4.47
2008-08-01,4.5025
2008-08-04,4.725
2008-08-05,4.84
2008-08-06,4.815
2008-08-07,4.5325
2008-08-08,4.98
2008-08-11,5.295
2008-08-12,5.64
2008-08-13,5.3825
2008-08-14,5.4625
2008-08-15,5.735
2008-08-18,5.4775
2008-08-19,5.2975
2008-08-20,4.925
2008-08-21,4.885
2008-08-22,5.2225
2008-08-25,5.0725
2008-08-26,4.725
2008-08-27,4.725
2008-08-28,5.2375
2008-08-29,5.2525
2008-09-02,5.49
2008-09-03,5.5625
2008-09-04,5.4175
2008-09-05,5.6625
2008-09-08,5.8825
2008-09-09,5.8125
2008-09-10,5.64
2008-09-11,5.9425
2008-09-12,5.7975
2008-09-15,5.5475
2008-09-16,5.89
2008-09-17,5.525
2008-09-18,5.6775
2008-09-19,5.445
2008-09-22,5.0725
2008-09-23,5.02
2008-09-24,5.0075
2008-09-25,5.1
2008-09-26,5.115
2008-09-29,4.745
2008-09-30,5.0975
2008-10-01,5.2925
2008-10-02,4.9825
2008-10-03,4.77
2008-10-06,4.5475
2008-10-07,4.0125
2008-10-08,3.875
2008-10-09,3.58
2008-10-10,4.7
2008-10-13,5.525
2008-10-14,5.1725
2008-10-15,4.9575
2008-10-16,5.9675
2008-10-17,5.54
2008-10-20,5.795
2008-10-21,5.9375
2008-10-22,5.875
2008-10-23,5.6575
2008-10-24,5.48
2008-10-27,5.015
2008-10-28,5.4975
2008-10-29,5.4025
2008-10-30,5.95
2008-10-31,6.175
2008-11-03,6.64
2008-11-04,6.58
2008-11-05,6.355
2008-11-06,6.3225
2008-11-07,6.2975
2008-11-10,6.125
2008-11-11,6.2375
2008-11-12,5.8175
2008-11-13,6.3225
2008-11-14,6.1075
2008-11-17,6.2625
2008-11-18,6.3375
2008-11-19,5.205
2008-11-20,5.5025
2008-11-21,4.7225
2008-11-24,5.62
2008-11-25,5.8525
2008-11-26,5.635
2008-11-28,5.7375
2008-12-01,5.2925
2008-12-02,5.83
2008-12-03,6.19
2008-12-04,6.0975
2008-12-05,6.7875
2008-12-08,6.725
2008-12-09,6.49
2008-12-10,6.37
2008-12-11,6.2
2008-12-12,6.62
2008-12-15,6.375
2008-12-16,6.7775
2008-12-17,6.8175
2008-12-18,6.9025
2008-12-19,6.9975
2008-12-22,7.25
2008-12-23,7.0325
2008-12-24,7.1275
2008-12-26,7.14
2008-12-29,7.125
2008-12-30,7.2025
2008-12-31,7.3125
2009-01-02,7.3975
2009-01-05,7.5075
2009-01-06,7.69
2009-01-07,7.625
2009-01-08,7.645
2009-01-09,7.4925
2009-01-12,7.39
2009-01-13,7.2475
2009-01-14,6.9375
2009-01-15,7.0025
2009-01-16,7.4475
2009-01-20,7.05
2009-01-21,6.53
2009-01-22,6.555
2009-01-23,6.64
2009-01-26,6.5325
2009-01-27,6.29
2009-01-28,6.6525
2009-01-29,6.89
2009-01-30,6.59
2009-02-02,6.755
2009-02-03,6.645
2009-02-04,6.5575
2009-02-05,6.905
2009-02-06,7.23
2009-02-09,7.18
2009-02-10,6.9975
2009-02-11,6.7675
2009-02-12,7.2375
2009-02-13,7.1525
2009-02-17,7.37
2009-02-18,6.7875
2009-02-19,6.6025
2009-02-20,6.0675
2009-02-23,5.97
2009-02-24,5.99
2009-02-25,5.5675
2009-02-26,5.745
2009-02-27,5.4775
2009-03-02,5.1475
2009-03-03,4.6
2009-03-04,4.545
2009-03-05,3.7
2009-03-06,3.77
2009-03-09,3.485
2009-03-10,3.6375
2009-03-11,3.9525
2009-03-12,4.18
2009-03-13,4.315
2009-03-16,4.1075
2009-03-17,4.575
2009-03-18,4.5175
2009-03-19,4.2075
2009-03-20,4.125
2009-03-23,4.395
2009-03-24,4.2075
2009-03-25,4.3175
2009-03-26,4.6625
2009-03-27,4.5175
2009-03-30,4.1875
2009-03-31,4.3925
2009-04-01,4.5175
2009-04-02,5.02
2009-04-03,4.945
2009-04-06,5.04
2009-04-07,4.7775
2009-04-08,4.925
2009-04-09,5.485
2009-04-13,5.395
2009-04-14,4.965
2009-04-15,5.145
2009-04-16,5.065
2009-04-17,4.95
2009-04-20,4.6825
2009-04-21,4.9525
2009-04-22,4.955
2009-04-23,4.345
2009-04-24,4.455
2009-04-27,4.1375
2009-04-28,4.13
2009-04-29,4.27
2009-04-30,4.195
2009-05-01,4.315
2009-05-04,4.5725
2009-05-05,4.67
2009-05-06,4.5825
2009-05-07,4.3375
2009-05-08,4.375
2009-05-11,4.305
2009-05-12,4.1525
2009-05-13,3.98
2009-05-14,3.975
2009-05-15,3.995
2009-05-18,4.1175
2009-05-19,3.9175
2009-05-20,3.9925
2009-05-21,4.0925
2009-05-22,4.0325
2009-05-26,4.0375
2009-05-27,3.7825
2009-05-28,3.7675
2009-05-29,3.8925
2009-06-01,3.9625
2009-06-02,4.065
2009-06-03,4.045
2009-06-04,3.92
2009-06-05,3.9775
2009-06-08,3.9575
2009-06-09,3.9975
2009-06-10,3.9225
2009-06-11,3.9
2009-06-12,4.095
2009-06-15,4.075
2009-06-16,4.155
2009-06-17,4.3025
2009-06-18,4.5175
2009-06-19,4.465
2009-06-22,4.25
2009-06-23,4.1275
2009-06-24,4.175
2009-06-25,4.47
2009-06-26,4.4875
2009-06-29,4.605
2009-06-30,4.565
2009-07-01,4.675
2009-07-02,4.5875
2009-07-06,4.71
2009-07-07,4.68
2009-07-08,4.74
2009-07-09,4.7
2009-07-10,5.085
2009-07-13,5.19
2009-07-14,5.1825
2009-07-15,5.3725
2009-07-16,5.33
2009-07-17,5.285
2009-07-20,5.5075
2009-07-21,5.1875
2009-07-22,5.185
2009-07-23,5.505
2009-07-24,5.665
2009-07-27,5.6175
2009-07-28,5.69
2009-07-29,5.7375
2009-07-30,5.745
2009-07-31,5.765
2009-08-03,5.8225
2009-08-04,5.9625
2009-08-05,6.09
2009-08-06,5.6325
2009-08-07,5.795
2009-08-10,5.69
2009-08-11,5.635
2009-08-12,5.8575
2009-08-13,5.78
2009-08-14,5.755
2009-08-17,5.6
2009-08-18,5.73
2009-08-19,5.6375
2009-08-20,5.6425
2009-08-21,5.7875
2009-08-24,5.84
2009-08-25,6.6225
2009-08-26,6.665
2009-08-27,6.4575
2009-08-28,6.4575
2009-08-31,6.3075
2009-09-01,5.785
2009-09-02,5.765
2009-09-03,5.905
2009-09-04,6.14
2009-09-08,6.1925
2009-09-09,6.4125
2009-09-10,6.735
2009-09-11,6.6425
2009-09-14,6.555
2009-09-15,6.8125
2009-09-16,6.79
2009-09-17,6.67
2009-09-18,6.61
2009-09-21,6.75
2009-09-22,6.8
2009-09-23,6.67
2009-09-24,6.5425
2009-09-25,6.75
2009-09-28,6.7
2009-09-29,6.8675
2009-09-30,6.6975
2009-10-01,6.3675
2009-10-02,6.4525
2009-10-05,6.5975
2009-10-06,6.725
2009-10-07,6.605
2009-10-08,6.8325
2009-10-09,6.935
2009-10-12,6.95
2009-10-13,6.9425
2009-10-14,7.2125
2009-10-15,6.9775
2009-10-16,6.86
2009-10-19,6.9725
2009-10-20,7.1275
2009-10-21,6.9
2009-10-22,6.69
2009-10-23,6.7475
2009-10-26,6.6325
2009-10-27,6.72
2009-10-28,6.4125
2009-10-29,6.4625
2009-10-30,6.43
2009-11-02,6.4125
2009-11-03,6.475
2009-11-04,6.3575
2009-11-05,6.6325
2009-11-06,6.8725
2009-11-09,7.0475
2009-11-10,7.13
2009-11-11,7.35
2009-11-12,7.0975
2009-11-13,7.2125
2009-11-16,7.37
2009-11-17,7.3975
2009-11-18,7.35
2009-11-19,7.2575
2009-11-20,7.32
2009-11-23,7.415
2009-11-24,7.325
2009-11-25,7.37
2009-11-27,7.36
2009-11-30,7.475
2009-12-01,7.725
2009-12-02,7.545
2009-12-03,7.5675
2009-12-04,8.005
2009-12-07,8.14
2009-12-08,8.1775
2009-12-09,8.2125
2009-12-10,8.11
2009-12-11,8.6625
2009-12-14,8.6475
2009-12-15,8.4825
2009-12-16,8.6425
2009-12-17,8.575
2009-12-18,8.5125
2009-12-21,8.6525
2009-12-22,8.9575
2009-12-23,9.035
2009-12-24,9.0175
2009-12-28,8.7725
2009-12-29,8.7675
2009-12-30,8.78
2009-12-31,8.64
2010-01-04,8.7175
2010-01-05,9.195
2010-01-06,9.1125
2010-01-07,9.065
2010-01-08,8.885
2010-01-11,8.83
2010-01-12,9.0275
2010-01-13,9.335
2010-01-14,9.35
2010-01-15,9.015
2010-01-19,9.2925
2010-01-20,9.25
2010-01-21,9.3075
2010-01-22,9.0125
2010-01-25,9.1275
2010-01-26,8.87
2010-01-27,9.125
2010-01-28,8.1475
2010-01-29,7.835
2010-02-01,7.9925
2010-02-02,8.3125
2010-02-03,8.315
2010-02-04,8
2010-02-05,8.04
2010-02-08,8.0975
2010-02-09,8.3425
2010-02-10,7.94
2010-02-11,8.0825
2010-02-12,8.1875
2010-02-16,8.5025
2010-02-17,8.5625
2010-02-18,8.89
2010-02-19,9.1225
2010-02-22,8.8825
2010-02-23,8.73
2010-02-24,8.7375
2010-02-25,8.655
2010-02-26,8.75
2010-03-01,9.2925
2010-03-02,9.065
2010-03-03,9.155
2010-03-04,9.0575
2010-03-05,9.2875
2010-03-08,9.025
2010-03-09,9.49
2010-03-10,10.025
2010-03-11,10.095
2010-03-12,10.14
2010-03-15,10.1975
2010-03-16,10.08
2010-03-17,10.255
2010-03-18,10.1025
2010-03-19,10.0425
2010-03-22,10.3225
2010-03-23,10.4675
2010-03-24,10.2675
2010-03-25,10.28
2010-03-26,10.3325
2010-03-29,10.285
2010-03-30,10.28
2010-03-31,10.3075
2010-04-01,10.2225
2010-04-05,10.275
2010-04-06,10.245
2010-04-07,10.01
2010-04-08,10.445
2010-04-09,10.54
2010-04-12,10.855
2010-04-13,10.8975
2010-04-14,11.0425
2010-04-15,11.265
2010-04-16,10.7725
2010-04-19,10.47
2010-04-20,10.51
2010-04-21,10.2775
2010-04-22,10.5025
2010-04-23,10.9475
2010-04-26,11.22
2010-04-27,10.5225
2010-04-28,10.56
2010-04-29,10.505
2010-04-30,10.3525
2010-05-03,11.3
2010-05-04,10.63
2010-05-05,10.5925
2010-05-06,9.9075
2010-05-07,10.2575
2010-05-10,10.8625
2010-05-11,11.0775
2010-05-12,11.5125
2010-05-13,11.405
2010-05-14,11.205
2010-05-17,11.3625
2010-05-18,11.3775
2010-05-19,11.355
2010-05-20,10.585
2010-05-21,11.0875
2010-05-24,11.09
2010-05-25,11.4875
2010-05-26,11.68
2010-05-27,12.175
2010-05-28,11.675
2010-06-01,11.545
2010-06-02,12.4825
2010-06-03,12.5725
2010-06-04,12.0625
2010-06-07,11.7975
2010-06-08,11.8875
2010-06-09,11.9625
2010-06-10,12.2525
2010-06-11,12.715
2010-06-14,12.8175
2010-06-15,12.94
2010-06-16,13.2
2010-06-17,13.325
2010-06-18,13.1475
2010-06-21,12.93
2010-06-22,12.4075
2010-06-23,12.4625
2010-06-24,12.1175
2010-06-25,11.875
2010-06-28,12.0825
2010-06-29,11.3075
2010-06-30,11.2375
2010-07-01,11.065
2010-07-02,10.81
2010-07-06,11.1675
2010-07-07,11.76
2010-07-08,11.8275
2010-07-09,11.91
2010-07-12,11.725
2010-07-13,11.945
2010-07-14,12.2075
2010-07-15,12.125
2010-07-16,11.965
2010-07-19,11.925
2010-07-20,12.2325
2010-07-21,11.9825
2010-07-22,12.315
2010-07-23,12.5
2010-07-26,12.97
2010-07-27,12.74
2010-07-28,12.865
2010-07-29,12.9375
2010-07-30,12.8975
2010-08-02,13.2375
2010-08-03,12.835
2010-08-04,12.825
2010-08-05,13.11
2010-08-06,13.175
2010-08-09,13.5225
2010-08-10,13.2525
2010-08-11,12.44
2010-08-12,12.53
2010-08-13,12.7775
2010-08-16,13.0175
2010-08-17,13.3025
2010-08-18,13.5025
2010-08-19,12.86
2010-08-20,12.51
2010-08-23,12.0725
2010-08-24,11.78
2010-08-25,11.39
2010-08-26,11.13
2010-08-27,11.2
2010-08-30,11.0925
2010-08-31,11.0575
2010-09-01,11.3025
2010-09-02,11.615
2010-09-03,11.83
2010-09-07,11.495
2010-09-08,11.33
2010-09-09,11.5825
2010-09-10,11.565
2010-09-13,11.8075
2010-09-14,11.86
2010-09-15,12.105
2010-09-16,11.985
2010-09-17,11.74
2010-09-20,11.86
2010-09-21,12.325
2010-09-22,12.085
2010-09-23,11.775
2010-09-24,11.965
2010-09-27,12.4925
2010-09-28,12.41
2010-09-29,12.73
2010-09-30,12.7575
2010-10-01,12.4475
2010-10-04,12.1425
2010-10-05,12.215
2010-10-06,12.1875
2010-10-07,11.625
2010-10-08,12.0475
2010-10-11,11.755
2010-10-12,11.83
2010-10-13,11.885
2010-10-14,11.845
2010-10-15,11.7875
2010-10-18,11.8975
2010-10-19,11.62
2010-10-20,12.3525
2010-10-21,12.3175
2010-10-22,12.585
2010-10-25,12.7075
2010-10-26,12.83
2010-10-27,13.0675
2010-10-28,13.2025
2010-10-29,13.2
2010-11-01,13.11
2010-11-02,13.3125
2010-11-03,13.51
2010-11-04,13.8125
2010-11-05,13.97
2010-11-08,13.775
2010-11-09,13.385
2010-11-10,13.52
2010-11-11,13.425
2010-11-12,13.47
2010-11-15,13.5125
2010-11-16,13.5425
2010-11-17,13.225
2010-11-18,13.535
2010-11-19,13.7575
2010-11-22,13.8625
2010-11-23,13.6575
2010-11-24,14
2010-11-26,13.98
2010-11-29,13.875
2010-11-30,13.75
2010-12-01,13.865
2010-12-02,13.83
2010-12-03,13.9725
2010-12-06,14.01
2010-12-07,14.05
2010-12-08,14.0075
2010-12-09,14.0925
2010-12-10,14.2375
2010-12-13,14.1225
2010-12-14,14.085
2010-12-15,14.1475
2010-12-16,14.13
2010-12-17,14.3725
2010-12-20,14.4175
2010-12-21,14.765
2010-12-22,14.575
2010-12-23,14.35
2010-12-27,14.1375
2010-12-28,14.26
2010-12-29,14.3575
2010-12-30,14.3725
2010-12-31,14.1725
2011-01-03,14.47
2011-01-04,14.3525
2011-01-05,14.7775
2011-01-06,14.925
2011-01-07,15.68
2011-01-10,15.7375
2011-01-11,15.5525
2011-01-12,15.7775
2011-01-13,15.92
2011-01-14,16.025
2011-01-18,15.7425
2011-01-19,15.67
2011-01-20,15.3125
2011-01-21,14.9775
2011-01-24,15.19
2011-01-25,15.2825
2011-01-26,15.265
2011-01-27,15.71
2011-01-28,14.93
2011-01-31,14.81
2011-02-01,15.5625
2011-02-02,15
2011-02-03,14.9125
2011-02-04,15.3525
2011-02-07,15.325
2011-02-08,15.485
2011-02-09,15.5925
2011-02-10,15.62
2011-02-11,15.975
2011-02-14,16.1275
2011-02-15,16.12
2011-02-16,16.085
2011-02-17,16.1825
2011-02-18,16.0075
2011-02-22,15
2011-02-23,14.3325
2011-02-24,14.54
2011-02-25,14.805
2011-02-28,14.8625
2011-03-01,14.2325
2011-03-02,14.1325
2011-03-03,14.7
2011-03-04,14.635
2011-03-07,14.43
2011-03-08,15.18
2011-03-09,15.035
2011-03-10,15.0875
2011-03-11,15.175
2011-03-14,14.94
2011-03-15,14.775
2011-03-16,14.535
2011-03-17,14.3475
2011-03-18,15.0075
2011-03-21,15.305
2011-03-22,15.02
2011-03-23,15.175
2011-03-24,15.215
2011-03-25,15.4125
2011-03-28,15.42
2011-03-29,15.69
2011-03-30,15.9125
2011-03-31,15.855
2011-04-01,15.6775
2011-04-04,15.635
2011-04-05,15.6525
2011-04-06,15.8175
2011-04-07,15.7325
2011-04-08,15.03
2011-04-11,15.0025
2011-04-12,15.61
2011-04-13,15.205
2011-04-14,15.0675
2011-04-15,15.1025
2011-04-18,15.0875
2011-04-19,15.04
2011-04-20,15.21
2011-04-21,15.145
2011-04-25,15.2375
2011-04-26,15.5825
2011-04-27,16.1125
2011-04-28,16.1125
2011-04-29,16.4675
2011-05-02,16.3525
2011-05-03,16.5925
2011-05-04,16.56
2011-05-05,17.025
2011-05-06,17.1325
2011-05-09,17.075
2011-05-10,17.2225
2011-05-11,17.3275
2011-05-12,17.4425
2011-05-13,17.27
2011-05-16,17.0725
2011-05-17,17.11
2011-05-18,17.145
2011-05-19,17.44
2011-05-20,17.3975
2011-05-23,17.025
2011-05-24,17.0175
2011-05-25,16.875
2011-05-26,16.8275
2011-05-27,16.8575
2011-05-31,16.885
2011-06-01,16.38
2011-06-02,16.42
2011-06-03,15.9875
2011-06-06,15.79
2011-06-07,15.9275
2011-06-08,15.575
2011-06-09,15.41
2011-06-10,15.3875
2011-06-13,15.65
2011-06-14,16.1925
2011-06-15,16.0075
2011-06-16,16.0675
2011-06-17,16.3425
2011-06-20,16.73
2011-06-21,16.97
2011-06-22,16.715
2011-06-23,17.145
2011-06-24,16.7475
2011-06-27,16.9725
2011-06-28,17.1625
2011-06-29,17.075
2011-06-30,17.115
2011-07-01,17.275
2011-07-05,17.18
2011-07-06,17.415
2011-07-07,17.275
2011-07-08,17.395
2011-07-11,16.9475
2011-07-12,16.765
2011-07-13,16.8925
2011-07-14,16.8025
2011-07-15,16.7775
2011-07-18,16.3075
2011-07-19,16.705
2011-07-20,16.425
2011-07-21,16.4875
2011-07-22,16.085
2011-07-25,15.73
2011-07-26,15.6625
2011-07-27,15.4875
2011-07-28,15.175
2011-07-29,15.28
2011-08-01,15.0175
2011-08-02,14.2675
2011-08-03,14.6425
2011-08-04,13.8625
2011-08-05,13.7675
2011-08-08,13.0525
2011-08-09,14.0425
2011-08-10,13.0875
2011-08-11,13.7
2011-08-12,13.995
2011-08-15,14.365
2011-08-16,14.39
2011-08-17,14.325
2011-08-18,13.4675
2011-08-19,13.3325
2011-08-22,13.1925
2011-08-23,13.665
2011-08-24,13.7575
2011-08-25,13.3925
2011-08-26,13.9975
2011-08-29,14.66
2011-08-30,14.5725
2011-08-31,14.4325
2011-09-01,13.9475
2011-09-02,13.595
2011-09-06,13.4925
2011-09-07,14.0775
2011-09-08,13.6775
2011-09-09,13.49
2011-09-12,13.57
2011-09-13,14.1075
2011-09-14,14.885
2011-09-15,14.9275
2011-09-16,14.97
2011-09-19,14.7875
2011-09-20,14.4825
2011-09-21,13.8475
2011-09-22,13.8625
2011-09-23,14.6
2011-09-26,14.665
2011-09-27,14.67
2011-09-28,14.35
2011-09-29,14.495
2011-09-30,14.0725
2011-10-03,12.83
2011-10-04,13.6425
2011-10-05,13.94
2011-10-06,14.5125
2011-10-07,14.3825
2011-10-10,15.01
2011-10-11,15.4425
2011-10-12,15.5225
2011-10-13,16.0625
2011-10-14,15.9225
2011-10-17,15.81
2011-10-18,16.1425
2011-10-19,15.81
2011-10-20,16.4775
2011-10-21,16.4925
2011-10-24,17.1525
2011-10-25,16.48
2011-10-26,16.385
2011-10-27,17.1275
2011-10-28,16.8125
2011-10-31,16.6325
2011-11-01,16.4025
2011-11-02,16.35
2011-11-03,17.205
2011-11-04,17.2
2011-11-07,17.1625
2011-11-08,17.29
2011-11-09,16.7175
2011-11-10,16.385
2011-11-11,17
2011-11-14,16.7525
2011-11-15,16.8825
2011-11-16,16.53
2011-11-17,16.2075
2011-11-18,16.2575
2011-11-21,15.945
2011-11-22,15.665
2011-11-23,15.25
2011-11-25,15.32
2011-11-28,15.935
2011-11-29,16.325
2011-11-30,17.355
2011-12-01,17.545
2011-12-02,17.415
2011-12-05,17.77
2011-12-06,17.7175
2011-12-07,17.515
2011-12-08,16.9775
2011-12-09,17.4425
2011-12-12,17.5525
2011-12-13,17.585
2011-12-14,18.0025
2011-12-15,18.38
2011-12-16,19.04
2011-12-19,18.575
2011-12-20,19.05
2011-12-21,19.1275
2011-12-22,19.0875
2011-12-23,19.005
2011-12-27,18.9
2011-12-28,18.7125
2011-12-29,18.985
2011-12-30,18.7725
2012-01-03,18.4875
2012-01-04,18.6075
2012-01-05,18.81
2012-01-06,18.465
2012-01-09,18.69
2012-01-10,18.475
2012-01-11,18.2125
2012-01-12,18.04
2012-01-13,18.1275
2012-01-17,18.09
2012-01-18,18.3525
2012-01-19,18.505
2012-01-20,18.38
2012-01-23,18.43
2012-01-24,18.565
2012-01-25,18.86
2012-01-26,18.1775
2012-01-27,18.64
2012-01-30,18.6375
2012-01-31,19.0325
2012-02-01,19.42
2012-02-02,19.3575
2012-02-03,19.5925
2012-02-06,19.3575
2012-02-07,19.2075
2012-02-08,18.93
2012-02-09,19.0075
2012-02-10,18.625
2012-02-13,18.9375
2012-02-14,19
2012-02-15,18.6875
2012-02-16,19.2675
2012-02-17,19.095
2012-02-21,18.1175
2012-02-22,17.52
2012-02-23,17.305
2012-02-24,16.965
2012-02-27,17.3
2012-02-28,17.3775
2012-02-29,17.1425
2012-03-01,17.38
2012-03-02,17.2775
2012-03-05,17.1275
2012-03-06,17.09
2012-03-07,17.095
2012-03-08,17.1675
2012-03-09,17.37
2012-03-12,17.1925
2012-03-13,17.505
2012-03-14,17.31
2012-03-15,17.99
2012-03-16,17.4475
2012-03-19,17.58
2012-03-20,17.65
2012-03-21,17.575
2012-03-22,17.3
2012-03-23,17.345
2012-03-26,17.995
2012-03-27,17.75
2012-03-28,18.035
2012-03-29,18.12
2012-03-30,17.91
2012-04-02,17.82
2012-04-03,18.05
2012-04-04,18.165
2012-04-05,18.04
2012-04-09,17.63
2012-04-10,17.125
2012-04-11,17.23
2012-04-12,17.635
2012-04-13,17.38
2012-04-16,17.45
2012-04-17,17.615
2012-04-18,17.485
2012-04-19,17.345
2012-04-20,17.255
2012-04-23,16.91
2012-04-24,16.975
2012-04-25,17.15
2012-04-26,16.995
2012-04-27,17
2012-04-30,16.9
2012-05-01,16.805
2012-05-02,16.51
2012-05-03,16.615
2012-05-04,16.565
2012-05-07,16.765
2012-05-08,17.05
2012-05-09,16.96
2012-05-10,17
2012-05-11,17.08
2012-05-14,16.965
2012-05-15,16.81
2012-05-16,16.855
2012-05-17,16.1
2012-05-18,16.17
2012-05-21,16.38
2012-05-22,16.225
2012-05-23,16.115
2012-05-24,16.92
2012-05-25,16.98
2012-05-29,17.065
2012-05-30,16.81
2012-05-31,17.15
2012-06-01,16.905
2012-06-04,16.18
2012-06-05,16.315
2012-06-06,16.735
2012-06-07,16.9
2012-06-08,17.365
2012-06-11,17.285
2012-06-12,17.36
2012-06-13,17.5
2012-06-14,17.605
2012-06-15,17.29
2012-06-18,17.625
2012-06-19,17.88
2012-06-20,18.05
2012-06-21,17.99
2012-06-22,18.065
2012-06-25,17.64
2012-06-26,17.855
2012-06-27,18.12
2012-06-28,18
2012-06-29,17.95
2012-07-02,18.215
2012-07-03,18.375
2012-07-05,18.81
2012-07-06,18.98
2012-07-09,18.07
2012-07-10,17.85
2012-07-11,18.3
2012-07-12,18.23
2012-07-13,18.48
2012-07-16,18.63
2012-07-17,18.615
2012-07-18,18.675
2012-07-19,18.245
2012-07-20,17.91
2012-07-23,17.78
2012-07-24,17.345
2012-07-25,17.225
2012-07-26,17.31
2012-07-27,17.54
2012-07-30,17.47
2012-07-31,17.425
2012-08-01,16.985
2012-08-02,16.89
2012-08-03,17.215
2012-08-06,17.425
2012-08-07,17.415
2012-08-08,17.29
2012-08-09,17.155
2012-08-10,17.09
2012-08-13,17.05
2012-08-14,16.985
2012-08-15,17.055
2012-08-16,17.095
2012-08-17,17.09
2012-08-20,17.385
2012-08-21,17.41
2012-08-22,17.235
2012-08-23,17.02
2012-08-24,17.035
2012-08-27,16.955
2012-08-28,16.79
2012-08-29,16.75
2012-08-30,16.775
2012-08-31,16.775
2012-09-04,16.745
2012-09-05,16.915
2012-09-06,17.18
2012-09-07,17.395
2012-09-10,17.41
2012-09-11,17.23
2012-09-12,17.36
2012-09-13,17.435
2012-09-14,17.29
2012-09-17,17.21
2012-09-18,17.04
2012-09-19,17.255
2012-09-20,17.06
2012-09-21,16.86
2012-09-24,16.815
2012-09-25,16.835
2012-09-26,17.87
2012-09-27,17.765
2012-09-28,17.53
2012-10-01,17.585
2012-10-02,17.84
2012-10-03,18.205
2012-10-04,18.145
2012-10-05,18.26
2012-10-08,18.475
2012-10-09,18.215
2012-10-10,18.285
2012-10-11,18.28
2012-10-12,18.41
2012-10-15,18.55
2012-10-16,18.73
2012-10-17,18.885
2012-10-18,19.085
2012-10-19,18.885
2012-10-22,19.04
2012-10-23,19.11
2012-10-24,19.175
2012-10-25,19.085
2012-10-26,19.145
2012-10-31,19.12
2012-11-01,19.5
2012-11-02,19.52
2012-11-05,20.065
2012-11-06,20.73
2012-11-07,20.225
2012-11-08,20.58
2012-11-09,20.345
2012-11-12,20.67
2012-11-13,20.66
2012-11-14,20.26
2012-11-15,20.44
2012-11-16,20.36
2012-11-19,20.765
2012-11-20,20.91
2012-11-21,20.905
2012-11-23,21.245
2012-11-26,21.24
2012-11-27,21.135
2012-11-28,21.28
2012-11-29,21.305
2012-11-30,21.375
2012-12-03,21.25
2012-12-04,21.295
2012-12-05,21.235
2012-12-06,21.26
2012-12-07,21.25
2012-12-10,21.275
2012-12-11,21.715
2012-12-12,21.56
2012-12-13,21.67
2012-12-14,21.58
2012-12-17,21.99
2012-12-18,22.185
2012-12-19,22.4
2012-12-20,22.46
2012-12-21,22.21
2012-12-24,22.075
2012-12-26,21.74
2012-12-27,21.63
2012-12-28,21.365
2012-12-31,21.545
2013-01-02,21.97
2013-01-03,22.38
2013-01-04,22.69
2013-01-07,23.175
2013-01-08,23
2013-01-09,23.155
2013-01-10,22.985
2013-01-11,23.42
2013-01-14,23.215
2013-01-15,23.35
2013-01-16,23.49
2013-01-17,23.52
2013-01-18,23.32
2013-01-22,23.59
2013-01-23,23.325
2013-01-24,23.195
2013-01-25,23.305
2013-01-28,23.535
2013-01-29,23.18
2013-01-30,23.03
2013-01-31,23.065
2013-02-01,23.285
2013-02-04,23.255
2013-02-05,23.43
2013-02-06,23.71
2013-02-07,23.9
2013-02-08,24.335
2013-02-11,24.4
2013-02-12,24.43
2013-02-13,24.76
2013-02-14,24.355
2013-02-15,24.49
2013-02-19,25.15
2013-02-20,24.625
2013-02-21,24.82
2013-02-22,25.4
2013-02-25,24.775
2013-02-26,24.995
2013-02-27,25.72
2013-02-28,25.775
2013-03-01,26.2
2013-03-04,27.265
2013-03-05,27.925
2013-03-06,27.84
2013-03-07,28.015
2013-03-08,28.75
2013-03-11,28.555
2013-03-12,28.515
2013-03-13,29.73
2013-03-14,29.775
2013-03-15,29.62
2013-03-18,30.29
2013-03-19,30.46
2013-03-20,31.5
2013-03-21,30.925
2013-03-22,31.425
2013-03-25,31.16
2013-03-26,31.395
2013-03-27,31.645
2013-03-28,31.98
2013-04-01,31.8
2013-04-02,29.63
2013-04-03,28.91
2013-04-04,29.935
2013-04-05,29.685
2013-04-08,30.105
2013-04-09,29.525
2013-04-10,29.85
2013-04-11,29.69
2013-04-12,29.57
2013-04-15,28.315
2013-04-16,30.56
2013-04-17,29.92
2013-04-18,29.355
2013-04-19,30.175
2013-04-22,29.79
2013-04-23,30.57
2013-04-24,30.44
2013-04-25,30.12
2013-04-26,30.33
2013-04-29,30.58
2013-04-30,30.82
2013-05-01,29.865
2013-05-02,30.35
2013-05-03,31.365
2013-05-06,33.075
2013-05-07,33.735
2013-05-08,33.665
2013-05-09,32.915
2013-05-10,33.075
2013-05-13,32.96
2013-05-14,32.735
2013-05-15,32.955
2013-05-16,31.975
2013-05-17,32.605
2013-05-20,29.865
2013-05-21,29.27
2013-05-22,28.78
2013-05-23,29.58
2013-05-24,29.315
2013-05-28,28.095
2013-05-29,27.975
2013-05-30,28.12
2013-05-31,28.41
2013-06-03,28.21
2013-06-04,28.255
2013-06-05,27.475
2013-06-06,27.395
2013-06-07,28.705
2013-06-10,28.125
2013-06-11,28.135
2013-06-12,28.2
2013-06-13,28.465
2013-06-14,28.01
2013-06-17,27.665
2013-06-18,28.14
2013-06-19,27.415
2013-06-20,26.78
2013-06-21,26.075
2013-06-24,25.48
2013-06-25,25.595
2013-06-26,25.21
2013-06-27,26.045
2013-06-28,26
2013-07-01,26.425
2013-07-02,25.975
2013-07-03,25.91
2013-07-05,26.14
2013-07-08,25.975
2013-07-09,27.965
2013-07-10,28.77
2013-07-11,29.78
2013-07-12,30.535
2013-07-15,30.535
2013-07-16,30.08
2013-07-17,30.855
2013-07-18,30.935
2013-07-19,30.625
2013-07-22,31.08
2013-07-23,31
2013-07-24,30.58
2013-07-25,30.185
2013-07-26,31.29
2013-07-29,29.775
2013-07-30,30.14
2013-07-31,30.585
2013-08-01,31.21
2013-08-02,31.56
2013-08-05,31.02
2013-08-06,30.385
2013-08-07,30.535
2013-08-08,30.96
2013-08-09,30.095
2013-08-12,30.305
2013-08-13,29.34
2013-08-14,29.28
2013-08-15,28.955
2013-08-16,29.245
2013-08-19,28.695
2013-08-20,29.22
2013-08-21,29.325
2013-08-22,30.125
2013-08-23,30.5
2013-08-26,30.16
2013-08-27,28.485
2013-08-28,28.415
2013-08-29,28.865
2013-08-30,28.31
2013-09-03,28.245
2013-09-04,28.985
2013-09-05,28.98
2013-09-06,28.69
2013-09-09,29.265
2013-09-10,30.71
2013-09-11,30.385
2013-09-12,29.65
2013-09-13,30.17
2013-09-16,30.805
2013-09-17,31.19
2013-09-18,31.305
2013-09-19,31.29
2013-09-20,31.06
2013-09-23,31.4
2013-09-24,31.87
2013-09-25,31.715
2013-09-26,32.105
2013-09-27,31.795
2013-09-30,31.31
2013-10-01,32.625
2013-10-02,32.45
2013-10-03,32.4
2013-10-04,32.39
2013-10-07,32.31
2013-10-08,30.665
2013-10-09,30.72
2013-10-10,31.195
2013-10-11,31.25
2013-10-14,31.765
2013-10-15,31.35
2013-10-16,32.16
2013-10-17,32.73
2013-10-18,32.765
2013-10-21,32.925
2013-10-22,33.275
2013-10-23,33.515
2013-10-24,34.84
2013-10-25,35.075
2013-10-28,35.055
2013-10-29,35.275
2013-10-30,34.87
2013-10-31,35.33
2013-11-01,36.1
2013-11-04,36.39
2013-11-05,36.21
2013-11-06,36.015
2013-11-07,35.305
2013-11-08,36.37
2013-11-11,36.68
2013-11-12,37.405
2013-11-13,37.365
2013-11-14,38.035
2013-11-15,37.795
2013-11-18,37.91
2013-11-19,37.845
2013-11-20,37.79
2013-11-21,37.995
2013-11-22,38.575
2013-11-25,38.995
2013-11-26,38.49
2013-11-27,39.095
2013-11-29,38.87
2013-12-02,38.47
2013-12-03,37.925
2013-12-04,37.29
2013-12-05,37.21
2013-12-06,36.755
2013-12-09,37.35
2013-12-10,37.015
2013-12-11,36.735
2013-12-12,36.155
2013-12-13,36.115
2013-12-16,36.125
2013-12-17,35.34
2013-12-18,35.355
2013-12-19,35.285
2013-12-20,36.75
2013-12-23,36.165
2013-12-24,36.57
2013-12-26,36.41
2013-12-27,36.005
2013-12-30,36.02
2013-12-31,36.685
2014-01-02,36.59
2014-01-03,37.26
2014-01-06,37.015
2014-01-07,36.995
2014-01-08,37.9
2014-01-09,38.695
2014-01-10,39.54
2014-01-13,38.725
2014-01-14,39.69
2014-01-15,39.365
2014-01-16,39.585
2014-01-17,39.255
2014-01-21,40.03
2014-01-22,40.935
2014-01-23,40.675
2014-01-24,39.825
2014-01-27,39.4
2014-01-28,39.765
2014-01-29,38.37
2014-01-30,38.94
2014-01-31,39.535
2014-02-03,37.345
2014-02-04,37.81
2014-02-05,37.55
2014-02-06,38.17
2014-02-07,38.91
2014-02-10,38.355
2014-02-11,38.755
2014-02-12,39.12
2014-02-13,39.73
2014-02-14,40.745
2014-02-18,39.49
2014-02-19,39.17
2014-02-20,40.085
2014-02-21,40.77
2014-02-24,41.75
2014-02-25,42.545
2014-02-26,42.94
2014-02-27,43.15
2014-02-28,43.32
2014-03-03,43.055
2014-03-04,44.555
2014-03-05,44.735
2014-03-06,45.47
2014-03-07,44.7
2014-03-10,44.46
2014-03-11,44.405
2014-03-12,44.415
2014-03-13,43.705
2014-03-14,45.745
2014-03-17,45.95
2014-03-18,46.28
2014-03-19,46.19
2014-03-20,46.21
2014-03-21,45.38
2014-03-24,45.66
2014-03-25,46.415
2014-03-26,46.01
2014-03-27,45.79
2014-03-28,45.365
2014-03-31,46.655
2014-04-01,47.05
2014-04-02,47.44
2014-04-03,47.405
2014-04-04,46.165
2014-04-07,44.91
2014-04-08,45.405
2014-04-09,47.52
2014-04-10,45.835
2014-04-11,45.26
2014-04-14,44.675
2014-04-15,44.925
2014-04-16,46.16
2014-04-17,46.47
2014-04-21,46.31
2014-04-22,46.895
2014-04-23,47.98
2014-04-24,47.375
2014-04-25,46.715
2014-04-28,46.685
2014-04-29,46.97
2014-04-30,47.04
2014-05-01,47.99
2014-05-02,47.8
2014-05-05,47.585
2014-05-06,47.345
2014-05-07,47.035
2014-05-08,47.35
2014-05-09,47.33
2014-05-12,48.945
2014-05-13,48.91
2014-05-14,48.51
2014-05-15,47.825
2014-05-16,47.805
2014-05-19,48.505
2014-05-20,47.905
2014-05-21,47.94
2014-05-22,48.425
2014-05-23,49.025
2014-05-27,49.11
2014-05-28,49.705
2014-05-29,49.705
2014-05-30,49.23
2014-06-02,50.035
2014-06-03,49.945
2014-06-04,49.615
2014-06-05,49.45
2014-06-06,49.955
2014-06-09,49.505
2014-06-10,49.37
2014-06-11,48.42
2014-06-12,46.485
2014-06-13,47.57
2014-06-16,46.705
2014-06-17,47.47
2014-06-18,47.58
2014-06-19,47.44
2014-06-20,47.51
2014-06-23,46.91
2014-06-24,46.795
2014-06-25,47.65
2014-06-26,47.27
2014-06-27,47.69
2014-06-30,47.525
2014-07-01,48.79
2014-07-02,47.905
2014-07-03,48.4
2014-07-07,47.325
2014-07-08,48.395
2014-07-09,48.43
2014-07-10,49.01
2014-07-11,49.34
2014-07-14,49.75
2014-07-15,49.78
2014-07-16,49.44
2014-07-17,48.16
2014-07-18,48.73
2014-07-21,48.35
2014-07-22,48.87
2014-07-23,49.69
2014-07-24,45.03
2014-07-25,45.77
2014-07-28,45.68
2014-07-29,46.18
2014-07-30,44.9
2014-07-31,43.97
2014-08-01,44.45
2014-08-04,43.5
2014-08-05,42.72
2014-08-06,42.94
2014-08-07,42.76
2014-08-08,43.21
2014-08-11,43.88
2014-08-12,43.67
2014-08-13,44.67
2014-08-14,45.2
2014-08-15,45.46
2014-08-18,47.01
2014-08-19,46.8
2014-08-20,47.14
2014-08-21,46.03
2014-08-22,46.49
2014-08-25,46.89
2014-08-26,46.28
2014-08-27,46.5
2014-08-28,46.53
2014-08-29,46.34
2014-09-02,48.24
2014-09-03,47.54
2014-09-04,47.63
2014-09-05,47.14
2014-09-08,47.33
2014-09-09,46.6
2014-09-10,47.49
2014-09-11,47.36
2014-09-12,47.27
2014-09-15,46.26
2014-09-16,46.75
2014-09-17,46.16
2014-09-18,46.84
2014-09-19,46.22
2014-09-22,45.21
2014-09-23,44.1
2014-09-24,44.84
2014-09-25,43.72
2014-09-26,44.42
2014-09-29,43.85
2014-09-30,43.54
2014-10-01,42.74
2014-10-02,42.92
2014-10-03,44.15
2014-10-06,43.49
2014-10-07,42.8
2014-10-08,42.86
2014-10-09,42.68
2014-10-10,42.46
2014-10-13,41.58
2014-10-14,42.69
2014-10-15,41.99
2014-10-16,43.8
2014-10-17,44.7
2014-10-20,46.22
2014-10-21,47.38
2014-10-22,46.77
2014-10-23,49.95
2014-10-24,50.2
2014-10-27,51.82
2014-10-28,52.79
2014-10-29,52.91
2014-10-30,52.14
2014-10-31,53.23
2014-11-03,54.43
2014-11-04,55.39
2014-11-05,53.97
2014-11-06,55.4
2014-11-07,55.14
2014-11-10,56.32
2014-11-11,56.14
2014-11-12,56.17
2014-11-13,56.24
2014-11-14,55.34
2014-11-17,54.86
2014-11-18,55.86
2014-11-19,54.8
2014-11-20,54.24
2014-11-21,54.5
2014-11-24,55.33
2014-11-25,55.91
2014-11-26,56.2
2014-11-28,59.03
2014-12-01,55.41
2014-12-02,55.25
2014-12-03,56.76
2014-12-04,56.74
2014-12-05,57.26
2014-12-08,57.44
2014-12-09,56.4
2014-12-10,55.19
2014-12-11,55.97
2014-12-12,55.81
2014-12-15,57.65
2014-12-16,55.68
2014-12-17,56.03
2014-12-18,56.34
2014-12-19,56.16
2014-12-22,56.73
2014-12-23,56.75
2014-12-24,58.72
2014-12-26,59.02
2014-12-29,59.73
2014-12-30,59.77
2014-12-31,59.76
2015-01-02,60.33
2015-01-05,59.47
2015-01-06,58.77
2015-01-07,59.67
2015-01-08,60.7
2015-01-09,59.73
2015-01-12,60.61
2015-01-13,61.41
2015-01-14,61.54
2015-01-15,61.47
2015-01-16,62.35
2015-01-20,64.6
2015-01-21,64.98
2015-01-22,67.94
2015-01-23,68.65
2015-01-26,70.44
2015-01-27,69.7
2015-01-28,68.7
2015-01-29,71.07
2015-01-30,67.87
2015-02-02,67.32
2015-02-03,65.18
2015-02-04,66.7
2015-02-05,66.82
2015-02-06,65.92
2015-02-09,63.51
2015-02-10,65.37
2015-02-11,64.51
2015-02-12,62.75
2015-02-13,62.56
2015-02-17,62.23
2015-02-18,63.83
2015-02-19,62.94
2015-02-20,64.14
2015-02-23,64.14
2015-02-24,64.43
2015-02-25,63.44
2015-02-26,63.98
2015-02-27,63.65
2015-03-02,65.44
2015-03-03,66.16
2015-03-04,65.77
2015-03-05,64.64
2015-03-06,63.73
2015-03-09,63.98
2015-03-10,64.17
2015-03-11,65.08
2015-03-12,67.11
2015-03-13,66.66
2015-03-16,67.57
2015-03-17,68.8
2015-03-18,67.97
2015-03-19,68.35
2015-03-20,68.68
2015-03-23,67.49
2015-03-24,66.98
2015-03-25,64.6
2015-03-26,64.61
2015-03-27,65.59
2015-03-30,66.2
2015-03-31,66.18
2015-04-01,64
2015-04-02,63.07
2015-04-06,62.4
2015-04-07,62.76
2015-04-08,64.81
2015-04-09,64.15
2015-04-10,63.94
2015-04-13,63.33
2015-04-14,62.53
2015-04-15,62.02
2015-04-16,63.5
2015-04-17,62.97
2015-04-20,63.4
2015-04-21,64.93
2015-04-22,64.31
2015-04-23,66.34
2015-04-24,68.3
2015-04-27,67.4
2015-04-28,66.47
2015-04-29,65.34
2015-04-30,64.06
2015-05-01,65.3
2015-05-04,64.53
2015-05-05,62.97
2015-05-06,63.24
2015-05-07,64.96
2015-05-08,66.27
2015-05-11,66.33
2015-05-12,65.18
2015-05-13,64.71
2015-05-14,66.13
2015-05-15,66.5
2015-05-18,67.58
2015-05-19,66.99
2015-05-20,63.96
2015-05-21,64.69
2015-05-22,64.4
2015-05-26,62.37
2015-05-27,63.4
2015-05-28,63.74
2015-05-29,64.64
2015-06-01,66.09
2015-06-02,65.72
2015-06-03,65.86
2015-06-04,65.51
2015-06-05,65.66
2015-06-08,62.53
2015-06-09,60.65
2015-06-10,60.76
2015-06-11,61.82
2015-06-12,63.5
2015-06-15,62.66
2015-06-16,62.28
2015-06-17,62.03
2015-06-18,63.99
2015-06-19,64.65
2015-06-22,66.22
2015-06-23,66.52
2015-06-24,66.2
2015-06-25,65.43
2015-06-26,64.75
2015-06-29,63.86
2015-06-30,64.43
2015-07-01,64.3
2015-07-02,65.01
2015-07-06,66.16
2015-07-07,67.44
2015-07-08,66.12
2015-07-09,66.54
2015-07-10,70.55
2015-07-13,72.25
2015-07-14,73.62
2015-07-15,73.72
2015-07-16,74.69
2015-07-17,74.77
2015-07-20,74.14
2015-07-21,74.95
2015-07-22,75.83
2015-07-23,73.79
2015-07-24,74.1
2015-07-27,73.02
2015-07-28,74.32
2015-07-29,74.78
2015-07-30,75.16
2015-07-31,75.75
2015-08-03,78.02
2015-08-04,77.77
2015-08-05,79.03
2015-08-06,77.75
2015-08-07,77.99
2015-08-10,78.63
2015-08-11,79.96
2015-08-12,78.54
2015-08-13,79.29
2015-08-14,79.6
2015-08-17,81.51
2015-08-18,81.51
2015-08-19,80.99
2015-08-20,79.01
2015-08-21,76.14
2015-08-24,73.1
2015-08-25,74.55
2015-08-26,76.32
2015-08-27,76.24
2015-08-28,75.81
2015-08-31,74.86
2015-09-01,74.8
2015-09-02,78.83
2015-09-03,78.07
2015-09-04,78.58
2015-09-08,81.24
2015-09-09,81.77
2015-09-10,81.29
2015-09-11,81.87
2015-09-14,80.74
2015-09-15,79.74
2015-09-16,79.13
2015-09-17,79.69
2015-09-18,78.74
2015-09-21,82.09
2015-09-22,78.65
2015-09-23,80.07
2015-09-24,78.98
2015-09-25,80.7
2015-09-28,78.11
2015-09-29,78.38
2015-09-30,79.45
2015-10-01,80.23
2015-10-02,79.26
2015-10-05,80.91
2015-10-06,74.53
2015-10-07,75.97
2015-10-08,75.76
2015-10-09,75.92
2015-10-12,77.99
2015-10-13,73.92
2015-10-14,73.45
2015-10-15,75.98
2015-10-16,75.83
2015-10-19,76.87
2015-10-20,76.49
2015-10-21,74.73
2015-10-22,75.97
2015-10-23,79.09
2015-10-26,79.16
2015-10-27,77.95
2015-10-28,75.19
2015-10-29,75.77
2015-10-30,76.25
2015-11-02,77.13
2015-11-03,77.68
2015-11-04,77.41
2015-11-05,78.06
2015-11-06,78.08
2015-11-09,77.31
2015-11-10,78.57
2015-11-11,77.57
2015-11-12,76.68
2015-11-13,75.96
2015-11-16,76.85
2015-11-17,77.54
2015-11-18,78.09
2015-11-19,79.23
2015-11-20,81.86
2015-11-23,80.41
2015-11-24,79.6
2015-11-25,79.61
2015-11-27,79.76
2015-11-30,79.73
2015-12-01,81.17
2015-12-02,81.7
2015-12-03,80.55
2015-12-04,84.91
2015-12-07,86.33
2015-12-08,85.62
2015-12-09,83.51
2015-12-10,84.36
2015-12-11,82.77
2015-12-14,82.15
2015-12-15,82.13
2015-12-16,82.75
2015-12-17,81.13
2015-12-18,79.95
2015-12-21,82.5
2015-12-22,81.72
2015-12-23,82.16
2015-12-24,82.12
2015-12-28,82.42
2015-12-29,82.77
2015-12-30,81.44
2015-12-31,80.51
2016-01-04,78.4
2016-01-05,77.09
2016-01-06,78.2
2016-01-07,73.99
2016-01-08,70.38
2016-01-11,70.67
2016-01-12,71.04
2016-01-13,67.66
2016-01-14,68.75
2016-01-15,68.73
2016-01-19,67.05
2016-01-20,67.16
2016-01-21,72.61
2016-01-22,72.86
2016-01-25,69.79
2016-01-26,71.33
2016-01-27,70.02
2016-01-28,68.57
2016-01-29,70.4
2016-02-01,70.29
2016-02-02,67.96
2016-02-03,67.27
2016-02-04,68.91
2016-02-05,64.56
2016-02-08,63.06
2016-02-09,65.63
2016-02-10,66.84
2016-02-11,66.94
2016-02-12,68.44
2016-02-16,69.6
2016-02-17,71.77
2016-02-18,72.32
2016-02-19,72.34
2016-02-22,72.39
2016-02-23,72.74
2016-02-24,73.6
2016-02-25,74.91
2016-02-26,74.57
2016-02-29,73.9
2016-03-01,77.07
2016-03-02,77.26
2016-03-03,78.25
2016-03-04,77.67
2016-03-07,77.2
2016-03-08,76.4
2016-03-09,77.32
2016-03-10,76.39
2016-03-11,80.77
2016-03-14,79.79
2016-03-15,79.99
2016-03-16,80.53
2016-03-17,80.98
2016-03-18,82.03
2016-03-21,82.26
2016-03-22,82.03
2016-03-23,81.12
2016-03-24,80.59
2016-03-28,81.49
2016-03-29,82.35
2016-03-30,82.33
2016-03-31,82.02
2016-04-01,82.01
2016-04-04,78.92
2016-04-05,79.68
2016-04-06,79.64
2016-04-07,78.28
2016-04-08,79.08
2016-04-11,78.48
2016-04-12,79.25
2016-04-13,81.87
2016-04-14,81.86
2016-04-15,82.38
2016-04-18,82.24
2016-04-19,82.12
2016-04-20,81.6
2016-04-21,79.38
2016-04-22,76.81
2016-04-25,74.45
2016-04-26,74.35
2016-04-27,73.58
2016-04-28,72.01
2016-04-29,70.43
2016-05-02,70.53
2016-05-03,70.41
2016-05-04,69.1
2016-05-05,69.14
2016-05-06,68.51
2016-05-09,68.8
2016-05-10,69.33
2016-05-11,67.6
2016-05-12,65.57
2016-05-13,66.26
2016-05-16,66.31
2016-05-17,65.44
2016-05-18,66.42
2016-05-19,65.39
2016-05-20,65.21
2016-05-23,65.34
2016-05-24,66.87
2016-05-25,66.91
2016-05-26,66.14
2016-05-27,66.82
2016-05-31,66.4
2016-06-01,65.96
2016-06-02,65.94
2016-06-03,65.08
2016-06-06,65.21
2016-06-07,66.33
2016-06-08,66.39
2016-06-09,67.5
2016-06-10,66.92
2016-06-13,64.29
2016-06-14,61.52
2016-06-15,61.16
2016-06-16,60.37
2016-06-17,59.88
2016-06-20,59.48
2016-06-21,60.46
2016-06-22,59.68
2016-06-23,59.14
2016-06-24,56.49
2016-06-27,55.66
2016-06-28,56.71
2016-06-29,57.69
2016-06-30,58.29
2016-07-01,58.74
2016-07-05,58.63
2016-07-06,58.54
2016-07-07,59.47
2016-07-08,59.86
2016-07-11,60.16
2016-07-12,63.25
2016-07-13,63.17
2016-07-14,64.86
2016-07-15,65.04
2016-07-18,64.24
2016-07-19,63.87
2016-07-20,63.49
2016-07-21,64.71
2016-07-22,64.6
2016-07-25,65.4
2016-07-26,66.53
2016-07-27,67.87
2016-07-28,68.46
2016-07-29,67.22
2016-08-01,67.65
2016-08-02,64.89
2016-08-03,65.1
2016-08-04,65.1
2016-08-05,66.23
2016-08-08,65.86
2016-08-09,64.99
2016-08-10,64.84
2016-08-11,66.11
2016-08-12,65.38
2016-08-15,66.12
2016-08-16,66
2016-08-17,67.35
2016-08-18,67.7
2016-08-19,67.07
2016-08-22,66.86
2016-08-23,67.35
2016-08-24,67.92
2016-08-25,68.34
2016-08-26,67.27
2016-08-29,67.04
2016-08-30,67.55
2016-08-31,67.53
2016-09-01,67.26
2016-09-02,68.21
2016-09-06,69
2016-09-07,71.03
2016-09-08,71.32
2016-09-09,68.86
2016-09-12,69.79
2016-09-13,68.32
2016-09-14,66.65
2016-09-15,66.81
2016-09-16,65.7
2016-09-19,65.69
2016-09-20,65.5
2016-09-21,66.7
2016-09-22,66.04
2016-09-23,65.77
2016-09-26,64.6
2016-09-27,65.99
2016-09-28,66.2
2016-09-29,65.31
2016-09-30,65.86
2016-10-03,67.09
2016-10-04,68.71
2016-10-05,68.31
2016-10-06,69.09
2016-10-07,68.11
2016-10-10,69.91
2016-10-11,69.33
2016-10-12,70.43
2016-10-13,72.96
2016-10-14,72.31
2016-10-17,71.94
2016-10-18,72.11
2016-10-19,73.46
2016-10-20,75.29
2016-10-21,74.56
2016-10-24,73.61
2016-10-25,72.4
2016-10-26,71.13
2016-10-27,71.12
2016-10-28,71.78
2016-10-31,72.22
2016-11-01,71.43
2016-11-02,70.96
2016-11-03,69.66
2016-11-04,70.26
2016-11-07,72.57
2016-11-08,72.71
2016-11-09,73.18
2016-11-10,74.97
2016-11-11,75.23
2016-11-14,77.83
2016-11-15,78.24
2016-11-16,77.77
2016-11-17,78.85
2016-11-18,79.47
2016-11-21,78.78
2016-11-22,81.53
2016-11-23,82.96
2016-11-25,82.75
2016-11-28,82.43
2016-11-29,82.78
2016-11-30,82.27
2016-12-01,82.86
2016-12-02,84.83
2016-12-05,83.12
2016-12-06,84.8
2016-12-07,87.67
2016-12-08,88.55
2016-12-09,89.77
2016-12-12,86.73
2016-12-13,86.87
2016-12-14,86.38
2016-12-15,90.12
2016-12-16,88.73
2016-12-19,90.33
2016-12-20,91.56
2016-12-21,91.12
2016-12-22,89.1
2016-12-23,90.43
2016-12-27,90.54
2016-12-28,88.69
2016-12-29,88.53
2016-12-30,88.73
2017-01-03,88
2017-01-04,89.18
2017-01-05,87.76
2017-01-06,86.98
2017-01-09,87.47
2017-01-10,92
2017-01-11,93.8
2017-01-12,93.26
2017-01-13,94.32
2017-01-17,93.41
2017-01-18,92.93
2017-01-19,94.22
2017-01-20,94.71
2017-01-23,93.07
2017-01-24,92.86
2017-01-25,93.38
2017-01-26,95.9
2017-01-27,95.13
2017-01-30,94.16
2017-01-31,93.82
2017-02-01,93.63
2017-02-02,94.53
2017-02-03,94.09
2017-02-06,95.12
2017-02-07,94.1
2017-02-08,97.2
2017-02-09,98.41
2017-02-10,97.35
2017-02-13,98.02
2017-02-14,96.3
2017-02-15,96.96
2017-02-16,96.69
2017-02-17,96.6
2017-02-21,96.61
2017-02-22,97.25
2017-02-23,95.89
2017-02-24,97.01
2017-02-27,97.84
2017-02-28,97.82
2017-03-01,100.24
2017-03-02,96.36
2017-03-03,98.94
2017-03-06,96.63
2017-03-07,95.12
2017-03-08,95.2
2017-03-09,94.78
2017-03-10,96.61
2017-03-13,96.58
2017-03-14,94.5
2017-03-15,95.36
2017-03-16,94.14
2017-03-17,93.36
2017-03-20,94.82
2017-03-21,92.11
2017-03-22,92.92
2017-03-23,94.05
2017-03-24,94.7
2017-03-27,95
2017-03-28,96.33
2017-03-29,94.3
2017-03-30,93.66
2017-03-31,92.22
2017-04-03,92.37
2017-04-04,90.22
2017-04-05,90.05
2017-04-06,89.43
2017-04-07,89.17
2017-04-10,89.04
2017-04-11,88.84
2017-04-12,88.66
2017-04-13,86.33
2017-04-17,86.91
2017-04-18,86.53
2017-04-19,87.19
2017-04-20,88.37
2017-04-21,89.11
2017-04-24,90.68
2017-04-25,91.42
2017-04-26,88.25
2017-04-27,84.93
2017-04-28,85.09
2017-05-01,84.42
2017-05-02,86.49
2017-05-03,86.6
2017-05-04,85.43
2017-05-05,85.24
2017-05-08,83.53
2017-05-09,84.21
2017-05-10,83.19
2017-05-11,83.65
2017-05-12,83.59
2017-05-15,84.87
2017-05-16,84.73
2017-05-17,82.19
2017-05-18,83.04
2017-05-19,84.57
2017-05-22,85.28
2017-05-23,85.78
2017-05-24,84.54
2017-05-25,86.58
2017-05-26,86.62
2017-05-30,85.81
2017-05-31,87.05
2017-06-01,88.23
2017-06-02,89.31
2017-06-05,89.3
2017-06-06,89.2
2017-06-07,91.69
2017-06-08,90.54
2017-06-09,89.93
2017-06-12,89.04
2017-06-13,88.91
2017-06-14,89.17
2017-06-15,88.41
2017-06-16,88.74
2017-06-19,90.77
2017-06-20,89.39
2017-06-21,90.83
2017-06-22,91.02
2017-06-23,91.63
2017-06-26,90.87
2017-06-27,88.92
2017-06-28,88.41
2017-06-29,89.1
2017-06-30,89.76
2017-07-03,90.22
2017-07-05,91.28
2017-07-06,91.4
2017-07-07,93.89
2017-07-10,92.94
2017-07-11,91.57
2017-07-12,94.63
2017-07-13,93.74
2017-07-14,92.63
2017-07-17,92.08
2017-07-18,90.75
2017-07-19,90.27
2017-07-20,89.1
2017-07-21,88.25
2017-07-24,87.01
2017-07-25,87.13
2017-07-26,87.72
2017-07-27,87.98
2017-07-28,86.32
2017-07-31,85.23
2017-08-01,85.51
2017-08-02,85.64
2017-08-03,84.99
2017-08-04,85.87
2017-08-07,86
2017-08-08,85.15
2017-08-09,84.34
2017-08-10,83.79
2017-08-11,84.47
2017-08-14,85.09
2017-08-15,83.91
2017-08-16,83.81
2017-08-17,80.02
2017-08-18,78.45
2017-08-21,77.98
2017-08-22,77.11
2017-08-23,74.91
2017-08-24,73.52
2017-08-25,75.53
2017-08-28,74.31
2017-08-29,74.38
2017-08-30,74.13
2017-08-31,74.66
2017-09-01,75.15
2017-09-05,73.05
2017-09-06,73.68
2017-09-07,73.16
2017-09-08,74.3
2017-09-11,75.59
2017-09-12,76.32
2017-09-13,76.21
2017-09-14,77.49
2017-09-15,75.28
2017-09-18,73.07
2017-09-19,72.24
2017-09-20,73
2017-09-21,72.91
2017-09-22,74.75
2017-09-25,74.79
2017-09-26,74.96
2017-09-27,75.1
2017-09-28,75.87
2017-09-29,76.27
2017-10-02,77.03
2017-10-03,80.15
2017-10-04,80.84
2017-10-05,79.75
2017-10-06,80.56
2017-10-09,80.41
2017-10-10,80.68
2017-10-11,81.52
2017-10-12,80.4
2017-10-13,80.96
2017-10-16,80.47
2017-10-17,80.52
2017-10-18,80.43
2017-10-19,78.83
2017-10-20,79.69
2017-10-23,78.74
2017-10-24,79.39
2017-10-25,68.92
2017-10-26,65.38
2017-10-27,66.58
2017-10-30,66.46
2017-10-31,66.03
2017-11-01,65.78
2017-11-02,63.65
2017-11-03,63.65
2017-11-06,63.94
2017-11-07,62.2
2017-11-08,62.08
2017-11-09,62.38
2017-11-10,62.42
2017-11-13,61.72
2017-11-14,61.68
2017-11-15,64.44
2017-11-16,65.87
2017-11-17,66.4
2017-11-20,66.1
2017-11-21,66.19
2017-11-22,65.58
2017-11-24,65.4
2017-11-27,65.36
2017-11-28,67.29
2017-11-29,69.11
2017-11-30,69.17
2017-12-01,66.91
2017-12-04,68.28
2017-12-05,68.1
2017-12-06,67.83
2017-12-07,69.37
2017-12-08,69.74
2017-12-11,69.72
2017-12-12,69.8
2017-12-13,69.02
2017-12-14,69.39
2017-12-15,70.83
2017-12-18,73.56
2017-12-19,73.19
2017-12-20,73.77
2017-12-21,74.69
2017-12-22,74.28
2017-12-26,74.84
2017-12-27,74.37
2017-12-28,74.57
2017-12-29,73.51
2018-01-02,75.01
2018-01-03,74.66
2018-01-04,73.85
2018-01-05,73.74
2018-01-08,72.75
2018-01-09,71.29
2018-01-10,72.05
2018-01-11,74.81
2018-01-12,73.52
2018-01-16,71.28
2018-01-17,70.82
2018-01-18,69.79
2018-01-19,68.88
2018-01-22,68.55
2018-01-23,69.47
2018-01-24,64.69
2018-01-25,62.07
2018-01-26,64.54
2018-01-29,65.48
2018-01-30,64.2
2018-01-31,65.73
2018-02-01,64.08
2018-02-02,64.56
2018-02-05,62.74
2018-02-06,63.19
2018-02-07,64.23
2018-02-08,64.04
2018-02-09,64.72
2018-02-12,66.01
2018-02-13,66.89
2018-02-14,66.76
2018-02-15,66.17
2018-02-16,64.97
2018-02-20,64.39
2018-02-21,64.69
2018-02-22,64.17
2018-02-23,64.98
2018-02-26,66.15
2018-02-27,64.89
2018-02-28,64.5
2018-03-01,64.65
2018-03-02,63.38
2018-03-05,63.62
2018-03-06,64.3
2018-03-07,64
2018-03-08,64.8
2018-03-09,64.8
2018-03-12,65.78
2018-03-13,68.79
2018-03-14,65.67
2018-03-15,65.92
2018-03-16,66.51
2018-03-19,65.1
2018-03-20,65.19
2018-03-21,64.21
2018-03-22,62.82
2018-03-23,61.88
2018-03-26,62.16
2018-03-27,61.49
2018-03-28,61.57
2018-03-29,61.96
2018-04-02,57.75
2018-04-03,60.11
2018-04-04,61.22
2018-04-05,62.11
2018-04-06,60.77
2018-04-09,59.81
2018-04-10,59.85
2018-04-11,59.06
2018-04-12,60.27
2018-04-13,63.95
2018-04-16,65.21
2018-04-17,64.99
2018-04-18,65.97
2018-04-19,65.52
2018-04-20,65.39
2018-04-23,69.11
2018-04-24,65.26
2018-04-25,66.39
2018-04-26,65.9
2018-04-27,66.02
2018-04-30,64.93
2018-05-01,65.44
2018-05-02,63.39
2018-05-03,62.92
2018-05-04,62.8
2018-05-07,61.65
2018-05-08,61.63
2018-05-09,60.39
2018-05-10,60.56
2018-05-11,60.53
2018-05-14,60.05
2018-05-15,58.75
2018-05-16,59.1
2018-05-17,58.6
2018-05-18,58.21
2018-05-21,57.94
2018-05-22,58.18
2018-05-23,58.42
2018-05-24,59.87
2018-05-25,61.87
2018-05-29,60.57
2018-05-30,60.28
2018-05-31,60.81
2018-06-01,60.86
2018-06-04,61.82
2018-06-05,61.24
2018-06-06,62.01
2018-06-07,62.17
2018-06-08,62.33
2018-06-11,62.87
2018-06-12,62.28
2018-06-13,61.64
2018-06-14,62.5
2018-06-15,63.04
2018-06-18,62.77
2018-06-19,62.47
2018-06-20,63.2
2018-06-21,64.05
2018-06-22,62.91
2018-06-25,61.74
2018-06-26,60.63
2018-06-27,60.01
2018-06-28,60.33
2018-06-29,60.39
2018-07-02,61.18
2018-07-03,61.67
2018-07-05,62.14
2018-07-06,62.34
2018-07-09,63.49
2018-07-10,62.89
2018-07-11,60.19
2018-07-12,60.86
2018-07-13,61.43
2018-07-16,61.41
2018-07-17,61.8
2018-07-18,63.19
2018-07-19,63.79
2018-07-20,60.63
2018-07-23,61.54
2018-07-24,59.01
2018-07-25,59.11
2018-07-26,64.76
2018-07-27,63.65
2018-07-30,62.38
2018-07-31,62.83
2018-08-01,61.08
2018-08-02,61.6
2018-08-03,62.8
2018-08-06,63.12
2018-08-07,63.86
2018-08-08,64.15
2018-08-09,63.75
2018-08-10,63.23
2018-08-13,61.89
2018-08-14,62.75
2018-08-15,63.74
2018-08-16,64.31
2018-08-17,65
2018-08-20,66.84
2018-08-21,66.59
2018-08-22,64.9
2018-08-23,64.7
2018-08-24,64.83
2018-08-27,65.68
2018-08-28,66.91
2018-08-29,67.37
2018-08-30,67.19
2018-08-31,67.49
2018-09-04,67.87
2018-09-05,68.38
2018-09-06,67.04
2018-09-07,66.88
2018-09-10,68.15
2018-09-11,68.97
2018-09-12,67.76
2018-09-13,68.42
2018-09-14,68.91
2018-09-17,69.28
2018-09-18,69.24
2018-09-19,69.68
2018-09-20,69.75
2018-09-21,70.08
2018-09-24,67.29
2018-09-25,66.15
2018-09-26,67.12
2018-09-27,68.98
2018-09-28,68.86
2018-10-01,67.76
2018-10-02,66.26
2018-10-03,66.69
2018-10-04,66.82
2018-10-05,66.08
2018-10-08,65.31
2018-10-09,62.61
2018-10-10,60.23
2018-10-11,59.81
2018-10-12,61.57
2018-10-15,61.86
2018-10-16,63.86
2018-10-17,64.49
2018-10-18,62.37
2018-10-19,62.58
2018-10-22,63.54
2018-10-23,62.99
2018-10-24,61.11
2018-10-25,63.06
2018-10-26,61.47
2018-10-29,61
2018-10-30,63.24
2018-10-31,61.42
2018-11-01,63.69
2018-11-02,63.88
2018-11-05,63.9
2018-11-06,64.6
2018-11-07,66.19
2018-11-08,65.71
2018-11-09,65.97
2018-11-12,65.76
2018-11-13,67.58
2018-11-14,67.21
2018-11-15,67.71
2018-11-16,67.99
2018-11-19,67.3
2018-11-20,67.02
2018-11-21,68.52
2018-11-23,69.41
2018-11-26,68.9
2018-11-27,70.75
2018-11-28,74.74
2018-11-29,72.94
2018-11-30,73.26
2018-12-03,72.84
2018-12-04,70.03
2018-12-06,69.61
2018-12-07,64.94
2018-12-10,63.48
2018-12-11,62.43
2018-12-12,62.02
2018-12-13,61.34
2018-12-14,62.3
2018-12-17,61.29
2018-12-18,62.66
2018-12-19,62.03
2018-12-20,60.68
2018-12-21,59.34
2018-12-24,57.58
2018-12-26,60.79
2018-12-27,60.74
2018-12-28,60.31
2018-12-31,60.85
2019-01-02,61.52
2019-01-03,58.12
2019-01-04,60
2019-01-07,60.12
2019-01-08,60.65
2019-01-09,62.18
2019-01-10,63.4
2019-01-11,64.14
2019-01-14,64.36
2019-01-15,64.28
2019-01-16,64.9
2019-01-17,64.42
2019-01-18,64.86
2019-01-22,63.96
2019-01-23,63.71
2019-01-24,65.78
2019-01-25,63.48
2019-01-28,64.53
2019-01-29,64.56
2019-01-30,64.66
2019-01-31,63.95
2019-02-01,64.36
2019-02-04,64.48
2019-02-05,64.74
2019-02-06,64.82
2019-02-07,65.23
2019-02-08,65.27
2019-02-11,66.3
2019-02-12,66.69
2019-02-13,66.7
2019-02-14,66.57
2019-02-15,66.32
2019-02-19,64.56
2019-02-20,63.34
2019-02-21,62.86
2019-02-22,62.4
2019-02-25,62.75
2019-02-26,62.94
2019-02-27,61.98
2019-02-28,61.7
2019-03-01,61.31
2019-03-04,59.5
2019-03-05,57.78
2019-03-06,55.83
2019-03-07,55.95
2019-03-08,55.62
2019-03-11,55.42
2019-03-12,54.09
2019-03-13,56.03
2019-03-14,55.49
2019-03-15,55.76
2019-03-18,55.81
2019-03-19,56.11
2019-03-20,55.19
2019-03-21,55.22
2019-03-22,54.25
2019-03-25,53.6
2019-03-26,53.91
2019-03-27,54.99
2019-03-28,55.17
2019-03-29,56.12
2019-04-01,57.32
2019-04-02,58.14
2019-04-03,57.79
2019-04-04,57.82
2019-04-05,58.54
2019-04-08,58.33
2019-04-09,57.84
2019-04-10,58.78
2019-04-11,59.71
2019-04-12,60.63
2019-04-15,60.06
2019-04-16,60.97
2019-04-17,61.38
2019-04-18,61.67
2019-04-22,60.3
2019-04-23,60.89
2019-04-24,60.8
2019-04-25,59.17
2019-04-26,60.62
2019-04-29,60.54
2019-04-30,61.9
2019-05-01,62.07
2019-05-02,62.34
2019-05-03,62.48
2019-05-06,62.19
2019-05-07,61.09
2019-05-08,60.69
2019-05-09,60.3
2019-05-10,61.27
2019-05-13,60.13
2019-05-14,61.38
2019-05-15,61.49
2019-05-16,62.64
2019-05-17,62.39
2019-05-20,61.95
2019-05-21,62.62
2019-05-22,60.68
2019-05-23,61.36
2019-05-24,60.59
2019-05-28,60.05
2019-05-29,59.27
2019-05-30,58.78
2019-05-31,58.2
2019-06-03,59.07
2019-06-04,60.86
2019-06-05,61.61
2019-06-06,60.95
2019-06-07,60.53
2019-06-10,60.64
2019-06-11,60.76
2019-06-12,60.96
2019-06-13,62.16
2019-06-14,63.12
2019-06-17,62.52
2019-06-18,62.94
2019-06-19,62.86
2019-06-20,60.72
2019-06-21,62.08
2019-06-24,62.42
2019-06-25,61.94
2019-06-26,61.91
2019-06-27,63.11
2019-06-28,63.91
2019-07-01,63.71
2019-07-02,63.09
2019-07-03,63.84
2019-07-05,64.07
2019-07-08,64.68
2019-07-09,63.69
2019-07-10,62.94
2019-07-11,63.31
2019-07-12,64.24
2019-07-15,63.36
2019-07-16,65.41
2019-07-17,63.78
2019-07-18,64.36
2019-07-19,63.49
2019-07-22,62.87
2019-07-23,65.1
2019-07-24,65.57
2019-07-25,63.86
2019-07-26,64.92
2019-07-29,63.97
2019-07-30,64.01
2019-07-31,63.36
2019-08-01,63.14
2019-08-02,63.27
2019-08-05,61.52
2019-08-06,62.47
2019-08-07,63.11
2019-08-08,64.53
2019-08-09,63.93
2019-08-12,62.11
2019-08-13,61.17
2019-08-14,59.23
2019-08-15,59.02
2019-08-16,60.36
2019-08-19,60.59
2019-08-20,60.11
2019-08-21,59.81
2019-08-22,59.73
2019-08-23,57.93
2019-08-26,58.38
2019-08-27,58.01
2019-08-28,58.74
2019-08-29,59.96
2019-08-30,59.72
2019-09-03,60.43
2019-09-04,61.77
2019-09-05,63.39
2019-09-06,63.09
2019-09-09,64.77
2019-09-10,64.99
2019-09-11,65.83
2019-09-12,65.68
2019-09-13,65.87
2019-09-16,64.66
2019-09-17,64.92
2019-09-18,64.93
2019-09-19,64.58
2019-09-20,65
2019-09-23,64.64
2019-09-24,64.65
2019-09-25,65.05
2019-09-26,64.57
2019-09-27,64.18
2019-09-30,64.91
2019-10-01,64.95
2019-10-02,62.72
2019-10-03,62.3
2019-10-04,63.51
2019-10-07,63.96
2019-10-08,63.18
2019-10-09,64.11
2019-10-10,64.88
2019-10-11,66.08
2019-10-14,66.21
2019-10-15,67.33
2019-10-16,66.83
2019-10-17,66.98
2019-10-18,66.84
2019-10-21,69.04
2019-10-22,69.19
2019-10-23,68.91
2019-10-24,68.76
2019-10-25,71.57
2019-10-28,70.08
2019-10-29,69.76
2019-10-30,70.38
2019-10-31,69.43
2019-11-01,70.15
2019-11-04,70.63
2019-11-05,71.38
2019-11-06,71.37
2019-11-07,70.93
2019-11-08,71.17
2019-11-11,71.91
2019-11-12,70.84
2019-11-13,70.52
2019-11-14,70.41
2019-11-15,70.38
2019-11-18,70.06
2019-11-19,70.07
2019-11-20,68.44
2019-11-21,68
2019-11-22,68.76
2019-11-25,68.79
2019-11-26,69.44
2019-11-27,69.17
2019-11-29,69.01
2019-12-02,68.11
2019-12-03,66.61
2019-12-04,66.92
2019-12-05,67.29
2019-12-06,68.32
2019-12-09,67.99
2019-12-10,67.24
2019-12-11,66.74
2019-12-12,67.69
2019-12-13,67.41
2019-12-16,69
2019-12-17,70.06
2019-12-18,69.03
2019-12-19,69.2
2019-12-20,69.34
2019-12-23,69.29
2019-12-24,69.09
2019-12-26,69.07
2019-12-27,68.29
2019-12-30,67.68
2019-12-31,67.75
2020-01-02,68.17
2020-01-03,66.92
2020-01-06,66.6
2020-01-07,66.18
2020-01-08,66.5
2020-01-09,66.37
2020-01-10,65.89
2020-01-13,65.87
2020-01-14,66.18
2020-01-15,66.59
2020-01-16,66.54
2020-01-17,66.62
2020-01-21,64.99
2020-01-22,65.59
2020-01-23,67.18
2020-01-24,66.72
2020-01-27,65.34
2020-01-28,65.54
2020-01-29,66.89
2020-01-30,66.01
2020-01-31,64.59
2020-02-03,64.65
2020-02-04,65.77
2020-02-05,66.33
2020-02-06,64.02
2020-02-07,63.96
2020-02-10,64.43
2020-02-11,64.55
2020-02-12,65.54
2020-02-13,66.5
2020-02-14,66.11
2020-02-18,65.49
2020-02-19,65.17
2020-02-20,65.36
2020-02-21,65.43
2020-02-24,63.01
2020-02-25,58.81
2020-02-26,57.37
2020-02-27,52.96
2020-02-28,50.46
2020-03-02,50.03
2020-03-03,47.37
2020-03-04,49.69
2020-03-05,43.46
2020-03-06,45.21
2020-03-09,43.19
2020-03-10,46.78
2020-03-11,45.7
2020-03-12,35.08
2020-03-13,37.95
2020-03-16,32.53
2020-03-17,32.53
2020-03-18,25.13
2020-03-19,24.18
2020-03-20,23.56
2020-03-23,24.03
2020-03-24,28.91
2020-03-25,29.84
2020-03-26,32.49
2020-03-27,29.87
2020-03-30,28.33
2020-03-31,28.47
2020-04-01,26.35
2020-04-02,24.66
2020-04-03,24.69
2020-04-06,26.67
2020-04-07,29.03
2020-04-08,29.14
2020-04-09,31.61
2020-04-13,29.51
2020-04-14,31.05
2020-04-15,30.08
2020-04-16,28.26
2020-04-17,29.93
2020-04-20,29.23
2020-04-21,28.29
2020-04-22,27.53
2020-04-23,28.2
2020-04-24,28.01
2020-04-27,27.85
2020-04-28,31.58
2020-04-29,34
2020-04-30,32.52
2020-05-01,30.11
2020-05-04,28.77
2020-05-05,28.97
2020-05-06,27.83
2020-05-07,28.25
2020-05-08,30
2020-05-11,28.36
2020-05-12,26.85
2020-05-13,25.52
2020-05-14,26.14
2020-05-15,25.63
2020-05-18,29.05
2020-05-19,28.66
2020-05-20,30.26
2020-05-21,31.84
2020-05-22,31.02
2020-05-26,35.03
2020-05-27,35.74
2020-05-28,34.46
2020-05-29,34.19
2020-06-01,36.11
2020-06-02,36.2
2020-06-03,39.3
2020-06-04,42.32
2020-06-05,42.72
2020-06-08,50.24
2020-06-09,46.1
2020-06-10,41.48
2020-06-11,35.59
2020-06-12,38.47
2020-06-15,37.77
2020-06-16,38.21
2020-06-17,37.41
2020-06-18,37.45
2020-06-19,36.29
2020-06-22,36.47
2020-06-23,36.83
2020-06-24,34.39
2020-06-25,35.48
2020-06-26,34.3
2020-06-29,36.91
2020-06-30,36.26
2020-07-01,35.7
2020-07-02,36.49
2020-07-06,37.08
2020-07-07,36.1
2020-07-08,36.26
2020-07-09,34.44
2020-07-10,35.73
2020-07-13,34.88
2020-07-14,35.49
2020-07-15,38.76
2020-07-16,37.28
2020-07-17,37
2020-07-20,35.89
2020-07-21,36.2
2020-07-22,36.3
2020-07-23,36.67
2020-07-24,35.06
2020-07-27,34.15
2020-07-28,35
2020-07-29,34.76
2020-07-30,34.66
2020-07-31,34.44
2020-08-03,34
2020-08-04,34.3
2020-08-05,35.76
2020-08-06,36.42
2020-08-07,36.61
2020-08-10,39.25
2020-08-11,38.98
2020-08-12,38.46
2020-08-13,37.79
2020-08-14,37.68
2020-08-17,36.26
2020-08-18,36.19
2020-08-19,35.85
2020-08-20,35.77
2020-08-21,35.43
2020-08-24,37.52
2020-08-25,37.71
2020-08-26,36.69
2020-08-27,38.5
2020-08-28,40.73
2020-08-31,38.95
2020-09-01,39.15
2020-09-02,40.47
2020-09-03,40.39
2020-09-04,40.82
2020-09-08,41.6
2020-09-09,40.67
2020-09-10,40.89
2020-09-11,40.33
2020-09-14,41.51
2020-09-15,42.18
2020-09-16,43.12
2020-09-17,42.15
2020-09-18,41.04
2020-09-21,37.64
2020-09-22,37.88
2020-09-23,36.86
2020-09-24,35.7
2020-09-25,36.7
2020-09-28,37.54
2020-09-29,36.67
2020-09-30,36.63
2020-10-01,36.91
2020-10-02,37.52
2020-10-05,37.57
2020-10-06,36.09
2020-10-07,37.02
2020-10-08,38.63
2020-10-09,38.69
2020-10-12,38.41
2020-10-13,38
2020-10-14,38.55
2020-10-15,38.03
2020-10-16,39.35
2020-10-19,39.58
2020-10-20,39.93
2020-10-21,39.69
2020-10-22,40.59
2020-10-23,41.57
2020-10-26,38.58
2020-10-27,37.47
2020-10-28,35.71
2020-10-29,36.78
2020-10-30,37.89
2020-11-02,38.27
2020-11-03,38.56
2020-11-04,37.8
2020-11-05,39.18
2020-11-06,38.26
2020-11-09,45.91
2020-11-10,45.52
2020-11-11,44.34
2020-11-12,42.41
2020-11-13,44.66
2020-11-16,47.16
2020-11-17,47.46
2020-11-18,47.72
2020-11-19,48.49
2020-11-20,47.72
2020-11-23,49.72
2020-11-24,52.37
2020-11-25,52.47
2020-11-27,51.55
2020-11-30,50.97
2020-12-01,50.94
2020-12-02,51.29
2020-12-03,53.01
2020-12-04,52.94
2020-12-07,51.01
2020-12-08,50.97
2020-12-09,50.36
2020-12-10,51.29
2020-12-11,49.88
2020-12-14,48.93
2020-12-15,50.33
2020-12-16,49.75
2020-12-17,50.17
2020-12-18,50.35
2020-12-21,50.22
2020-12-22,50.35
2020-12-23,51.84
2020-12-24,52.25
2020-12-28,52.58
2020-12-29,52.03
2020-12-30,52.9
2020-12-31,52
2021-01-04,49.24
2021-01-05,49.86
2021-01-06,51.52
2021-01-07,51.32
2021-01-08,50.98
2021-01-11,50.15
2021-01-12,51.69
2021-01-13,51.85
2021-01-14,55.42
2021-01-15,53.65
2021-01-19,54.71
2021-01-20,55.81
2021-01-21,54.96
2021-01-22,54.47
2021-01-25,52.9
2021-01-26,51.83
2021-01-27,48.85
2021-01-28,50.67
2021-01-29,48.83
2021-02-01,49.89
2021-02-02,50.66
2021-02-03,52.54
2021-02-04,54.48
2021-02-05,54.18
2021-02-08,57.08
2021-02-09,55.74
2021-02-10,57.36
2021-02-11,57.69
2021-02-12,57.56
2021-02-16,59.94
2021-02-17,59.99
2021-02-18,59.9
2021-02-19,62.28
2021-02-22,63.61
2021-02-23,66.52
2021-02-24,67.45
2021-02-25,65.56
2021-02-26,65.02
2021-03-01,64.83
2021-03-02,65.42
2021-03-03,65.96
2021-03-04,64.62
2021-03-05,64.89
2021-03-08,67.99
2021-03-09,66.89
2021-03-10,66.39
2021-03-11,65.69
2021-03-12,68.02
2021-03-15,71.98
2021-03-16,70.6
2021-03-17,73.2
2021-03-18,70.59
2021-03-19,70.78
2021-03-22,68.56
2021-03-23,65.66
2021-03-24,65.42
2021-03-25,67.75
2021-03-26,68.32
2021-03-29,67.5
2021-03-30,69.94
2021-03-31,69.21
2021-04-01,69.49
2021-04-05,71.09
2021-04-06,73.74
2021-04-07,72.36
2021-04-08,72.69
2021-04-09,72.63
2021-04-12,71.3
2021-04-13,70.22
2021-04-14,70.57
2021-04-15,69.43
2021-04-16,69.33
2021-04-19,68.77
2021-04-20,66.9
2021-04-21,68.83
2021-04-22,66.96
2021-04-23,69.21
2021-04-26,69.48
2021-04-27,69.08
2021-04-28,68.65
2021-04-29,68.57
2021-04-30,69.14
2021-05-03,68.69
2021-05-04,66.56
2021-05-05,66.91
2021-05-06,67.04
2021-05-07,67.9
2021-05-10,67.09
2021-05-11,65.54
2021-05-12,64.77
2021-05-13,67.16
2021-05-14,69.84
2021-05-17,71.67
2021-05-18,70.29
2021-05-19,69.33
2021-05-20,68.43
2021-05-21,68.07
2021-05-24,69.25
2021-05-25,68.25
2021-05-26,69.64
2021-05-27,70.43
2021-05-28,69.2
2021-06-01,69.54
2021-06-02,67.84
2021-06-03,65.46
2021-06-04,65.45
2021-06-07,65.56
2021-06-08,66.3
2021-06-09,65.62
2021-06-10,64.9
2021-06-11,65.48
2021-06-14,64.45
2021-06-15,64.33
2021-06-16,63.93
2021-06-17,62.64
2021-06-18,63.31
2021-06-21,65.02
2021-06-22,64.21
2021-06-23,63.78
2021-06-24,63.55
2021-06-25,63.27
2021-06-28,61.45
2021-06-29,60.13
2021-06-30,60.31
2021-07-01,61.43
2021-07-02,60.71
2021-07-06,59.19
2021-07-07,57.62
2021-07-08,57.78
2021-07-09,59.38
2021-07-12,59.67
2021-07-13,57.62
2021-07-14,57.55
2021-07-15,56.91
2021-07-16,54.62
2021-07-19,52.83
2021-07-20,55.48
2021-07-21,57.59
2021-07-22,57.98
2021-07-23,58.25
2021-07-26,60.56
2021-07-27,59.32
2021-07-28,59.66
2021-07-29,58.85
2021-07-30,58.03