,GLUX US Equity
2001-01-02,0.9375
2001-01-03,1.0625
2001-01-04,1
2001-01-08,0.9375
2001-01-09,0.875
2001-01-10,1
2001-01-11,1
2001-01-12,1.125
2001-01-16,1.125
2001-01-17,0.9375
2001-01-18,1
2001-01-19,1
2001-01-22,1.0625
2001-01-23,1
2001-01-24,1
2001-01-25,1.0625
2001-01-29,1.0625
2001-01-30,1.125
2001-01-31,1.1875
2001-02-01,1.0625
2001-02-02,1.125
2001-02-05,1.125
2001-02-06,1.125
2001-02-07,1.125
2001-02-08,1.21875
2001-02-09,1.25
2001-02-12,1.5
2001-02-13,2.25
2001-02-14,2.125
2001-02-15,2.1875
2001-02-16,2.25
2001-02-20,2.5
2001-02-21,2.125
2001-02-22,2
2001-02-23,1.6875
2001-02-26,1.6875
2001-02-27,1.6875
2001-02-28,1.6875
2001-03-01,1.875
2001-03-02,1.875
2001-03-05,1.9375
2001-03-06,2
2001-03-07,1.9375
2001-03-08,1.875
2001-03-09,2
2001-03-12,1.875
2001-03-13,1.875
2001-03-14,1.875
2001-03-15,1.75
2001-03-16,1.75
2001-03-19,1.75
2001-03-20,1.75
2001-03-23,1.75
2001-03-26,1.875
2001-03-27,1.875
2001-03-28,1.875
2001-03-29,1.84375
2001-04-02,1.6875
2001-04-03,1.75
2001-04-04,1.4375
2001-04-05,1.5
2001-04-06,1.5
2001-04-11,1.44
2001-04-12,1.45
2001-04-16,1.5
2001-04-17,1.37
2001-04-18,1.49
2001-04-19,1.42
2001-04-20,1.43
2001-04-25,1.42
2001-04-26,1.43
2001-04-27,1.52
2001-05-01,1.46
2001-05-02,1.6
2001-05-03,1.58
2001-05-04,1.6
2001-05-07,1.7
2001-05-08,1.6
2001-05-09,1.42
2001-05-10,1.5
2001-05-14,1.5
2001-05-15,1.45
2001-05-16,1.6
2001-05-17,1.38
2001-05-18,1.4
2001-05-21,1.57
2001-05-22,1.4
2001-05-23,1.4
2001-05-24,1.39
2001-05-25,1.33
2001-05-29,1.31
2001-05-30,1.31
2001-06-01,1.37
2001-06-05,1.36
2001-06-06,1.42
2001-06-07,1.37
2001-06-08,1.37
2001-06-13,1.37
2001-06-14,1.36
2001-06-15,1.3
2001-06-18,1.3
2001-06-19,1.18
2001-06-20,1.16
2001-06-21,1.01
2001-06-22,1.2
2001-06-25,1.2
2001-06-26,1.2
2001-06-27,1.19
2001-06-28,1.25
2001-07-06,1.19
2001-07-09,1.24
2001-07-10,1.24
2001-07-11,1.2
2001-07-12,1.24
2001-07-13,1.24
2001-07-17,1.2
2001-07-18,1.16
2001-07-20,1.03
2001-07-23,0.98
2001-07-24,1
2001-07-25,0.95
2001-07-26,0.95
2001-07-30,0.85
2001-07-31,0.86
2001-08-01,0.9
2001-08-06,0.96
2001-08-07,1
2001-08-08,0.91
2001-08-09,0.91
2001-08-10,0.85
2001-08-13,0.94
2001-08-14,0.81
2001-08-15,0.9
2001-08-21,0.86
2001-08-23,0.86
2001-08-27,0.8
2001-08-28,0.75
2001-08-29,0.75
2001-08-31,0.48
2001-09-04,0.5
2001-09-05,0.51
2001-09-06,0.6
2001-09-07,0.58
2001-09-10,0.63
2001-09-17,0.62
2001-09-18,0.54
2001-09-19,0.5
2001-09-20,0.4
2001-09-21,0.64
2001-09-24,0.64
2001-09-25,0.67
2001-09-27,0.67
2001-09-28,0.52
2001-10-01,0.7
2001-10-02,0.7
2001-10-05,0.52
2001-10-08,0.52
2001-10-09,0.52
2001-10-11,0.6
2001-10-12,0.63
2001-10-18,0.5
2001-10-19,0.45
2001-10-22,0.3
2001-10-23,0.25
2001-10-24,0.35
2001-10-25,0.44
2001-10-29,0.43
2001-10-30,0.34
2001-10-31,0.4
2001-11-01,0.5
2001-11-02,0.4
2001-11-05,0.74
2001-11-06,0.6
2001-11-08,0.7
2001-11-09,0.7
2001-11-12,0.52
2001-11-13,0.6
2001-11-14,0.55
2001-11-15,0.55
2001-11-16,0.53
2001-11-19,0.5
2001-11-20,0.49
2001-11-21,0.5
2001-11-23,0.55
2001-11-26,0.46
2001-11-27,0.5
2001-11-28,0.45
2001-11-29,0.4
2001-11-30,0.4
2001-12-04,0.5
2001-12-05,0.36
2001-12-06,0.4
2001-12-10,0.45
2001-12-11,0.5
2001-12-12,0.4
2001-12-13,0.5
2001-12-14,0.5
2001-12-17,0.5
2001-12-18,0.48
2001-12-20,0.42
2001-12-21,0.41
2001-12-24,0.41
2001-12-26,0.41
2001-12-27,0.41
2001-12-28,0.33
2001-12-31,0.42
2002-01-02,0.43
2002-01-03,0.39
2002-01-08,0.45
2002-01-09,0.45
2002-01-10,0.45
2002-01-11,0.45
2002-01-14,0.49
2002-01-15,0.41
2002-01-16,0.46
2002-01-17,0.46
2002-01-18,0.49
2002-01-22,0.465
2002-01-23,0.46
2002-01-24,0.49
2002-01-25,0.48
2002-01-28,0.41
2002-02-04,0.49
2002-02-05,0.41
2002-02-07,0.46
2002-02-08,0.49
2002-02-11,0.5
2002-02-12,0.36
2002-02-13,0.4
2002-02-14,0.49
2002-02-15,0.5
2002-02-20,0.49
2002-02-21,0.42
2002-02-22,0.5
2002-02-25,0.42
2002-02-27,0.41
2002-02-28,0.46
2002-03-01,0.45
2002-03-04,0.48
2002-03-05,0.5
2002-03-06,0.5
2002-03-07,0.5
2002-03-08,0.48
2002-03-11,0.45
2002-03-12,0.45
2002-03-13,0.45
2002-03-14,0.45
2002-03-18,0.45
2002-03-19,0.45
2002-03-20,0.49
2002-03-21,0.45
2002-03-22,0.5
2002-03-26,0.55
2002-03-27,0.5
2002-03-28,0.64
2002-04-01,0.69
2002-04-02,0.54
2002-04-04,0.68
2002-04-05,0.87
2002-04-08,0.72
2002-04-09,0.75
2002-04-10,0.75
2002-04-11,0.778
2002-04-12,0.77
2002-04-15,0.75
2002-04-16,0.5
2002-04-17,0.75
2002-04-18,0.57
2002-04-19,0.56
2002-04-22,0.529
2002-04-24,0.5
2002-04-25,0.375
2002-04-26,0.4
2002-04-29,0.4
2002-04-30,0.4
2002-05-01,0.35
2002-05-03,0.37
2002-05-06,0.38
2002-05-07,0.4
2002-05-08,0.5
2002-05-09,0.5
2002-05-13,0.48
2002-05-14,0.48
2002-05-16,0.4
2002-05-17,0.4
2002-05-20,0.43
2002-05-21,0.45
2002-05-24,0.45
2002-06-04,0.42
2002-06-07,0.38
2002-06-10,0.42
2002-06-13,0.42
2002-06-14,0.42
2002-06-17,0.4
2002-06-20,0.37
2002-06-24,0.37
2002-06-26,0.37
2002-06-27,0.37
2002-06-28,0.35
2002-07-01,0.37
2002-07-02,0.34
2002-07-03,0.4
2002-07-05,0.45
2002-07-08,0.3
2002-07-09,0.39
2002-07-11,0.37
2002-07-15,0.37
2002-07-16,0.38
2002-07-17,0.4
2002-07-22,0.36
2002-07-23,0.38
2002-07-24,0.4
2002-07-25,0.38
2002-07-29,0.381
2002-07-30,0.38
2002-08-02,0.359
2002-08-07,0.36
2002-08-08,0.25
2002-08-09,0.28
2002-08-12,0.3
2002-08-13,0.39
2002-08-14,0.2
2002-08-16,0.16
2002-08-19,0.35
2002-08-22,0.25
2002-08-26,0.25
2002-08-28,0.25
2002-08-29,0.2
2002-09-03,0.35
2002-09-04,0.2
2002-09-06,0.4
2002-09-09,0.3
2002-09-10,0.35
2002-09-11,0.25
2002-09-12,0.35
2002-09-13,0.35
2002-09-17,0.4
2002-09-18,0.35
2002-09-19,0.4
2002-09-20,0.35
2002-09-23,0.46
2002-09-25,0.46
2002-09-30,0.46
2002-10-01,0.46
2002-10-02,0.45
2002-10-04,0.35
2002-10-08,0.45
2002-10-11,0.46
2002-10-14,0.45
2002-10-15,0.45
2002-10-22,0.3
2002-10-25,0.44
2002-10-30,0.45
2002-11-01,0.2
2002-11-04,0.46
2002-11-05,0.2
2002-11-06,0.2
2002-11-11,0.25
2002-11-12,0.4
2002-11-13,0.25
2002-11-14,0.46
2002-11-15,0.46
2002-11-18,0.25
2002-11-19,0.25
2002-11-20,0.35
2002-12-05,0.45
2002-12-09,0.45
2002-12-10,0.21
2002-12-11,0.2
2002-12-13,0.2
2002-12-16,0.46
2002-12-17,0.25
2002-12-19,0.3
2002-12-20,0.3
2002-12-23,0.21
2002-12-24,0.21
2002-12-26,0.15
2002-12-27,0.15
2002-12-30,0.12
2002-12-31,0.12
2003-01-02,0.12
2003-01-03,0.4
2003-01-06,0.46
2003-01-07,0.44
2003-01-08,0.2
2003-01-09,0.46
2003-01-15,0.46
2003-01-16,0.3
2003-01-21,0.21
2003-01-23,0.19
2003-01-24,0.18
2003-01-30,0.25
2003-02-05,0.3
2003-02-10,0.2
2003-02-19,0.45
2003-02-25,0.2
2003-03-05,0.4
2003-03-06,0.15
2003-03-07,0.17
2003-03-10,0.21
2003-03-12,0.4
2003-03-17,0.21
2003-03-18,0.35
2003-04-01,0.35
2003-04-03,0.35
2003-04-07,0.4
2003-04-11,0.3
2003-04-14,0.25
2003-04-16,0.21
2003-04-17,0.25
2003-04-22,0.4
2003-04-24,0.42
2003-05-05,0.21
2003-05-13,0.2
2003-05-20,0.35
2003-05-21,0.4
2003-06-06,0.42
2003-06-10,0.42
2003-06-11,0.25
2003-06-12,0.25
2003-06-16,0.35
2003-06-17,0.35
2003-06-18,0.42
2003-06-20,0.35
2003-06-25,0.35
2003-06-27,0.3
2003-07-02,0.3
2003-07-03,0.4
2003-07-08,0.4
2003-07-09,0.5
2003-07-10,0.53
2003-07-11,0.35
2003-07-14,0.35
2003-07-15,0.35
2003-07-16,0.52
2003-07-23,0.495
2003-07-29,0.3
2003-07-30,0.32
2003-08-12,0.33
2003-08-14,0.5
2003-08-15,0.42
2003-08-18,0.5
2003-08-20,0.25
2003-08-29,0.5
2003-09-03,0.5
2003-09-09,0.5
2003-09-10,0.45
2003-09-11,0.45
2003-09-12,0.45
2003-09-15,0.45
2003-09-16,0.51
2003-09-17,0.5
2003-09-18,0.52
2003-09-19,0.45
2003-09-22,0.45
2003-09-23,0.45
2003-09-29,0.51
2003-10-02,0.51
2003-10-03,0.5
2003-10-14,0.53
2003-10-20,0.45
2003-10-21,0.53
2003-10-22,0.45
2003-10-23,0.55
2003-10-24,0.6
2003-10-27,0.46
2003-10-28,0.6
2003-10-29,0.5
2003-10-30,0.46
2003-10-31,0.46
2003-11-04,0.45
2003-11-07,0.5
2003-11-10,0.5
2003-11-11,0.46
2003-11-13,0.45
2003-11-14,0.35
2003-11-19,0.32
2003-11-21,0.5
2003-11-25,0.32
2003-11-26,0.5
2003-12-01,0.5
2003-12-02,0.32
2003-12-08,0.44
2003-12-09,0.32
2003-12-10,0.32
2003-12-11,0.32
2003-12-12,0.32
2003-12-15,0.32
2003-12-16,0.31
2003-12-17,0.16
2003-12-18,0.16
2003-12-22,0.16
2003-12-24,0.17
2003-12-29,0.16
2003-12-30,0.16
2003-12-31,0.44
2004-01-02,0.43
2004-01-07,0.45
2004-01-12,0.505
2004-01-13,0.3
2004-01-20,0.48
2004-01-21,0.34
2004-01-22,0.45
2004-01-27,0.45
2004-01-28,0.5
2004-02-02,0.51
2004-02-09,0.36
2004-02-10,0.4
2004-02-13,0.36
2004-02-19,0.36
2004-02-23,0.51
2004-02-27,0.5
2004-03-09,0.5
2004-03-10,0.5
2004-03-12,0.5
2004-03-17,0.59
2004-03-18,0.4
2004-03-19,0.61
2004-03-22,0.6
2004-03-23,0.52
2004-03-24,0.61
2004-03-25,0.68
2004-03-31,0.8
2004-04-01,0.78
2004-04-02,0.8
2004-04-06,0.85
2004-04-07,0.55
2004-04-08,0.65
2004-04-12,0.55
2004-04-13,0.65
2004-04-15,0.7
2004-04-19,0.85
2004-04-21,0.95
2004-04-26,1.05
2004-04-27,1.74
2004-04-28,1.5
2004-04-29,1.3
2004-05-03,1.1
2004-05-04,1.6
2004-05-06,1.6
2004-05-11,1.01
2004-05-12,1.01
2004-05-14,1.25
2004-05-17,1.35
2004-05-18,1.2
2004-05-19,1.02
2004-05-20,1.2
2004-05-21,1.35
2004-05-24,1.28
2004-05-25,1.15
2004-05-27,1.2
2004-05-28,1.35
2004-06-02,0.9
2004-06-03,0.9
2004-06-07,0.9
2004-06-08,0.95
2004-06-14,0.95
2004-06-16,0.9
2004-06-17,1
2004-06-18,1.04
2004-06-22,0.9
2004-06-23,0.9
2004-06-28,1.2
2004-06-30,1.2
2004-07-01,1.2
2004-07-02,0.9
2004-07-08,1.05
2004-07-12,0.9
2004-07-13,0.9
2004-07-22,0.9
2004-07-23,1.05
2004-08-03,0.9
2004-08-06,0.95
2004-08-09,0.56
2004-08-11,0.7
2004-08-16,0.75
2004-08-18,0.85
2004-08-24,0.9
2004-08-26,1
2004-08-27,1
2004-08-30,0.75
2004-09-01,0.8
2004-09-03,1
2004-09-07,1.01
2004-09-08,1.01
2004-09-10,0.78
2004-09-14,0.75
2004-09-16,0.75
2004-09-17,1.07
2004-09-20,0.75
2004-09-28,0.61
2004-09-29,1
2004-09-30,1
2004-10-01,1
2004-10-04,0.75
2004-10-06,0.75
2004-10-07,0.75
2004-10-12,0.75
2004-10-13,1
2004-10-15,1.01
2004-10-18,1.01
2004-10-27,0.9
2004-10-28,1.05
2004-11-08,1
2004-11-09,1.1
2004-11-11,1
2004-11-12,1.02
2004-11-15,1.15
2004-11-16,1
2004-11-17,1.05
2004-11-19,1
2004-11-22,0.66
2004-11-26,0.65
2004-11-29,1
2004-11-30,1.01
2004-12-02,1
2004-12-07,0.75
2004-12-09,0.75
2004-12-10,1.05
2004-12-14,1.01
2004-12-20,0.75
2004-12-21,0.75
2004-12-22,0.85
2004-12-23,1
2004-12-28,1
2004-12-31,1
2005-01-04,0.9
2005-01-06,0.89
2005-01-12,0.75
2005-01-14,0.75
2005-01-21,0.99
2005-01-24,0.98
2005-01-31,0.97
2005-02-01,0.97
2005-02-08,0.92
2005-02-09,0.92
2005-02-10,0.92
2005-02-14,0.92
2005-02-17,0.75
2005-02-18,0.7
2005-02-22,0.97
2005-02-24,0.97
2005-02-28,0.69
2005-03-04,0.75
2005-03-09,0.68
2005-03-15,0.7
2005-03-24,0.78
2005-03-29,0.8
2005-03-30,0.78
2005-03-31,0.8
2005-04-01,0.8
2005-04-05,0.78
2005-04-12,0.79
2005-04-14,0.79
2005-04-19,0.785
2005-04-20,0.78
2005-04-22,0.68
2005-04-25,0.68
2005-04-28,0.78
2005-05-02,0.7
2005-05-04,0.78
2005-05-11,0.7
2005-05-25,0.7
2005-06-02,0.85
2005-06-06,0.74
2005-06-07,0.74
2005-06-09,0.74
2005-06-13,0.74
2005-06-14,0.72
2005-06-15,0.7
2005-06-17,0.7
2005-06-23,0.77
2005-06-28,0.77
2005-06-29,0.52
2005-06-30,0.77
2005-07-05,0.77
2005-07-06,0.86
2005-07-07,0.77
2005-07-18,0.77
2005-07-19,0.7
2005-07-20,0.7
2005-07-25,0.7
2005-07-27,0.86
2005-07-29,0.9
2005-08-01,0.8
2005-08-03,0.7
2005-08-05,0.71
2005-08-09,0.7
2005-08-11,0.7
2005-08-12,0.88
2005-08-15,0.7
2005-08-16,0.7
2005-08-24,0.7
2005-09-06,0.7
2005-09-12,0.7
2005-09-13,0.7
2005-09-15,0.7
2005-09-21,0.9
2005-09-22,0.7
2005-10-05,0.68
2005-10-06,0.7
2005-10-10,0.68
2005-10-14,0.7
2005-10-17,0.7
2005-10-18,0.7
2005-10-21,0.6
2005-10-26,0.7
2005-11-03,0.7
2005-11-07,0.69
2005-11-08,0.65
2005-11-10,0.7
2005-11-14,0.9
2005-11-17,0.6
2005-11-25,0.88
2005-11-29,0.9
2005-12-01,0.9
2005-12-02,0.88
2005-12-07,0.88
2005-12-08,0.9
2005-12-09,0.85
2005-12-12,0.9
2005-12-13,0.89
2005-12-15,0.89
2005-12-16,0.9
2005-12-19,0.89
2005-12-20,0.89
2005-12-21,0.91
2005-12-22,0.89
2005-12-23,0.95
2005-12-27,1
2005-12-28,1
2005-12-30,1
2006-01-03,0.81
2006-01-05,1.01
2006-01-06,1.01
2006-01-09,1.02
2006-01-10,1.2
2006-01-11,1.01
2006-01-12,1.02
2006-01-13,1.01
2006-01-17,1.01
2006-01-19,1
2006-01-24,1
2006-01-27,0.61
2006-01-30,1
2006-01-31,0.7
2006-02-03,1
2006-02-06,1.05
2006-02-07,0.76
2006-02-10,0.77
2006-02-13,0.99
2006-02-14,1.05
2006-02-17,1.09
2006-02-21,1.1
2006-02-22,1.05
2006-02-23,1.05
2006-02-27,1.05
2006-02-28,1.15
2006-03-01,1.1
2006-03-06,1.05
2006-03-07,1.05
2006-03-08,1.1
2006-03-09,1.1
2006-03-13,1.1
2006-03-14,1.2
2006-03-16,1.15
2006-03-21,1.15
2006-03-23,1.15
2006-03-27,1.15
2006-03-28,1.2
2006-03-29,1.01
2006-03-30,1.25
2006-03-31,1.28
2006-04-03,1.26
2006-04-05,1.3
2006-04-06,1.25
2006-04-10,1.15
2006-04-11,1.15
2006-04-12,1.1
2006-04-13,1.15
2006-04-17,1.16
2006-04-18,1.2
2006-04-19,1.21
2006-04-20,1.22
2006-04-21,1.23
2006-04-24,1.24
2006-04-25,1.16
2006-04-26,1.3
2006-04-27,1.29
2006-04-28,1.2
2006-05-02,1.03
2006-05-03,1.03
2006-05-04,1.05
2006-05-05,1.1
2006-05-08,1.2
2006-05-09,1.2
2006-05-10,1.2
2006-05-11,1.15
2006-05-12,1.15
2006-05-15,1.15
2006-05-16,1.05
2006-05-17,1.05
2006-05-18,1.05
2006-05-19,1.05
2006-05-23,1.1
2006-05-24,1.2
2006-05-25,1.25
2006-05-26,1.26
2006-05-31,1.27
2006-06-01,1.3
2006-06-02,1.5
2006-06-05,1.7
2006-06-06,1.55
2006-06-07,1.3
2006-06-08,1.3
2006-06-09,1.3
2006-06-12,1.4
2006-06-15,1.2
2006-06-20,1.25
2006-06-21,1.2
2006-06-23,1.3
2006-06-26,1.3
2006-06-28,1.38
2006-06-29,1.4
2006-07-05,1.35
2006-07-07,1.4
2006-07-10,1.4
2006-07-11,1.4
2006-07-12,1.35
2006-07-13,1.4
2006-07-14,1.3
2006-07-17,1.4
2006-07-19,1.35
2006-07-20,1.4
2006-07-21,1.4
2006-07-24,1.4
2006-07-25,1.48
2006-07-27,1.45
2006-07-28,1.5
2006-07-31,1.5
2006-08-03,1.55
2006-08-07,1.6
2006-08-08,1.5
2006-08-10,1.6
2006-08-11,1.63
2006-08-15,1.65
2006-08-16,1.6
2006-08-17,1.6
2006-08-18,1.6
2006-08-22,1.6
2006-08-24,1.65
2006-08-25,1.63
2006-08-29,1.4
2006-08-30,1.5
2006-08-31,1.55
2006-09-05,1.55
2006-09-07,1.4
2006-09-08,1.36
2006-09-12,1.5
2006-09-14,1.4
2006-09-18,1.4
2006-09-22,1.5
2006-09-25,1.4
2006-10-02,1.5
2006-10-03,1.5
2006-10-05,1.5
2006-10-09,1.5
2006-10-11,1.48
2006-10-12,1.5
2006-10-16,1.48
2006-10-18,1.5
2006-10-19,1.5
2006-10-20,1.4
2006-10-24,1.5
2006-10-26,1.55
2006-10-27,1.6
2006-10-30,1.6
2006-10-31,1.65
2006-11-01,1.65
2006-11-03,1.6
2006-11-07,1.65
2006-11-08,1.6
2006-11-09,1.65
2006-11-10,1.75
2006-11-13,1.99
2006-11-14,2.05
2006-11-15,2.25
2006-11-17,2.15
2006-11-20,2.04
2006-11-21,2.1
2006-11-22,2.2
2006-11-24,2
2006-11-27,2
2006-11-28,1.91
2006-11-29,2.2
2006-11-30,2
2006-12-01,2.2
2006-12-04,2.2
2006-12-06,2.2
2006-12-07,2.2
2006-12-08,2.18
2006-12-11,2.05
2006-12-12,2.025
2006-12-13,2
2006-12-14,2
2006-12-15,2
2006-12-18,2
2006-12-20,2
2006-12-21,2.05
2006-12-22,2.04
2006-12-26,2.11
2006-12-28,2.15
2006-12-29,2.27
2007-01-03,2.35
2007-01-04,2.75
2007-01-05,2.8
2007-01-08,2.55
2007-01-09,2.43
2007-01-10,2.45
2007-01-11,2.55
2007-01-12,2.79
2007-01-16,2.75
2007-01-17,3.24
2007-01-18,3.2
2007-01-19,3.05
2007-01-22,3
2007-01-23,3
2007-01-24,3
2007-01-25,3.15
2007-01-26,3.08
2007-01-29,3.01
2007-01-30,3.2
2007-01-31,3.2
2007-02-01,3.2
2007-02-02,3.15
2007-02-05,3.2
2007-02-06,3.1
2007-02-07,3.15
2007-02-08,3.1
2007-02-09,3.18
2007-02-12,3.25
2007-02-13,3.27
2007-02-14,3.28
2007-02-15,3.3
2007-02-16,3.25
2007-02-20,3.1
2007-02-21,2.4
2007-02-22,2.6
2007-02-23,2.8
2007-02-26,2.65
2007-02-27,2.43
2007-02-28,2.4
2007-03-01,2.4
2007-03-02,2.5
2007-03-05,2.35
2007-03-06,2.4
2007-03-07,2.4
2007-03-08,2.25
2007-03-09,2.24
2007-03-12,2.24
2007-03-13,2.3
2007-03-14,2.35
2007-03-15,2.37
2007-03-16,2.46
2007-03-19,2.55
2007-03-20,2.55
2007-03-21,2.65
2007-03-22,2.7
2007-03-27,2.8
2007-03-28,2.75
2007-03-29,2.7
2007-03-30,2.8
2007-04-02,3.2
2007-04-03,2.8
2007-04-04,2.73
2007-04-05,2.8
2007-04-09,2.85
2007-04-10,2.7
2007-04-12,2.8
2007-04-13,2.85
2007-04-16,2.85
2007-04-17,2.9
2007-04-18,2.75
2007-04-19,2.7
2007-04-20,2.6
2007-04-23,2.7
2007-04-24,2.75
2007-04-26,2.7
2007-04-27,2.75
2007-04-30,2.8
2007-05-02,2.8
2007-05-03,2.7
2007-05-04,2.71
2007-05-07,2.75
2007-05-08,2.78
2007-05-09,2.82
2007-05-10,2.82
2007-05-14,2.71
2007-05-15,2.66
2007-05-16,2.7
2007-05-17,2.71
2007-05-22,2.63
2007-05-23,2.66
2007-05-24,2.67
2007-05-25,2.7
2007-05-29,2.71
2007-05-30,2.74
2007-05-31,2.75
2007-06-01,2.75
2007-06-04,2.75
2007-06-05,2.7
2007-06-06,2.75
2007-06-07,2.7
2007-06-08,2.68
2007-06-11,2.7
2007-06-12,2.35
2007-06-13,2.55
2007-06-14,2.5
2007-06-15,2.6
2007-06-18,2.5
2007-06-19,2.55
2007-06-20,2.35
2007-06-22,2.5
2007-06-25,2.55
2007-06-26,2.6
2007-06-27,2.65
2007-06-29,2.65
2007-07-02,2.65
2007-07-03,2.7
2007-07-05,2.55
2007-07-06,2.75
2007-07-09,2.7
2007-07-10,2.65
2007-07-11,2.7
2007-07-12,2.7
2007-07-13,2.75
2007-07-16,2.6
2007-07-17,2.65
2007-07-18,2.67
2007-07-19,2.7
2007-07-20,2.72
2007-07-23,2.7
2007-07-24,2.7
2007-07-25,2.7
2007-07-26,2.7
2007-07-31,2.7
2007-08-02,2.6
2007-08-03,2.46
2007-08-06,2.52
2007-08-07,2.55
2007-08-08,2.65
2007-08-09,2.65
2007-08-10,2.65
2007-08-14,2.65
2007-08-15,2.65
2007-08-16,2.48
2007-08-20,2.6
2007-08-21,2.55
2007-08-23,2.55
2007-08-24,2.58
2007-08-28,2.6
2007-08-30,2.6
2007-08-31,2.65
2007-09-04,2.6
2007-09-05,2.65
2007-09-07,2.7
2007-09-10,2.71
2007-09-11,2.65
2007-09-14,2.7
2007-09-17,2.7
2007-09-19,2.8
2007-09-20,2.55
2007-09-21,2.48
2007-09-24,2.45
2007-09-27,2.47
2007-09-28,2.48
2007-10-01,2.49
2007-10-02,2.5
2007-10-03,2.45
2007-10-05,2.54
2007-10-08,2.55
2007-10-09,2.56
2007-10-10,2.55
2007-10-11,2.56
2007-10-12,2.57
2007-10-15,2.4
2007-10-16,2.45
2007-10-17,2.4
2007-10-18,2.45
2007-10-23,2.45
2007-10-24,2.5
2007-10-25,2.52
2007-10-26,2.55
2007-10-29,2.6
2007-10-30,2.39
2007-10-31,2.45
2007-11-01,2.41
2007-11-02,2.4
2007-11-05,2.37
2007-11-06,2.37
2007-11-07,2.3
2007-11-08,2.22
2007-11-09,2.3
2007-11-12,2.35
2007-11-13,2.3
2007-11-14,2.35
2007-11-15,2.3
2007-11-16,2.3
2007-11-19,2.33
2007-11-20,2.28
2007-11-21,2.3
2007-11-23,2.34
2007-11-26,2.35
2007-11-27,2.4
2007-11-28,2.32
2007-11-29,2
2007-11-30,2.25
2007-12-04,2.2
2007-12-05,2.25
2007-12-06,2.25
2007-12-07,2.2
2007-12-10,2.2
2007-12-11,2.15
2007-12-12,2.2
2007-12-13,2.2
2007-12-17,2.12
2007-12-18,2.2
2007-12-19,2.15
2007-12-21,2.15
2007-12-24,2.2
2007-12-27,2.1
2007-12-28,2.05
2007-12-31,2.3
2008-01-02,2.25
2008-01-04,2.15
2008-01-08,2.12
2008-01-09,2.2
2008-01-10,2.25
2008-01-11,2.15
2008-01-14,2.12
2008-01-15,2.15
2008-01-18,2.15
2008-01-22,2.2
2008-01-23,2.03
2008-01-24,2.1
2008-01-25,2.2
2008-01-28,2.12
2008-01-29,2.15
2008-01-30,2.16
2008-02-01,2.2
2008-02-04,2.25
2008-02-05,2.3
2008-02-06,2.35
2008-02-08,2.4
2008-02-11,2.25
2008-02-14,2.35
2008-02-19,2.25
2008-02-20,2.2
2008-02-21,2.15
2008-02-22,2.15
2008-02-25,2.15
2008-02-27,2.1
2008-02-28,2.15
2008-03-05,2.12
2008-03-07,2.12
2008-03-12,2.15
2008-03-13,2.16
2008-03-14,2.18
2008-03-20,2.2
2008-03-24,2.3
2008-03-25,2.25
2008-03-26,2.25
2008-03-27,2.25
2008-03-28,2.3
2008-03-31,2.1
2008-04-01,2.25
2008-04-02,2.25
2008-04-03,2.25
2008-04-04,2.2
2008-04-07,2.25
2008-04-08,2.05
2008-04-09,2.05
2008-04-10,2.14
2008-04-11,2.15
2008-04-14,2.2
2008-04-15,2.16
2008-04-16,2.17
2008-04-17,2.2
2008-04-18,2.21
2008-04-21,2.18
2008-04-22,2.2
2008-04-23,2.21
2008-04-24,2.2
2008-04-25,2.21
2008-04-28,2.21
2008-04-30,2.3
2008-05-01,2.35
2008-05-05,2.19
2008-05-06,2.15
2008-05-07,2.2
2008-05-08,2.15
2008-05-09,2.2
2008-05-12,2.2
2008-05-13,2.1
2008-05-14,2.1
2008-05-19,2.06
2008-05-20,2.05
2008-05-23,2.1
2008-05-28,2.05
2008-05-29,2.05
2008-05-30,2.1
2008-06-03,2.15
2008-06-04,2.15
2008-06-05,2.15
2008-06-06,2.05
2008-06-09,2.1
2008-06-10,2.12
2008-06-11,2.13
2008-06-13,2.05
2008-06-16,2.2
2008-06-17,2.14
2008-06-18,2.15
2008-06-19,2.2
2008-06-23,2.15
2008-06-24,2
2008-06-25,2.17
2008-06-26,2.15
2008-07-03,2.07
2008-07-07,2.08
2008-07-08,2.2
2008-07-11,2.01
2008-07-14,2.01
2008-07-15,2.05
2008-07-16,2.1
2008-07-22,2.05
2008-07-23,2.1
2008-07-24,2.05
2008-07-25,2.1
2008-07-28,2.12
2008-07-29,2.19
2008-07-30,2.15
2008-07-31,2.1
2008-08-01,2
2008-08-04,2
2008-08-05,2
2008-08-06,2.2
2008-08-07,2.5
2008-08-08,2
2008-08-12,2
2008-08-13,2.1
2008-08-14,2.15
2008-08-15,2.2
2008-08-18,2.32
2008-08-20,2.35
2008-08-21,2.35
2008-08-27,2.37
2008-08-28,2.3
2008-08-29,2.4
2008-09-02,2.01
2008-09-03,2.3
2008-09-04,2.25
2008-09-08,2.1
2008-09-09,2.5
2008-09-12,2.2
2008-09-15,2.49
2008-09-16,2.15
2008-09-17,2.15
2008-09-19,2.15
2008-09-23,2.3
2008-09-25,2
2008-09-29,2.05
2008-09-30,2.3
2008-10-03,2
2008-10-08,1.7
2008-10-09,1.75
2008-10-10,1.75
2008-10-20,1.75
2008-10-21,1.75
2008-10-23,1.4
2008-10-24,1.55
2008-10-27,1.55
2008-10-28,1.7
2008-10-31,1.9
2008-11-04,1.9
2008-11-05,2
2008-11-06,1.85
2008-11-07,1.85
2008-11-10,1.85
2008-11-11,2
2008-11-12,1.9
2008-11-17,1.85
2008-11-21,1.01
2008-11-24,1.05
2008-11-25,1.15
2008-11-26,1.4
2008-12-02,1.5
2008-12-03,1.6
2008-12-05,1.5
2008-12-09,1.5
2008-12-11,1.6
2008-12-12,1.6
2008-12-18,1.05
2008-12-19,1.1
2008-12-22,1.3
2008-12-26,1.4
2008-12-31,1.5
2009-01-02,1.4
2009-01-05,1.7
2009-01-06,1.65
2009-01-08,1.7
2009-01-12,1.4
2009-01-13,1.5
2009-01-15,1.5
2009-01-16,1.5
2009-01-20,1.4
2009-01-21,1.4
2009-01-22,1.4
2009-01-23,1.4
2009-01-26,1.5
2009-01-27,1.75
2009-01-28,1.75
2009-01-30,1.6
2009-02-02,1.8
2009-02-03,1.75
2009-02-05,1.75
2009-02-06,1.8
2009-02-09,1.75
2009-02-11,1.75
2009-02-17,1.7
2009-02-18,1.75
2009-02-20,1.25
2009-02-23,1.3
2009-02-24,1.5
2009-02-25,1.5
2009-02-27,1.7
2009-03-04,1.02
2009-03-05,1.7
2009-03-12,1.26
2009-03-13,1.65
2009-03-16,1.65
2009-03-18,1.65
2009-03-19,1.84
2009-03-20,1.89
2009-03-23,1.89
2009-03-26,1.9
2009-03-27,1.89
2009-03-30,1.85
2009-04-01,1.85
2009-04-02,1.85
2009-04-07,1.8
2009-04-21,1.55
2009-04-23,1.75
2009-04-28,1.5
2009-04-29,1.7
2009-04-30,1.7
2009-05-08,1.7
2009-05-14,1.3
2009-05-15,1.2
2009-05-18,1.5
2009-05-28,1.6
2009-06-03,1.45
2009-06-09,1.6
2009-06-15,1.35
2009-06-16,1.59
2009-06-17,1.4
2009-06-18,1.35
2009-06-19,1.35
2009-06-22,1.59
2009-06-23,1.59
2009-06-29,1.29
2009-06-30,1.24
2009-07-06,1.3
2009-07-07,1.35
2009-07-08,1.35
2009-07-23,1.35
2009-07-24,1.35
2009-07-27,1.35
2009-07-28,1.59
2009-07-31,1.35
2009-08-04,1.2
2009-08-05,1.01
2009-08-07,1.05
2009-08-10,0.98
2009-08-11,1.05
2009-08-12,1.35
2009-08-14,1.4
2009-08-19,1
2009-08-24,1.03
2009-08-26,1.02
2009-09-01,1.03
2009-09-04,1.032813
2009-09-09,1.04
2009-09-10,1.062813
2009-09-14,1.1
2009-09-17,1.15
2009-10-01,1.02
2009-10-05,1.02
2009-10-13,1.02
2009-10-16,1.03
2009-10-19,1.05
2009-10-21,1.1
2009-10-23,1
2009-10-28,1
2009-10-29,1
2009-10-30,1.05
2009-11-02,1.27
2009-11-03,1.3
2009-11-05,1.35
2009-11-13,1.35
2009-11-17,1.55
2009-11-18,1.55
2009-11-19,1.55
2009-11-20,1.45
2009-11-25,1.41
2009-11-27,1.4
2009-12-01,1.55
2009-12-02,1.55
2009-12-03,1.41
2009-12-04,1.51
2009-12-07,1.5
2009-12-08,1.5
2009-12-09,1.41
2009-12-10,1.5
2009-12-11,1.52
2009-12-16,1.42
2009-12-17,1.4
2009-12-21,1.4
2009-12-22,1.4
2009-12-23,1.45
2009-12-28,1.4
2009-12-29,1.4
2009-12-30,1.4
2009-12-31,1.4
2010-01-04,1.45
2010-01-05,1.5
2010-01-06,1.5
2010-01-07,1.5
2010-01-11,1.45
2010-01-14,1.45
2010-01-15,1.45
2010-01-26,1.45
2010-01-27,1.41
2010-01-28,1.44
2010-02-01,1.41
2010-02-02,1.45
2010-02-03,1.4
2010-02-05,1.4
2010-02-22,1.35
2010-02-24,1.35
2010-02-25,1.4
2010-02-26,1.4
2010-03-02,1.35
2010-03-03,1.35
2010-03-05,1.35
2010-03-08,1.35
2010-03-09,1.35
2010-03-10,1.35
2010-03-11,1.35
2010-03-22,1.35
2010-03-23,1.35
2010-03-24,1.38
2010-03-25,1.35
2010-03-26,1.38
2010-03-29,1.38
2010-03-30,1.4
2010-03-31,1.38
2010-04-01,1.38
2010-04-06,1.4
2010-04-07,1.44
2010-04-12,1.45
2010-04-13,1.42
2010-04-16,1.5
2010-04-19,1.37
2010-04-23,1.45
2010-04-26,1.45
2010-04-28,1.45
2010-04-29,1.45
2010-04-30,1.65
2010-05-06,1.36
2010-05-10,1.48
2010-05-11,1.48
2010-05-12,1.6
2010-05-14,1.45
2010-05-19,1.63
2010-05-20,1.45
2010-05-27,1.5
2010-05-28,1.55
2010-06-02,1.36
2010-06-03,1.45
2010-06-07,1.36
2010-06-08,1.36
2010-06-11,1.45
2010-06-15,1.55
2010-06-17,1.55
2010-06-21,1.37
2010-06-23,1.36
2010-06-24,1.4
2010-06-25,1.45
2010-06-29,1.45
2010-06-30,1.36
2010-07-08,1.58
2010-07-09,1.45
2010-07-13,1.5
2010-07-14,1.56
2010-07-15,1.57
2010-07-16,1.41
2010-07-21,1.2
2010-07-22,1.61
2010-07-26,1.606
2010-07-28,1.55
2010-07-29,1.6
2010-07-30,1.6
2010-08-04,1.5
2010-08-06,1.5
2010-08-09,1.5
2010-08-10,1.59
2010-08-11,1.5
2010-08-12,1.5
2010-08-13,1.6
2010-08-17,1.6
2010-08-23,1.5
2010-08-24,1.55
2010-08-26,1.55
2010-09-02,1.55
2010-09-10,1.15
2010-09-13,1.15
2010-09-14,1.5
2010-09-16,1.3
2010-09-17,1.05
2010-09-20,1.3
2010-09-21,1.35
2010-09-22,1.55
2010-09-23,1.53
2010-09-27,1.35
2010-09-28,1.5
2010-09-30,1.5
2010-10-04,1.53
2010-10-07,1.4
2010-10-11,1.48
2010-10-12,1.5
2010-10-14,1.48
2010-10-15,1.45
2010-10-20,1.45
2010-10-21,1.5
2010-10-22,1.5
2010-11-01,1.5
2010-11-02,1.53
2010-11-03,1.53
2010-11-04,1.5
2010-11-05,1.5
2010-11-08,1.53
2010-11-09,1.55
2010-11-16,1.61
2010-11-18,1.6
2010-11-22,1.7
2010-11-23,1.7
2010-11-26,1.7
2010-11-29,1.36
2010-11-30,1.99
2010-12-01,1.7
2010-12-02,1.7
2010-12-03,1.7
2010-12-08,1.7
2010-12-09,1.65
2010-12-13,1.6
2010-12-14,1.65
2010-12-17,1.7
2010-12-20,1.7
2010-12-22,1.7
2010-12-28,1.55
2010-12-29,1.6
2010-12-30,1.63
2010-12-31,1.7
2011-01-03,1.7
2011-01-05,1.7
2011-01-06,1.6
2011-01-07,1.55
2011-01-10,1.65
2011-01-11,1.7
2011-01-12,1.7
2011-01-13,1.7
2011-01-18,1.6
2011-01-19,1.57
2011-01-20,1.55
2011-01-24,1.7
2011-01-25,1.65
2011-01-26,1.7
2011-01-27,1.65
2011-01-28,1.45
2011-01-31,1.53
2011-02-02,1.55
2011-02-03,1.5
2011-02-04,1.6
2011-02-07,1.6
2011-02-09,1.55
2011-02-14,1.37
2011-02-15,1.45
2011-02-16,1.4
2011-02-17,1.26
2011-02-18,1.35
2011-02-22,1.5
2011-02-23,1.49
2011-02-28,1.4
2011-03-01,1.4
2011-03-02,1.4
2011-03-03,1.3
2011-03-04,1.4
2011-03-08,1.4
2011-03-09,1.3
2011-03-10,1.4
2011-03-15,1.2
2011-03-16,1.3
2011-03-17,1.3
2011-03-18,1.3
2011-03-21,1.35
2011-03-22,1.4
2011-03-23,1.44
2011-03-25,1.4
2011-03-28,1.3
2011-03-29,1.4
2011-04-01,1.43
2011-04-04,1.2
2011-04-05,0.82
2011-04-11,0.9
2011-04-12,0.9
2011-04-13,0.85
2011-04-14,0.85
2011-04-15,0.85
2011-04-18,0.85
2011-04-19,0.9
2011-04-20,0.85
2011-04-21,0.9
2011-04-25,0.85
2011-04-26,0.9
2011-04-27,0.71
2011-04-28,0.8
2011-04-29,0.8
2011-05-02,0.65
2011-05-03,0.62
2011-05-05,0.62
2011-05-06,0.9
2011-05-09,0.9
2011-05-10,0.9
2011-05-11,0.52
2011-05-13,0.9
2011-05-16,0.52
2011-05-17,0.88
2011-05-18,0.65
2011-05-20,0.9
2011-05-23,0.65
2011-05-24,0.9
2011-05-27,0.5
2011-05-31,0.5
2011-06-01,0.35
2011-06-02,0.505
2011-06-03,0.5
2011-06-06,0.5
2011-06-07,0.47
2011-06-08,0.5
2011-06-09,0.5
2011-06-10,0.5
2011-06-14,0.5
2011-06-17,0.5
2011-06-21,0.5
2011-06-22,0.4
2011-06-24,0.5
2011-06-27,0.45
2011-06-29,0.4
2011-07-05,0.5
2011-07-06,0.45
2011-07-07,0.5
2011-07-08,0.42
2011-07-11,0.8
2011-07-12,0.6
2011-07-13,0.6
2011-07-14,0.75
2011-07-15,0.75
2011-07-18,0.81
2011-07-19,0.83
2011-07-20,0.76
2011-07-22,0.83
2011-07-26,0.8
2011-07-27,0.75
2011-07-28,0.75
2011-08-02,0.75
2011-08-05,0.85
2011-08-09,0.75
2011-08-10,0.8
2011-08-11,0.75
2011-08-12,0.79
2011-08-15,0.8
2011-08-19,0.75
2011-08-23,0.8
2011-08-24,0.7
2011-08-26,0.75
2011-08-30,0.8
2011-08-31,0.8
2011-09-02,0.75
2011-09-06,0.8
2011-09-20,0.78
2011-09-27,0.7
2011-09-28,0.7
2011-10-03,0.71
2011-10-04,0.71
2011-10-05,0.75
2011-10-12,0.7
2011-10-14,0.5
2011-10-17,0.56
2011-10-18,0.75
2011-10-19,0.75
2011-10-21,0.78
2011-10-25,0.65
2011-10-26,0.75
2011-10-27,0.65
2011-11-01,0.75
2011-11-07,0.8
2011-11-08,0.6
2011-11-09,0.75
2011-11-10,0.65
2011-11-17,0.59
2011-11-18,0.65
2011-11-21,0.75
2011-11-22,0.8
2011-11-23,0.79
2011-11-25,0.83
2011-11-28,0.75
2011-11-29,0.83
2011-11-30,0.75
2011-12-01,0.75
2011-12-05,0.75
2011-12-06,0.75
2011-12-13,0.75
2011-12-14,0.75
2011-12-15,0.68
2011-12-16,0.75
2011-12-19,0.65
2011-12-20,0.65
2011-12-22,0.56
2011-12-23,0.74
2011-12-27,0.62
2011-12-28,0.62
2011-12-29,0.75
2012-01-03,0.75
2012-01-05,0.75
2012-01-06,0.75
2012-01-10,0.75
2012-01-12,0.75
2012-01-13,0.67
2012-01-17,0.650125
2012-01-18,0.75
2012-01-19,0.75
2012-01-20,0.75
2012-01-30,0.75
2012-01-31,0.75
2012-02-01,0.8
2012-02-02,0.8
2012-02-03,0.79
2012-02-06,0.86
2012-02-07,0.86
2012-02-08,0.94
2012-02-09,0.94
2012-02-13,1.09
2012-02-14,1.09
2012-02-21,1.05
2012-02-22,1.09
2012-02-24,0.9
2012-02-29,0.8
2012-03-01,0.81
2012-03-06,0.82
2012-03-09,0.99
2012-03-12,1
2012-03-15,1
2012-03-16,0.83
2012-03-19,1.08
2012-03-20,1.09
2012-03-21,1.14
2012-03-23,1.08
2012-03-27,1.14
2012-03-28,1.09
2012-03-29,1.49
2012-03-30,1.4
2012-04-03,1.4
2012-04-04,1.4
2012-04-05,1.4
2012-04-09,1.3
2012-04-11,1.39
2012-04-12,1.39
2012-04-16,1.39
2012-04-17,1.39
2012-04-19,1.28
2012-04-20,1.35
2012-04-25,1.39
2012-05-01,1.3
2012-05-02,1.2
2012-05-03,1.15
2012-05-04,1.1
2012-05-07,1.25
2012-05-08,1.25
2012-05-09,1.25
2012-05-10,1.34
2012-05-11,1.39
2012-05-14,1.26
2012-05-15,1.25
2012-05-16,1.25
2012-05-18,1.3
2012-05-31,1.35
2012-06-01,1.25
2012-06-06,1.34
2012-06-07,1.38
2012-06-08,1.38
2012-06-11,1.28
2012-06-12,1.4
2012-06-13,1.35
2012-06-14,1.35
2012-06-15,1.35
2012-06-18,1.45
2012-06-22,1.6
2012-06-26,1.63
2012-06-28,1.6
2012-06-29,1.6
2012-07-03,1.6
2012-07-09,1.5
2012-07-10,1.39
2012-07-11,1.6
2012-07-12,1.6
2012-07-13,1.6
2012-07-17,1.28
2012-07-19,1.09
2012-07-20,1.55
2012-07-23,1.65
2012-07-24,1.45
2012-07-25,1.5
2012-07-27,1.57
2012-08-01,1.55
2012-08-02,1.4
2012-08-03,1.57
2012-08-07,1.57
2012-08-10,1.69
2012-08-13,1.5
2012-08-15,1.42
2012-08-21,1.65
2012-08-22,1.65
2012-08-23,1.6
2012-08-24,1.55
2012-08-27,1.68
2012-08-28,1.5
2012-08-29,1.65
2012-08-31,1.68
2012-09-04,1.65
2012-09-07,1.66
2012-09-12,1.65
2012-09-19,1.6
2012-10-03,1.55
2012-10-05,1.51
2012-10-12,1.55
2012-10-15,1.5
2012-10-16,1.15
2012-10-17,1.55
2012-10-19,1.55
2012-10-22,1.55
2012-10-23,1.6
2012-10-24,1.5
2012-10-26,1.65
2012-10-31,1.62
2012-11-01,1.72
2012-11-02,1.65
2012-11-05,2
2012-11-06,2
2012-11-09,2
2012-11-12,1.75
2012-11-13,2
2012-11-14,1.8
2012-11-15,2
2012-11-19,2.35
2012-11-20,2.35
2012-11-21,1.8
2012-11-23,2.35
2012-11-26,2.1
2012-11-27,2.35
2012-11-29,2.35
2012-11-30,2.3
2012-12-03,2.36
2012-12-04,2.32
2012-12-06,2.18
2012-12-07,2.25
2012-12-10,2.18
2012-12-12,2.14
2012-12-13,2.46
2012-12-17,2.2
2012-12-18,2.15
2012-12-19,2.35
2012-12-20,2.25
2012-12-26,2.2
2012-12-28,2
2012-12-31,2
2013-01-02,2
2013-01-07,2
2013-01-08,2.12
2013-01-09,2.1
2013-01-11,1.9
2013-01-15,1.9
2013-01-16,1.9
2013-01-17,2.15
2013-01-22,2
2013-01-23,1.86
2013-01-24,1.85
2013-01-28,1.85
2013-01-29,1.74
2013-01-30,1.7
2013-01-31,1.8
2013-02-01,1.74
2013-02-04,1.74
2013-02-05,1.84
2013-02-06,1.68
2013-02-07,1.62
2013-02-08,1.62
2013-02-11,1.6
2013-02-12,1.92
2013-02-14,1.7
2013-02-15,1.56
2013-02-19,1.6
2013-02-20,1.84
2013-02-21,1.84
2013-02-22,1.52
2013-02-25,1.505
2013-02-26,1.47
2013-02-27,1.75
2013-03-04,1.5
2013-03-05,1.47
2013-03-06,1.47
2013-03-07,1.47
2013-03-08,1.45
2013-03-11,1.8
2013-03-12,1.55
2013-03-13,1.52
2013-03-14,1.51
2013-03-18,1.51
2013-03-20,1.69
2013-03-21,1.55
2013-03-25,1.55
2013-03-27,1.7
2013-03-28,1.55
2013-04-02,1.39
2013-04-03,1.34
2013-04-04,1.36
2013-04-05,1.57
2013-04-08,1.45
2013-04-09,1.56
2013-04-10,1.4
2013-04-11,1.7
2013-04-16,1.7
2013-04-17,1.51
2013-04-18,1.7
2013-04-22,1.69
2013-04-25,1.5
2013-04-26,1.5
2013-04-29,1.6
2013-05-03,1.6
2013-05-08,1.59
2013-05-09,1.63
2013-05-14,1.61
2013-05-15,1.45
2013-05-16,1.39
2013-05-17,1.39
2013-05-20,1.42
2013-05-21,1.4
2013-05-22,1.35
2013-05-23,1.35
2013-05-24,1.35
2013-05-28,1.35
2013-05-29,1.41
2013-05-30,1.3
2013-05-31,1.45
2013-06-03,1.4
2013-06-05,1.3
2013-06-07,1.3
2013-06-10,1.3
2013-06-11,1.3
2013-06-13,1.35
2013-06-14,1.49
2013-06-17,1.4
2013-06-18,1.33
2013-06-21,1.3
2013-06-25,1.35
2013-06-26,1.35
2013-06-27,1.35
2013-06-28,1.45
2013-07-01,1.37
2013-07-02,1.36
2013-07-03,1.38
2013-07-09,1.32
2013-07-16,1.43
2013-07-18,1.43
2013-07-22,1.2
2013-07-23,1.21
2013-07-24,1.4
2013-07-25,1.21
2013-07-29,1.3
2013-07-31,1.22
2013-08-02,1.16
2013-08-05,1.24
2013-08-06,1.19
2013-08-07,1.19
2013-08-08,1.27
2013-08-12,1.28
2013-08-13,1.2
2013-08-14,1.23
2013-08-15,1.23
2013-08-19,1.18
2013-08-20,1.19
2013-08-21,1.17
2013-08-23,1.16
2013-08-26,1.15
2013-08-28,1.15
2013-08-29,1.1
2013-08-30,1.14
2013-09-03,1.1
2013-09-04,1.12
2013-09-05,1.04
2013-09-06,1.2
2013-09-09,1.15
2013-09-10,1.15
2013-09-11,1.12
2013-09-13,1.13
2013-09-16,1.13
2013-09-18,1.29
2013-09-19,1.12
2013-09-20,1.06
2013-09-23,1.06
2013-09-24,0.96
2013-09-25,1
2013-09-26,1.05
2013-09-27,1
2013-09-30,1
2013-10-01,0.99
2013-10-02,0.96
2013-10-04,0.99
2013-10-07,1.03
2013-10-09,1
2013-10-10,1
2013-10-11,0.95
2013-10-14,0.95
2013-10-15,1
2013-10-16,1
2013-10-17,0.95
2013-10-18,0.9
2013-10-22,0.95
2013-10-23,0.9
2013-10-24,0.95
2013-10-28,0.95
2013-10-31,0.85
2013-11-01,0.95
2013-11-04,0.86
2013-11-06,0.95
2013-11-14,1
2013-11-15,1
2013-11-18,1
2013-11-19,0.900125
2013-11-20,1
2013-11-21,1.13
2013-11-22,1.05
2013-11-25,1.09
2013-11-26,1.1
2013-11-27,1.15
2013-12-02,1.11
2013-12-04,1.06
2013-12-05,1.13
2013-12-09,1.13
2013-12-10,1.1
2013-12-11,1
2013-12-13,1.06
2013-12-16,1.1
2013-12-17,1.12
2013-12-18,1.15
2013-12-19,1.18
2013-12-20,1.18
2013-12-23,1.1
2013-12-24,1.18
2013-12-27,1.18
2013-12-30,1.2
2013-12-31,1.21
2014-01-02,1.23
2014-01-03,1.14
2014-01-07,1.09
2014-01-08,1.1
2014-01-09,1.12
2014-01-10,1.17
2014-01-13,1.12
2014-01-14,1.11
2014-01-15,1.08
2014-01-16,1.14
2014-01-17,1.16
2014-01-21,1.16
2014-01-22,1.17
2014-01-23,1.13
2014-01-24,1.1
2014-01-27,1.1
2014-01-28,1.09
2014-01-30,1.13
2014-01-31,1.12
2014-02-03,1.12
2014-02-04,1.19
2014-02-07,1.12
2014-02-10,1.12
2014-02-11,1.12
2014-02-12,1.01
2014-02-13,1.03
2014-02-18,1.09
2014-02-19,1.09
2014-02-21,1.11
2014-02-24,1.15
2014-02-25,1.138
2014-02-27,1.14
2014-03-03,1.18
2014-03-05,1.1
2014-03-06,1.1
2014-03-07,1.084
2014-03-10,1.08
2014-03-12,1.05
2014-03-18,1.05
2014-03-19,1.05
2014-03-20,1.05
2014-03-21,1.05
2014-03-24,1.03
2014-03-26,1.1
2014-03-31,1.01
2014-04-01,0.73
2014-04-02,0.8
2014-04-03,0.8
2014-04-04,0.9
2014-04-07,0.9
2014-04-09,0.85
2014-04-10,0.710125
2014-04-11,0.8
2014-04-15,0.75
2014-04-17,0.69
2014-04-21,0.67
2014-04-22,0.6
2014-04-23,0.65
2014-04-24,0.65
2014-04-28,0.67
2014-04-30,0.68
2014-05-02,0.69
2014-05-07,0.73
2014-05-08,0.78
2014-05-09,0.81
2014-05-12,0.68
2014-05-13,0.75
2014-05-19,0.67
2014-05-27,0.65
2014-05-28,0.64
2014-05-29,0.64
2014-06-03,0.6
2014-06-04,0.56
2014-06-05,0.52
2014-06-06,0.5
2014-06-09,0.5
2014-06-10,0.51
2014-06-11,0.45
2014-06-12,0.509875
2014-06-16,0.51
2014-06-18,0.51
2014-06-19,0.43
2014-06-20,0.49
2014-06-23,0.51
2014-06-24,0.52
2014-06-25,0.52
2014-06-30,0.89
2014-07-01,0.7
2014-07-02,0.7
2014-07-03,0.610125
2014-07-07,0.75
2014-07-09,0.84
2014-07-14,0.81
2014-07-16,0.6
2014-07-21,0.6
2014-07-22,0.6
2014-07-24,0.6
2014-07-29,0.6
2014-07-31,0.7
2014-08-05,0.55
2014-08-06,0.55
2014-08-07,0.55
2014-08-11,0.53
2014-08-12,0.57
2014-08-14,0.580125
2014-08-20,0.55
2014-08-21,0.55
2014-08-22,0.48
2014-08-25,0.46
2014-09-02,0.46
2014-09-03,0.46
2014-09-11,0.46
2014-09-15,0.46
2014-09-16,0.43
2014-09-18,0.51
2014-09-22,0.43
2014-09-23,0.44
2014-09-24,0.44
2014-10-01,0.42
2014-10-02,0.41
2014-10-03,0.546688
2014-10-06,0.546625
2014-10-08,0.34
2014-10-13,0.431
2014-10-16,0.4
2014-10-27,0.518188
2014-11-04,0.517875
2014-11-05,0.5
2014-11-06,0.35
2014-11-07,0.39
2014-11-11,0.35
2014-11-12,0.42
2014-11-14,0.340375
2014-11-18,0.37
2014-11-20,0.350375
2014-11-21,0.340375
2014-11-25,0.4
2014-12-01,0.3405
2014-12-02,0.44
2014-12-04,0.4
2014-12-08,0.518
2014-12-09,0.51
2014-12-11,0.3615
2014-12-12,0.361625
2014-12-15,0.37
2014-12-16,0.43
2014-12-18,0.4
2014-12-19,0.42
2014-12-22,0.43
2014-12-24,0.42
2014-12-26,0.400125
2014-12-30,0.4
2014-12-31,0.41
2015-01-02,0.449875
2015-01-05,0.434875
2015-01-06,0.39
2015-01-08,0.35
2015-01-09,0.385
2015-01-15,0.405
2015-01-16,0.33
2015-01-20,0.375
2015-01-23,0.395
2015-01-27,0.400125
2015-01-29,0.34
2015-01-30,0.375
2015-02-02,0.38
2015-02-03,0.350125
2015-02-04,0.47
2015-02-09,0.46
2015-02-10,0.360125
2015-02-11,0.44
2015-02-12,0.44
2015-02-17,0.484
2015-02-18,0.49
2015-02-19,0.410188
2015-02-20,0.4525
2015-02-23,0.449875
2015-02-24,0.466
2015-02-25,0.47
2015-02-27,0.410188
2015-03-02,0.55
2015-03-03,0.420313
2015-03-05,0.420375
2015-03-06,0.55
2015-03-09,0.510125
2015-03-10,0.75
2015-03-11,0.701
2015-03-12,0.699875
2015-03-13,0.600313
2015-03-16,0.699875
2015-03-17,0.680125
2015-03-18,0.87
2015-03-19,0.8
2015-03-20,0.88
2015-03-23,0.860313
2015-03-24,0.75
2015-03-25,0.67
2015-03-26,0.65
2015-03-27,0.79
2015-03-30,0.745
2015-03-31,0.79
2015-04-01,0.79
2015-04-02,0.79
2015-04-07,0.6
2015-04-08,0.72
2015-04-10,0.75
2015-04-13,0.7
2015-04-15,0.71
2015-04-16,0.79
2015-04-20,0.79
2015-04-21,0.8
2015-04-22,0.54
2015-04-23,0.530125
2015-04-24,0.52
2015-04-28,0.65
2015-04-30,0.6
2015-05-01,0.57
2015-05-04,0.57
2015-05-05,0.57
2015-05-06,0.5
2015-05-08,0.6
2015-05-11,0.6
2015-05-12,0.81
2015-05-13,0.6
2015-05-15,0.8
2015-05-18,0.7
2015-05-22,0.74
2015-05-28,0.739875
2015-05-29,0.7
2015-06-04,0.7
2015-06-09,0.7
2015-06-10,0.7
2015-06-16,0.73
2015-06-17,0.7
2015-06-18,0.74
2015-06-19,0.65
2015-06-22,0.73
2015-06-23,0.73
2015-06-24,0.74
2015-06-25,0.65
2015-06-29,0.8
2015-06-30,0.8
2015-07-06,0.81
2015-07-08,0.55
2015-07-09,0.75
2015-07-10,0.7
2015-07-13,0.6
2015-07-14,0.601
2015-07-15,0.6
2015-07-16,0.6
2015-07-20,0.7
2015-07-23,0.7
2015-08-04,0.55
2015-08-05,0.67
2015-08-07,0.588
2015-08-10,0.67
2015-08-18,0.67
2015-08-24,0.6
2015-08-25,0.35
2015-08-26,0.4
2015-08-27,0.45
2015-08-28,0.45
2015-09-02,0.51
2015-09-03,0.504938
2015-09-08,0.499875
2015-09-10,0.41
2015-09-15,0.39
2015-09-16,0.39
2015-09-17,0.405
2015-09-18,0.3
2015-09-21,0.5
2015-09-25,0.32
2015-09-30,0.32
2015-10-06,0.32
2015-10-08,0.25
2015-10-09,0.32
2015-10-12,0.4
2015-10-13,0.419875
2015-10-19,0.41
2015-10-20,0.32
2015-10-21,0.42
2015-10-22,0.287
2015-10-23,0.299875
2015-10-26,0.4
2015-10-28,0.4
2015-11-03,0.4
2015-11-05,0.4
2015-11-11,0.4
2015-11-12,0.4
2015-11-23,0.36
2015-12-01,0.36
2015-12-02,0.36
2015-12-03,0.051
2015-12-04,0.072
2015-12-07,0.34
2015-12-08,0.33
2015-12-09,0.3
2015-12-10,0.1
2015-12-14,0.3
2015-12-17,0.3
2015-12-21,0.101
2015-12-22,0.29
2015-12-23,0.28
2015-12-29,0.11
2015-12-30,0.14
2015-12-31,0.25
2016-01-05,0.25
2016-01-07,0.28
2016-01-08,0.26
2016-01-11,0.28
2016-01-12,0.2
2016-01-14,0.2
2016-01-15,0.28
2016-01-20,0.28
2016-01-21,0.122
2016-01-22,0.264188
2016-01-28,0.137813
2016-01-29,0.28
2016-02-01,0.28
2016-02-03,0.199875
2016-02-04,0.28
2016-02-08,0.25
2016-02-10,0.25
2016-02-16,0.214
2016-02-17,0.160125
2016-02-22,0.19
2016-02-23,0.14
2016-02-25,0.14
2016-02-26,0.1
2016-03-01,0.233
2016-03-02,0.04
2016-03-03,0.09
2016-03-04,0.11
2016-03-08,0.1
2016-03-09,0.1
2016-03-11,0.12
2016-03-14,0.15
2016-03-15,0.177625
2016-03-17,0.1595
2016-03-18,0.15
2016-03-21,0.17
2016-03-22,0.17
2016-03-24,0.105
2016-03-28,0.12
2016-03-29,0.17
2016-03-30,0.17
2016-04-01,0.15
2016-04-04,0.15
2016-04-06,0.177625
2016-04-07,0.177625
2016-04-08,0.05
2016-04-11,0.15
2016-04-14,0.15
2016-04-18,0.15
2016-04-19,0.15
2016-04-20,0.1775
2016-04-21,0.164813
2016-04-22,0.08
2016-04-25,0.15
2016-04-26,0.08
2016-04-27,0.14
2016-04-29,0.14
2016-05-02,0.077
2016-05-03,0.14
2016-05-06,0.14
2016-05-09,0.142
2016-05-10,0.142
2016-05-11,0.129813
2016-05-12,0.1
2016-05-13,0.07
2016-05-16,0.04
2016-05-17,0.05
2016-05-20,0.086188
2016-05-24,0.05
2016-05-25,0.08
2016-05-31,0.08
2016-06-01,0.04
2016-06-02,0.069
2016-06-03,0.07
2016-06-06,0.14
2016-06-07,0.12
2016-06-08,0.139
2016-06-09,0.14
2016-06-10,0.05
2016-06-16,0.12
2016-06-17,0.12
2016-06-20,0.12
2016-06-21,0.12
2016-06-23,0.12
2016-06-27,0.1
2016-06-28,0.1
2016-07-01,0.14
2016-07-08,0.14
2016-07-18,0.14
2016-07-19,0.12
2016-07-21,0.06
2016-07-25,0.123063
2016-07-26,0.15
2016-07-27,0.15
2016-08-01,0.115
2016-08-03,0.1185
2016-08-11,0.1325
2016-08-15,0.135
2016-08-19,0.115
2016-08-29,0.13
2016-08-31,0.115
2016-09-01,0.13
2016-09-15,0.13
2016-09-20,0.115
2016-09-22,0.115
2016-09-23,0.113875
2016-09-26,0.113875
2016-09-27,0.115
2016-10-04,0.25
2016-10-05,0.1
2016-10-06,0.15
2016-10-14,0.09
2016-10-17,0.09
2016-10-19,0.15
2016-10-21,0.1
2016-11-02,0.1
2016-11-04,0.177
2016-11-07,0.2
2016-11-08,0.1
2016-11-09,0.09
2016-11-10,0.155
2016-11-21,0.2
2016-11-22,0.1
2016-11-30,0.1
2016-12-05,0.15
2016-12-07,0.11
2016-12-08,0.110688
2016-12-12,0.13
2016-12-13,0.090125
2016-12-14,0.09
2016-12-16,0.09
2016-12-20,0.08
2016-12-22,0.08
2016-12-27,0.09
2016-12-28,0.09
2017-01-04,0.08
2017-01-06,0.15
2017-01-09,0.19
2017-01-10,0.168
2017-01-11,0.19
2017-01-13,0.19
2017-01-19,0.19
2017-01-20,0.184125
2017-01-23,0.08
2017-01-24,0.08
2017-01-25,0.185
2017-01-26,0.2
2017-01-27,0.215
2017-01-30,0.11
2017-01-31,0.15
2017-02-01,0.24
2017-02-06,0.175
2017-02-07,0.175
2017-02-08,0.26
2017-02-09,0.2
2017-02-10,0.175
2017-02-14,0.136125
2017-02-16,0.15
2017-02-21,0.15
2017-02-23,0.15
2017-02-24,0.16
2017-02-27,0.15
2017-02-28,0.161
2017-03-06,0.13
2017-03-07,0.24
2017-03-08,0.268813
2017-03-09,0.26
2017-03-14,0.267688
2017-03-17,0.31
2017-03-20,0.2
2017-03-30,0.16
2017-04-05,0.2
2017-04-13,0.111688
2017-04-18,0.12
2017-04-19,0.12
2017-05-03,0.13
2017-05-11,0.13
2017-05-12,0.13
2017-05-17,0.13
2017-05-23,0.13
2017-05-24,0.225125
2017-05-25,0.14
2017-05-30,0.16
2017-06-02,0.16
2017-06-15,0.41
2017-06-19,0.16
2017-06-22,0.18
2017-06-30,0.18
2017-07-07,0.45
2017-07-14,0.14
2017-07-17,0.45
2017-07-19,0.19
2017-08-03,0.25
2017-08-04,0.25
2017-08-16,0.25
2017-08-21,0.398
2017-09-07,0.02
2017-09-08,0.065
2017-09-12,0.0411
2017-09-14,0.14
2017-09-15,0.12
2017-09-25,0.12
2017-09-26,0.12
2017-10-06,0.08
2017-10-09,0.12
2017-10-13,0.04
2017-10-17,0.1
2017-10-27,0.08
2017-10-31,0.04
2017-11-01,0.06
2017-11-03,0.2
2017-11-07,0.15
2017-11-08,0.0211
2017-11-10,0.19
2017-11-13,0.1899
2017-11-20,0.07
2017-11-21,0.16405
2017-11-22,0.165
2017-11-29,0.14545
2017-12-01,0.16415
2017-12-04,0.1575
2017-12-05,0.1
2017-12-11,0.1262
2017-12-13,0.165
2017-12-14,0.165
2017-12-15,0.138
2017-12-19,0.1
2017-12-22,0.14
2017-12-26,0.08
2017-12-27,0.08
2017-12-29,0.13
2018-01-02,0.15565
2018-01-03,0.23
2018-01-04,0.23
2018-01-08,0.23
2018-01-09,0.23
2018-01-10,0.2
2018-01-12,0.2
2018-01-16,0.2
2018-01-18,0.2
2018-01-22,0.2
2018-01-24,0.195
2018-01-26,0.151
2018-01-30,0.2
2018-02-01,0.1793
2018-02-02,0.10837
2018-02-08,0.081
2018-02-09,0.10837
2018-03-01,0.18
2018-03-02,0.18
2018-03-05,0.2
2018-03-06,0.2
2018-03-07,0.15
2018-03-14,0.15
2018-03-19,0.22
2018-03-23,0.22
2018-03-27,0.151
2018-03-28,0.19
2018-04-02,0.151
2018-04-05,0.15
2018-04-09,0.2
2018-04-11,0.2
2018-04-13,0.199
2018-04-18,0.15
2018-04-19,0.18
2018-04-26,0.15
2018-05-01,0.1208
2018-05-08,0.12
2018-05-15,0.2
2018-05-17,0.2
2018-05-18,0.12
2018-05-21,0.2
2018-05-22,0.2
2018-05-25,0.1999
2018-06-06,0.194
2018-06-08,0.2
2018-06-12,0.14
2018-06-13,0.194
2018-06-26,0.193
2018-07-12,0.199
2018-07-13,0.1
2018-07-18,0.2
2018-07-19,0.15
2018-08-01,0.2
2018-08-16,0.19
2018-08-20,0.2
2018-08-21,0.198
2018-08-24,0.198
2018-08-27,0.12
2018-08-28,0.106
2018-08-29,0.175
2018-08-30,0.198
2018-09-06,0.199
2018-09-24,0.139
2018-09-27,0.139
2018-09-28,0.13
2018-10-02,0.15
2018-10-03,0.15
2018-10-05,0.13
2018-10-08,0.15
2018-10-15,0.15
2018-10-19,0.12
2018-10-22,0.12
2018-10-23,0.1
2018-10-24,0.1
2018-10-26,0.15
2018-11-05,0.1
2018-11-06,0.15
2018-12-07,0.1
2018-12-11,0.1
2018-12-31,0.05
2019-01-04,0.1
2019-01-07,0.1
2019-01-08,0.13
2019-01-15,0.1275
2019-02-04,0.12625
2019-02-05,0.1256
2019-02-11,0.13
2019-03-01,0.13
2019-03-22,0.09
2019-03-25,0.12
2019-04-04,0.068
2019-04-05,0.06
2019-04-11,0.085
2019-04-15,0.1
2019-05-03,0.059
2019-05-06,0.1
2019-05-14,0.096
2019-05-16,0.05
2019-05-17,0.1
2019-06-19,0.0501
2019-06-20,0.114408
2019-07-09,0.165
2019-07-31,0.14425
2019-08-01,0.130905
2019-08-05,0.066
2019-08-06,0.10813
2019-08-07,0.1545
2019-08-22,0.134
2019-08-23,0.06
2019-08-30,0.08
2019-09-10,0.06
2019-09-12,0.0799
2019-09-19,0.055
2019-09-20,0.0749
2019-09-26,0.074
2019-10-07,0.06
2019-10-08,0.05925
2019-10-09,0.055
2019-10-11,0.055
2019-10-18,0.04
2019-10-23,0.050075
2019-11-04,0.1
2019-11-21,0.095
2019-12-06,0.09
2019-12-09,0.05
2019-12-10,0.08025
2019-12-16,0.025
2019-12-18,0.06
2019-12-19,0.04
2019-12-27,0.0699
2020-01-02,0.07
2020-01-03,0.06
2020-01-07,0.04
2020-01-08,0.05
2020-01-09,0.05
2020-01-14,0.03
2020-01-21,0.06
2020-02-05,0.041
2020-02-06,0.0515
2020-02-27,0.026
2020-03-02,0.0515
2020-03-09,0.0599
2020-03-11,0.05
2020-03-18,0.06
2020-03-26,0.06
2020-04-08,0.06
2020-04-16,0.11
2020-04-20,0.11
2020-04-29,0.08
2020-04-30,0.129
2020-05-05,0.12
2020-05-11,0.06
2020-05-15,0.13475
2020-05-18,0.13975
2020-05-19,0.1299
2020-05-20,0.1295
2020-05-26,0.129
2020-05-28,0.12
2020-06-02,0.065
2020-06-03,0.08
2020-06-05,0.12
2020-06-09,0.13
2020-06-10,0.11275
2020-06-11,0.07
2020-06-12,0.13
2020-06-16,0.06
2020-06-17,0.1295
2020-06-23,0.12
2020-07-02,0.06
2020-07-06,0.06
2020-07-14,0.12
2020-07-15,0.07
2020-07-17,0.07
2020-07-31,0.07
2020-08-04,0.07
2020-08-20,0.06
2020-08-24,0.06
2020-08-28,0.07
2020-08-31,0.06
2020-09-03,0.06
2020-10-07,0.062
2020-10-12,0.062
2020-10-21,0.0501
2020-10-22,0.041
2020-11-06,0.04
2020-11-20,0.021
2020-11-25,0.07
2020-12-04,0.09
2020-12-14,0.013
2020-12-16,0.012
2020-12-17,0.079
2020-12-21,0.0665
2020-12-23,0.04
2020-12-24,0.013
2020-12-28,0.013
2020-12-29,0.011
2020-12-31,0.0101
2021-01-06,0.048
2021-01-07,0.058
2021-01-08,0.07025
2021-01-11,0.069
2021-01-12,0.079
2021-01-19,0.011
2021-01-21,0.011
2021-01-27,0.015
2021-02-01,0.058
2021-02-02,0.0775
2021-02-05,0.1025
2021-02-09,0.1
2021-02-11,0.148
2021-02-12,0.144
2021-02-17,0.14
2021-02-22,0.1
2021-02-23,0.08
2021-02-24,0.088
2021-02-25,0.03
2021-03-01,0.035
2021-03-03,0.077
2021-03-10,0.077
2021-03-12,0.0595
2021-03-15,0.069
2021-03-16,0.069
2021-03-18,0.026
2021-03-19,0.051
2021-03-23,0.051
2021-03-25,0.048
2021-03-31,0.048
2021-04-06,0.04395
2021-04-07,0.03885
2021-04-08,0.0489
2021-04-14,0.04825
2021-04-15,0.048
2021-04-16,0.045
2021-04-19,0.045
2021-04-22,0.0388
2021-04-26,0.0389
2021-04-27,0.0379
2021-04-28,0.043
2021-05-03,0.0342
2021-05-05,0.03475
2021-05-07,0.0349
2021-05-10,0.0222
2021-05-11,0.0349
2021-05-12,0.018
2021-05-17,0.044
2021-05-24,0.01865
2021-05-25,0.0689
2021-05-26,0.016
2021-05-28,0.015
2021-06-01,0.066
2021-06-02,0.096
2021-06-03,0.05
2021-06-07,0.035
2021-06-08,0.035
2021-06-09,0.02
2021-06-10,0.035
2021-06-14,0.03
2021-06-15,0.0215
2021-06-16,0.02
2021-06-17,0.025
2021-06-18,0.03
2021-06-21,0.04125
2021-06-25,0.048
2021-07-01,0.048
2021-07-02,0.035
2021-07-06,0.035
2021-07-12,0.04
2021-07-13,0.035
2021-07-14,0.015
2021-07-19,0.03
2021-07-20,0.0275
2021-07-21,0.0039
2021-07-22,0.02
2021-07-23,0.01
2021-07-28,0.01
2021-07-29,0.004
2021-07-30,0.03