,HA US Equity
2001-01-02,2.125
2001-01-03,2.125
2001-01-04,2.1875
2001-01-05,2.1875
2001-01-08,2.1875
2001-01-09,2.1875
2001-01-10,2.25
2001-01-11,2.375
2001-01-12,2.5
2001-01-16,2.5
2001-01-17,2.4375
2001-01-18,2.3125
2001-01-19,2.25
2001-01-22,2.3125
2001-01-23,2.3125
2001-01-24,2.3125
2001-01-25,2.3125
2001-01-26,2.1875
2001-01-29,2.18
2001-01-30,2.23
2001-01-31,2.3
2001-02-01,2.4
2001-02-02,2.45
2001-02-05,2.36
2001-02-06,2.46
2001-02-07,2.46
2001-02-08,2.5
2001-02-09,2.4
2001-02-12,2.45
2001-02-13,2.4
2001-02-14,2.35
2001-02-15,2.36
2001-02-16,2.42
2001-02-20,2.45
2001-02-21,2.44
2001-02-22,2.46
2001-02-23,2.4
2001-02-26,2.4
2001-02-27,2.45
2001-02-28,2.5
2001-03-01,2.46
2001-03-02,2.46
2001-03-05,2.48
2001-03-06,2.45
2001-03-07,2.4
2001-03-08,2.34
2001-03-09,2.3
2001-03-12,2.41
2001-03-13,2.43
2001-03-14,2.39
2001-03-15,2.45
2001-03-16,2.41
2001-03-19,2.39
2001-03-20,2.45
2001-03-21,2.45
2001-03-22,2.3
2001-03-23,2.4
2001-03-26,2.45
2001-03-27,2.5
2001-03-28,2.5
2001-03-29,2.59
2001-03-30,3.25
2001-04-02,2.8
2001-04-03,2.66
2001-04-04,2.6
2001-04-05,2.6
2001-04-06,2.59
2001-04-09,2.5
2001-04-10,2.6
2001-04-11,2.4
2001-04-12,2.4
2001-04-16,2.4
2001-04-17,2.49
2001-04-18,2.49
2001-04-19,2.69
2001-04-20,2.4
2001-04-23,2.55
2001-04-24,2.6
2001-04-25,2.65
2001-04-26,2.69
2001-04-27,2.76
2001-04-30,2.9
2001-05-01,2.95
2001-05-02,3.05
2001-05-03,3.05
2001-05-04,3.11
2001-05-07,3.2
2001-05-08,3.14
2001-05-09,3.14
2001-05-10,3.1
2001-05-11,3.09
2001-05-14,3.01
2001-05-15,3
2001-05-16,3.09
2001-05-17,3.09
2001-05-18,3.05
2001-05-21,3.07
2001-05-22,3
2001-05-23,3.02
2001-05-24,3.04
2001-05-25,3.04
2001-05-29,3.15
2001-05-30,3
2001-05-31,3.08
2001-06-01,3.13
2001-06-04,3.1
2001-06-05,3.12
2001-06-06,3.12
2001-06-07,3.14
2001-06-08,3.1
2001-06-11,3.24
2001-06-12,3.2
2001-06-13,3.16
2001-06-14,3.25
2001-06-15,3.2
2001-06-18,3.2
2001-06-19,3.16
2001-06-20,3.21
2001-06-21,3.2
2001-06-22,3.24
2001-06-25,3.25
2001-06-26,3.29
2001-06-27,3.2
2001-06-28,3.2
2001-06-29,3.25
2001-07-02,3.2
2001-07-03,3.2
2001-07-05,3.25
2001-07-06,3.24
2001-07-09,3.27
2001-07-10,3.25
2001-07-11,3.3
2001-07-12,3.4
2001-07-13,3.4
2001-07-16,3.44
2001-07-17,3.45
2001-07-18,3.4
2001-07-19,3.4
2001-07-20,3.45
2001-07-23,3.48
2001-07-24,3.47
2001-07-25,3.4
2001-07-26,3.43
2001-07-27,3.35
2001-07-30,3.4
2001-07-31,3.26
2001-08-01,3.42
2001-08-02,3.31
2001-08-03,3.3
2001-08-06,3.3
2001-08-07,3.43
2001-08-08,3.4
2001-08-09,3.25
2001-08-10,3.25
2001-08-13,3.15
2001-08-14,3.01
2001-08-15,2.92
2001-08-16,2.9
2001-08-17,3
2001-08-20,3.02
2001-08-21,2.85
2001-08-22,3
2001-08-23,2.91
2001-08-24,3.04
2001-08-27,3.01
2001-08-28,3
2001-08-29,2.95
2001-08-30,2.95
2001-08-31,3
2001-09-04,2.9
2001-09-05,2.88
2001-09-06,2.89
2001-09-07,2.85
2001-09-10,2.84
2001-09-17,2.25
2001-09-18,2.33
2001-09-19,2.3
2001-09-20,2.37
2001-09-21,2.18
2001-09-24,2.15
2001-09-25,2.1
2001-09-26,2.05
2001-09-27,2.1
2001-09-28,2.2
2001-10-01,2.1
2001-10-02,2.07
2001-10-03,2.15
2001-10-04,2.29
2001-10-05,2.4
2001-10-08,2.4
2001-10-09,2.44
2001-10-10,2.44
2001-10-11,2.4
2001-10-12,2.43
2001-10-15,2.33
2001-10-16,2.3
2001-10-17,2.25
2001-10-18,2.25
2001-10-19,2.27
2001-10-22,2.22
2001-10-23,2.35
2001-10-24,2.5
2001-10-25,2.31
2001-10-26,2.31
2001-10-29,2.36
2001-10-30,2.4
2001-10-31,2.4
2001-11-01,2.18
2001-11-02,2.3
2001-11-05,2.32
2001-11-06,2.3
2001-11-07,2.29
2001-11-08,2.2
2001-11-09,2.25
2001-11-12,2.24
2001-11-13,2.25
2001-11-14,2.25
2001-11-15,2.49
2001-11-16,2.25
2001-11-19,2.35
2001-11-20,2.45
2001-11-21,2.35
2001-11-23,2.49
2001-11-26,2.49
2001-11-27,2.39
2001-11-28,2.37
2001-11-29,2.5
2001-11-30,2.42
2001-12-03,2.36
2001-12-04,2.5
2001-12-05,2.45
2001-12-06,2.43
2001-12-07,2.43
2001-12-10,2.59
2001-12-11,2.42
2001-12-12,2.49
2001-12-13,2.45
2001-12-14,2.49
2001-12-17,2.4
2001-12-18,2.5
2001-12-20,3.11
2001-12-21,3.74
2001-12-24,3.75
2001-12-26,3.98
2001-12-27,4
2001-12-28,3.87
2001-12-31,4
2002-01-02,3.95
2002-01-03,3.97
2002-01-04,3.95
2002-01-07,3.98
2002-01-08,3.96
2002-01-09,4
2002-01-10,3.98
2002-01-11,3.98
2002-01-14,3.93
2002-01-15,3.95
2002-01-16,4.05
2002-01-17,4.15
2002-01-18,4.29
2002-01-22,4.35
2002-01-23,4.24
2002-01-24,4.4
2002-01-25,4.4
2002-01-28,4.11
2002-01-29,4
2002-01-30,4.02
2002-01-31,4
2002-02-01,3.91
2002-02-04,3.99
2002-02-05,3.99
2002-02-06,4
2002-02-07,4
2002-02-08,4.24
2002-02-11,4.06
2002-02-12,4.04
2002-02-13,4.01
2002-02-14,4.04
2002-02-15,4.01
2002-02-19,4.1
2002-02-20,4.04
2002-02-21,4.1
2002-02-22,4.08
2002-02-25,4.1
2002-02-26,4.06
2002-02-27,4.19
2002-02-28,4.45
2002-03-01,4.24
2002-03-04,4.32
2002-03-05,4.45
2002-03-06,4.43
2002-03-07,4.36
2002-03-08,4.35
2002-03-11,4.25
2002-03-12,4.16
2002-03-13,4.15
2002-03-14,4.14
2002-03-15,4.15
2002-03-18,2.99
2002-03-19,3.12
2002-03-20,3.2
2002-03-21,3.19
2002-03-22,3.3
2002-03-25,3.25
2002-03-26,3.08
2002-03-27,3.14
2002-03-28,3.05
2002-04-01,3.1
2002-04-02,3.06
2002-04-03,3.03
2002-04-04,3.06
2002-04-05,3.01
2002-04-08,3.05
2002-04-09,2.91
2002-04-10,3.02
2002-04-11,3
2002-04-12,3.02
2002-04-15,3
2002-04-16,2.99
2002-04-17,2.95
2002-04-18,2.9
2002-04-19,2.86
2002-04-22,3
2002-04-23,3
2002-04-24,3
2002-04-25,3.2
2002-04-26,3.17
2002-04-29,3.04
2002-04-30,3.16
2002-05-01,3.2
2002-05-02,3.15
2002-05-03,3.01
2002-05-06,3.05
2002-05-07,3.17
2002-05-08,3.5
2002-05-09,3.25
2002-05-10,3.21
2002-05-13,3.26
2002-05-14,3.4
2002-05-15,3.15
2002-05-16,3.22
2002-05-17,3.25
2002-05-20,3.15
2002-05-21,3.19
2002-05-22,3.26
2002-05-23,3.25
2002-05-24,3.22
2002-05-28,3.19
2002-05-29,3.22
2002-05-30,3.25
2002-05-31,3.49
2002-06-03,3.65
2002-06-04,3.6
2002-06-05,3.63
2002-06-06,3.5
2002-06-07,3.53
2002-06-10,3.58
2002-06-11,3.5
2002-06-12,3.46
2002-06-13,3.48
2002-06-14,3.49
2002-06-17,3.45
2002-06-18,3.45
2002-06-19,3.45
2002-06-20,3.46
2002-06-21,3.46
2002-06-24,3.65
2002-06-25,3.57
2002-06-26,3.64
2002-06-27,3.98
2002-06-28,3.65
2002-07-01,3.35
2002-07-02,3.4
2002-07-03,3.56
2002-07-05,3.59
2002-07-08,3.6
2002-07-09,3.46
2002-07-10,3.35
2002-07-11,3.38
2002-07-12,3.25
2002-07-15,3.1
2002-07-16,3.04
2002-07-17,2.9
2002-07-18,3
2002-07-19,2.84
2002-07-22,2.85
2002-07-23,2.68
2002-07-24,2.64
2002-07-25,2.87
2002-07-26,2.94
2002-07-29,2.9
2002-07-30,2.76
2002-07-31,2.8
2002-08-01,2.8
2002-08-02,2.7
2002-08-05,2.75
2002-08-06,2.7
2002-08-07,2.82
2002-08-08,2.75
2002-08-09,2.9
2002-08-12,2.89
2002-08-13,2.68
2002-08-14,2.68
2002-08-15,2.62
2002-08-16,2.52
2002-08-19,2.5
2002-08-20,2.5
2002-08-21,2.7
2002-08-22,2.98
2002-08-23,2.9
2002-08-26,2.8
2002-08-27,2.88
2002-08-28,2.8
2002-08-29,2.8
2002-08-30,2.83
2002-09-03,2.83
2002-09-04,2.9
2002-09-05,2.8
2002-09-06,2.75
2002-09-09,2.75
2002-09-10,2.79
2002-09-11,2.87
2002-09-12,2.77
2002-09-13,2.79
2002-09-16,2.75
2002-09-17,2.63
2002-09-18,2.61
2002-09-19,2.53
2002-09-20,2.53
2002-09-23,2.49
2002-09-24,2.39
2002-09-25,2.47
2002-09-26,2.47
2002-09-27,2.47
2002-09-30,2.48
2002-10-01,2.49
2002-10-02,2.48
2002-10-03,2.49
2002-10-04,2.43
2002-10-07,2.38
2002-10-08,2.38
2002-10-09,2.39
2002-10-10,2.33
2002-10-11,2.38
2002-10-14,2.38
2002-10-15,2.34
2002-10-16,2.38
2002-10-17,2.38
2002-10-18,2.38
2002-10-21,2.38
2002-10-22,2.32
2002-10-23,2.38
2002-10-24,2.36
2002-10-25,2.37
2002-10-28,2.38
2002-10-30,2.33
2002-10-31,2.38
2002-11-01,2.35
2002-11-04,2.35
2002-11-05,2.33
2002-11-06,2.34
2002-11-07,2.33
2002-11-08,2.3
2002-11-11,2.29
2002-11-12,2.35
2002-11-13,2.3
2002-11-14,2.3
2002-11-15,2.3
2002-11-18,2.3
2002-11-19,2.28
2002-11-20,2.3
2002-11-21,2.2
2002-11-22,2.15
2002-11-25,2.16
2002-11-26,2.13
2002-11-27,2.05
2002-11-29,2.1
2002-12-02,2.03
2002-12-03,2.02
2002-12-04,1.98
2002-12-05,2
2002-12-06,2
2002-12-09,1.97
2002-12-10,1.97
2002-12-11,1.94
2002-12-12,1.92
2002-12-13,1.8
2002-12-16,1.78
2002-12-17,2
2002-12-18,1.99
2002-12-19,2
2002-12-20,2.05
2002-12-23,2.1
2002-12-24,2.14
2002-12-26,2.1
2002-12-27,2.2
2002-12-30,2.09
2002-12-31,2.04
2003-01-02,2.1
2003-01-03,2.08
2003-01-06,2.1
2003-01-07,2.05
2003-01-08,2
2003-01-09,2.03
2003-01-10,2.03
2003-01-13,2.09
2003-01-14,2.1
2003-01-15,2.1
2003-01-16,2.07
2003-01-17,2.05
2003-01-21,2.02
2003-01-22,1.95
2003-01-23,2.07
2003-01-24,2
2003-01-27,1.94
2003-01-28,1.99
2003-01-29,1.9
2003-01-30,1.9
2003-01-31,1.99
2003-02-03,2.01
2003-02-04,1.9
2003-02-05,1.89
2003-02-06,1.93
2003-02-07,1.87
2003-02-10,1.74
2003-02-11,1.8
2003-02-12,1.84
2003-02-13,1.7
2003-02-14,1.5
2003-02-18,1.56
2003-02-19,1.54
2003-02-20,1.48
2003-02-21,1.65
2003-02-24,1.59
2003-02-25,1.5
2003-02-26,1.5
2003-02-27,1.45
2003-02-28,1.4
2003-03-03,1.3
2003-03-04,1.33
2003-03-05,1.37
2003-03-06,1.4
2003-03-07,1.44
2003-03-10,1.44
2003-03-11,1.34
2003-03-12,1.4
2003-03-13,1.49
2003-03-14,1.42
2003-03-17,1.52
2003-03-18,1.55
2003-03-19,1.45
2003-03-20,1.48
2003-03-21,1.5
2003-04-16,0.45
2003-04-17,0.75
2003-04-21,0.87
2003-04-22,0.76
2003-04-23,0.76
2003-04-24,0.77
2003-04-25,0.81
2003-04-28,0.93
2003-04-29,0.93
2003-04-30,1
2003-05-01,1
2003-05-02,1.02
2003-05-05,0.95
2003-05-06,0.95
2003-05-07,0.92
2003-05-08,0.85
2003-05-09,0.9
2003-05-12,0.85
2003-05-13,0.83
2003-05-14,0.82
2003-05-15,0.79
2003-05-16,0.78
2003-05-19,0.72
2003-05-20,0.75
2003-05-21,0.75
2003-05-22,0.75
2003-05-23,0.75
2003-05-27,0.75
2003-05-28,0.7
2003-05-29,0.75
2003-05-30,0.72
2003-06-02,0.73
2003-06-03,0.73
2003-06-04,0.73
2003-06-05,0.72
2003-06-06,0.67
2003-06-09,0.68
2003-06-10,0.63
2003-06-11,0.51
2003-06-12,0.3
2003-06-13,0.39
2003-06-16,0.45
2003-06-17,0.47
2003-06-18,0.49
2003-06-19,0.45
2003-06-20,0.48
2003-06-23,0.54
2003-06-24,0.5
2003-06-25,0.54
2003-06-26,0.68
2003-06-27,0.77
2003-06-30,0.88
2003-07-01,0.91
2003-07-02,0.94
2003-07-03,0.85
2003-07-07,0.91
2003-07-08,0.89
2003-07-09,0.83
2003-07-10,0.77
2003-07-11,0.78
2003-07-14,0.8
2003-08-19,0.8
2003-08-20,0.8
2003-08-21,1
2003-08-22,1.04
2003-08-25,1
2003-08-26,0.99
2003-08-27,0.9
2003-08-28,0.85
2003-08-29,0.8
2003-09-02,0.75
2003-09-03,0.78
2003-09-04,0.76
2003-09-05,0.75
2003-09-08,0.87
2003-09-09,0.83
2003-09-10,0.79
2003-09-11,0.83
2003-09-12,0.9
2003-09-15,1.15
2003-09-16,1.33
2003-09-17,1.6
2003-09-18,1.65
2003-09-19,1.6
2003-09-22,1.62
2003-09-23,1.82
2003-09-24,1.8
2003-09-25,1.74
2003-09-26,1.5
2003-09-29,1.13
2003-09-30,1.24
2003-10-01,1.32
2003-10-02,1.35
2003-10-03,1.34
2003-10-06,1.24
2003-10-07,1.25
2003-10-08,1.3
2003-10-09,1.22
2003-10-10,1.23
2003-10-13,1.1
2003-10-14,1.01
2003-10-15,1.08
2003-10-16,1.18
2003-10-17,1.2
2003-10-20,1.32
2003-10-21,1.25
2003-10-22,1.24
2003-10-23,1.15
2003-10-24,1.1
2003-10-27,1.19
2003-10-28,1.41
2003-10-29,1.4
2003-10-30,1.38
2003-10-31,1.38
2003-11-03,1.43
2003-11-04,1.35
2003-11-05,1.45
2003-11-06,1.31
2003-11-07,1.35
2003-11-10,1.3
2003-11-11,1.3
2003-11-12,1.52
2003-11-13,1.59
2003-11-14,1.71
2003-11-17,1.8
2003-11-18,1.88
2003-11-19,1.78
2003-11-20,1.8
2003-11-21,1.85
2003-11-24,1.96
2003-11-25,2.12
2003-11-26,2.35
2003-11-28,2.75
2003-12-01,2.7
2003-12-02,2.42
2003-12-03,2.43
2003-12-04,2.53
2003-12-05,2.39
2003-12-08,2.4
2003-12-09,2.26
2003-12-10,2.31
2003-12-11,2.2
2003-12-12,2.76
2003-12-15,2.81
2003-12-16,2.78
2003-12-17,2.78
2003-12-18,2.9
2003-12-19,2.87
2003-12-22,2.7
2003-12-23,2.88
2003-12-24,2.87
2003-12-26,3
2003-12-29,3.08
2003-12-30,2.93
2003-12-31,2.99
2004-01-02,2.79
2004-01-05,2.72
2004-01-06,2.91
2004-01-07,2.85
2004-01-08,2.65
2004-01-09,2.63
2004-01-12,2.58
2004-01-13,2.65
2004-01-14,2.69
2004-01-15,2.64
2004-01-16,2.71
2004-01-20,2.61
2004-01-21,3.01
2004-01-22,3.44
2004-01-23,4.05
2004-01-26,3.92
2004-01-27,3.8
2004-01-28,3.7
2004-01-29,4.07
2004-01-30,3.93
2004-02-02,3.6
2004-02-03,3.83
2004-02-04,3.95
2004-02-05,4
2004-02-06,4.38
2004-02-09,4.87
2004-02-10,4.9
2004-02-11,4.53
2004-02-12,3.85
2004-02-13,2.98
2004-02-17,3.1
2004-02-18,3.09
2004-02-19,3.21
2004-02-20,3.63
2004-02-23,3.79
2004-02-24,4.02
2004-02-25,4
2004-02-26,3.95
2004-02-27,3.69
2004-03-01,3.81
2004-03-02,3.35
2004-03-03,3.19
2004-03-04,3.31
2004-03-05,3.4
2004-03-08,3.4
2004-03-09,3.35
2004-03-10,3.3
2004-03-11,3.33
2004-03-12,3.33
2004-03-15,3.09
2004-03-16,3.08
2004-03-17,3.26
2004-03-18,3.42
2004-03-19,3.61
2004-03-22,3.7
2004-03-23,3.8
2004-03-24,3.9
2004-03-25,3.91
2004-03-26,3.94
2004-03-29,3.9
2004-03-30,3.82
2004-03-31,3.85
2004-04-01,3.82
2004-04-02,3.77
2004-04-05,3.9
2004-04-06,3.75
2004-04-07,3.75
2004-04-08,3.9
2004-04-12,3.89
2004-04-13,3.87
2004-04-14,4.04
2004-04-15,4.1
2004-04-16,4.38
2004-04-19,4.17
2004-04-20,3.52
2004-04-21,3.9
2004-04-22,4.04
2004-04-23,4.09
2004-04-26,4.03
2004-04-27,3.95
2004-04-28,3.99
2004-04-29,3.94
2004-04-30,4.07
2004-05-03,4.12
2004-05-04,4.15
2004-05-05,4.04
2004-05-06,4.05
2004-05-07,3.99
2004-05-10,3.85
2004-05-11,3.95
2004-05-12,4
2004-05-13,4
2004-05-14,4.2
2004-05-17,4.14
2004-05-18,4.15
2004-05-19,4.23
2004-05-20,4.16
2004-05-21,4.19
2004-05-24,4.25
2004-05-25,4.39
2004-05-26,4.73
2004-05-27,4.75
2004-05-28,4.85
2004-06-01,4.76
2004-06-02,4.8
2004-06-03,4.89
2004-06-04,4.95
2004-06-07,5.1
2004-06-08,5
2004-06-09,5.18
2004-06-10,5.1
2004-06-14,5.19
2004-06-15,5.7
2004-06-16,6
2004-06-17,6.24
2004-06-18,6.33
2004-06-21,6.29
2004-06-22,6.3
2004-06-23,6.07
2004-06-24,6.2
2004-06-25,6.4
2004-06-28,6.55
2004-06-29,7
2004-06-30,7.15
2004-07-01,7.1
2004-07-02,6.87
2004-07-06,6.46
2004-07-07,6.29
2004-07-08,6.05
2004-07-09,5.83
2004-07-12,5.71
2004-07-13,5.8
2004-07-14,6
2004-07-15,6.25
2004-07-16,6.93
2004-07-19,6.83
2004-07-20,6.56
2004-07-21,6.4
2004-07-22,6.4
2004-07-23,6.33
2004-07-26,6.14
2004-07-27,6.01
2004-07-28,6.06
2004-07-29,6.24
2004-07-30,6.3
2004-08-02,6.37
2004-08-03,6.48
2004-08-04,6.42
2004-08-05,6.26
2004-08-06,6.22
2004-08-09,5.85
2004-08-10,5.5
2004-08-11,5.61
2004-08-12,5.74
2004-08-13,5.6
2004-08-16,5.78
2004-08-17,6.06
2004-08-18,6
2004-08-19,6
2004-08-20,5.9
2004-08-23,5.94
2004-08-24,6.15
2004-08-25,6.41
2004-08-26,6.56
2004-08-27,7.2
2004-08-30,6.96
2004-08-31,7.25
2004-09-01,7.5
2004-09-02,7.75
2004-09-03,7.92
2004-09-07,8.42
2004-09-08,8.72
2004-09-09,8.31
2004-09-10,7.83
2004-09-13,7.96
2004-09-14,7.94
2004-09-15,7.6
2004-09-16,7.64
2004-09-17,7.7
2004-09-20,7.62
2004-09-21,7.47
2004-09-22,7.22
2004-09-23,7.18
2004-09-24,6.99
2004-09-27,6.67
2004-09-28,6.6
2004-09-29,6.3
2004-09-30,6.16
2004-10-01,6.3
2004-10-04,6.4
2004-10-05,6.32
2004-10-06,6.05
2004-10-07,5.98
2004-10-08,5.9
2004-10-11,6.02
2004-10-12,6.11
2004-10-13,6
2004-10-14,6
2004-10-15,6.03
2004-10-18,5.94
2004-10-19,5.91
2004-10-20,5.88
2004-10-21,5.83
2004-10-22,6.06
2004-10-25,6.07
2004-10-26,6.23
2004-10-27,6.49
2004-10-28,6.95
2004-10-29,6.63
2004-11-01,6.7
2004-11-02,6.36
2004-11-03,6.4
2004-11-04,6.39
2004-11-05,6.38
2004-11-08,6.4
2004-11-09,6.51
2004-11-10,6.68
2004-11-11,6.75
2004-11-12,6.7
2004-11-15,6.61
2004-11-16,6.5
2004-11-17,6.5
2004-11-18,6.39
2004-11-19,6.26
2004-11-22,6.36
2004-11-23,6.3
2004-11-24,6.35
2004-11-26,6.24
2004-11-29,6.11
2004-11-30,6.26
2004-12-01,6.32
2004-12-02,6.55
2004-12-03,6.6
2004-12-06,6.4
2004-12-07,6.35
2004-12-08,6.5
2004-12-09,6.48
2004-12-10,6.4
2004-12-13,6.33
2004-12-14,6.38
2004-12-15,6.38
2004-12-16,6.29
2004-12-17,6.37
2004-12-20,6.35
2004-12-21,6.47
2004-12-22,6.45
2004-12-23,6.53
2004-12-27,6.64
2004-12-28,6.7
2004-12-29,6.9
2004-12-30,6.9
2004-12-31,6.83
2005-01-03,7.27
2005-01-04,6.9
2005-01-05,6.665
2005-01-06,6.55
2005-01-07,6.46
2005-01-10,6.54
2005-01-11,6.6
2005-01-12,6.52
2005-01-13,6.66
2005-01-14,6.7
2005-01-18,6.98
2005-01-19,6.91
2005-01-20,6.79
2005-01-21,6.75
2005-01-24,6.71
2005-01-25,6.5
2005-01-26,6.4
2005-01-27,6.32
2005-01-28,6.39
2005-01-31,6.64
2005-02-01,6.65
2005-02-02,6.43
2005-02-03,6.4115
2005-02-04,6.45
2005-02-07,6.33
2005-02-08,6.1
2005-02-09,6.2
2005-02-10,6.37
2005-02-11,6.42
2005-02-14,6.31
2005-02-15,6.21
2005-02-16,6.19
2005-02-17,6.2
2005-02-18,6.3
2005-02-22,6.26
2005-02-23,6.65
2005-02-24,6.38
2005-02-25,6.52
2005-02-28,6.51
2005-03-01,6.44
2005-03-02,6.55
2005-03-03,6.55
2005-03-04,6.64
2005-03-07,6.53
2005-03-08,6.6
2005-03-09,6.56
2005-03-10,6.48
2005-03-11,6.78
2005-03-14,6.9
2005-03-15,7.03
2005-03-16,6.98
2005-03-17,6.93
2005-03-18,6.93
2005-03-21,6.85
2005-03-22,6.82
2005-03-23,6.75
2005-03-24,6.7
2005-03-28,6.79
2005-03-29,6.55
2005-03-30,6.66
2005-03-31,6.54
2005-04-01,6.41
2005-04-04,6.35
2005-04-05,6.31
2005-04-06,6.27
2005-04-07,6.44
2005-04-08,6.62
2005-04-11,6.7
2005-04-12,6.62
2005-04-13,6.52
2005-04-14,6.52
2005-04-15,6.55
2005-04-18,6.54
2005-04-19,6.53
2005-04-20,6.43
2005-04-21,6.49
2005-04-22,6.49
2005-04-25,6.38
2005-04-26,6.33
2005-04-27,6.12
2005-04-28,5.85
2005-04-29,5.92
2005-05-02,5.79
2005-05-03,5.4
2005-05-04,5.4
2005-05-05,5.37
2005-05-06,5.45
2005-05-09,5.4
2005-05-10,5.23
2005-05-11,5.28
2005-05-12,4.89
2005-05-13,4.64
2005-05-16,4.32
2005-05-17,4.5
2005-05-18,4.93
2005-05-19,5.14
2005-05-20,5.06
2005-05-23,5
2005-05-24,5
2005-05-25,5.05
2005-05-26,5.03
2005-05-27,5.1
2005-05-31,5.34
2005-06-01,5.38
2005-06-02,5.76
2005-06-03,5.31
2005-06-06,5.13
2005-06-07,5.24
2005-06-08,5.2
2005-06-09,5.13
2005-06-10,5
2005-06-13,4.83
2005-06-14,4.93
2005-06-15,5.1
2005-06-16,5.06
2005-06-17,5.1
2005-06-20,5
2005-06-21,4.82
2005-06-22,4.65
2005-06-23,4.5
2005-06-24,4.3
2005-06-27,3.87
2005-06-28,4.05
2005-06-29,4.1
2005-06-30,4.05
2005-07-01,4.35
2005-07-05,4.42
2005-07-06,4.35
2005-07-07,4.33
2005-07-08,4.35
2005-07-11,4.57
2005-07-12,4.44
2005-07-13,4.47
2005-07-14,4.52
2005-07-15,4.52
2005-07-18,4.6
2005-07-19,4.56
2005-07-20,4.59
2005-07-21,4.63
2005-07-22,4.6
2005-07-25,4.62
2005-07-26,4.65
2005-07-27,4.6
2005-07-28,4.6
2005-07-29,4.61
2005-08-01,4.62
2005-08-02,4.51
2005-08-03,4.47
2005-08-04,4.43
2005-08-05,4.45
2005-08-08,4.38
2005-08-09,4.35
2005-08-10,4.25
2005-08-11,4.07
2005-08-12,4.04
2005-08-15,3.88
2005-08-16,3.88
2005-08-17,3.94
2005-08-18,4.05
2005-08-19,4.02
2005-08-22,4.05
2005-08-23,3.92
2005-08-24,3.93
2005-08-25,3.95
2005-08-26,3.95
2005-08-29,3.89
2005-08-30,3.8
2005-08-31,3.7
2005-09-01,3.47
2005-09-02,3.49
2005-09-06,3.6
2005-09-07,3.62
2005-09-08,3.65
2005-09-09,3.5
2005-09-12,3.5
2005-09-13,3.46
2005-09-14,3.43
2005-09-15,3.17
2005-09-16,3.4
2005-09-19,3.28
2005-09-20,3.27
2005-09-21,3.14
2005-09-22,3.06
2005-09-23,2.98
2005-09-26,2.79
2005-09-27,2.76
2005-09-28,2.3
2005-09-29,2.78
2005-09-30,2.94
2005-10-03,2.94
2005-10-04,3.03
2005-10-05,2.92
2005-10-06,2.9
2005-10-07,2.96
2005-10-10,3.03
2005-10-11,2.93
2005-10-12,2.93
2005-10-13,2.77
2005-10-14,2.84
2005-10-17,2.75
2005-10-18,2.85
2005-10-19,2.97
2005-10-20,2.93
2005-10-21,2.91
2005-10-24,2.95
2005-10-25,2.69
2005-10-26,2.62
2005-10-27,2.5
2005-10-28,2.51
2005-10-31,2.66
2005-11-01,2.65
2005-11-02,2.6
2005-11-03,2.56
2005-11-04,2.64
2005-11-07,2.669
2005-11-08,2.6
2005-11-09,2.55
2005-11-10,2.9
2005-11-11,3.38
2005-11-14,3.49
2005-11-15,3.4
2005-11-16,3.42
2005-11-17,3.5
2005-11-18,3.6
2005-11-21,3.5
2005-11-22,3.64
2005-11-23,3.79
2005-11-25,3.85
2005-11-28,3.85
2005-11-29,3.78
2005-11-30,3.8
2005-12-01,3.83
2005-12-02,3.84
2005-12-05,3.81
2005-12-06,3.76
2005-12-07,3.63
2005-12-08,3.62
2005-12-09,3.55
2005-12-12,3.6
2005-12-13,3.59
2005-12-14,3.61
2005-12-15,3.7
2005-12-16,3.8
2005-12-19,3.78
2005-12-20,3.75
2005-12-21,3.7
2005-12-22,3.77
2005-12-23,4.03
2005-12-27,4.24
2005-12-28,4.16
2005-12-29,4.06
2005-12-30,3.99
2006-01-03,3.94
2006-01-04,4.13
2006-01-05,4.2
2006-01-06,4.15
2006-01-09,4.12
2006-01-10,4.14
2006-01-11,4.01
2006-01-12,3.87
2006-01-13,3.78
2006-01-17,3.65
2006-01-18,3.76
2006-01-19,3.85
2006-01-20,3.72
2006-01-23,3.77
2006-01-24,3.8
2006-01-25,3.77
2006-01-26,3.87
2006-01-27,3.9
2006-01-30,3.8
2006-01-31,3.75
2006-02-01,3.7
2006-02-02,3.75
2006-02-03,3.83
2006-02-06,3.74
2006-02-07,3.8
2006-02-08,3.82
2006-02-09,3.86
2006-02-10,3.8
2006-02-13,3.8
2006-02-14,4.48
2006-02-15,4.65
2006-02-16,4.5
2006-02-17,4.62
2006-02-21,4.8
2006-02-22,4.85
2006-02-23,4.75
2006-02-24,4.7499
2006-02-27,5
2006-02-28,4.95
2006-03-01,4.88
2006-03-02,4.95
2006-03-03,4.99
2006-03-06,5
2006-03-07,4.9899
2006-03-08,4.97
2006-03-09,4.97
2006-03-10,4.99
2006-03-13,4.8
2006-03-14,5
2006-03-15,5.3
2006-03-16,5.14
2006-03-17,5.16
2006-03-20,5.64
2006-03-21,5.57
2006-03-22,5.39
2006-03-23,5.8
2006-03-24,5.79
2006-03-27,5.55
2006-03-28,5.28
2006-03-29,5.29
2006-03-30,5.09
2006-03-31,5.21
2006-04-03,5.39
2006-04-04,5.27
2006-04-05,5.1
2006-04-06,5.05
2006-04-07,4.86
2006-04-10,4.53
2006-04-11,4.68
2006-04-12,4.42
2006-04-13,4.46
2006-04-17,4.2
2006-04-18,4.2
2006-04-19,4.06
2006-04-20,3.99
2006-04-21,4.1
2006-04-24,4.05
2006-04-25,3.9
2006-04-26,3.85
2006-04-27,3.85
2006-04-28,3.66
2006-05-01,3.68
2006-05-02,3.59
2006-05-03,3.59
2006-05-04,3.88
2006-05-05,4.1
2006-05-08,4.19
2006-05-09,3.99
2006-05-10,3.96
2006-05-11,3.81
2006-05-12,3.6
2006-05-15,3.71
2006-05-16,3.59
2006-05-17,3.51
2006-05-18,3.61
2006-05-19,3.62
2006-05-22,3.65
2006-05-23,3.61
2006-05-24,3.86
2006-05-25,3.6801
2006-05-26,3.85
2006-05-30,3.77
2006-05-31,3.85
2006-06-01,3.84
2006-06-02,3.77
2006-06-05,3.66
2006-06-06,3.68
2006-06-07,3.75
2006-06-08,3.49
2006-06-09,3.45
2006-06-12,3.21
2006-06-13,3.04
2006-06-14,3.14
2006-06-15,3.32
2006-06-16,3.32
2006-06-19,3.43
2006-06-20,3.32
2006-06-21,3.25
2006-06-22,3.18
2006-06-23,3.1
2006-06-26,3.3
2006-06-27,3.27
2006-06-28,3.21
2006-06-29,3.2
2006-06-30,3.4
2006-07-03,3.32
2006-07-05,3.24
2006-07-06,3.21
2006-07-07,3.1
2006-07-10,3.1
2006-07-11,3.13
2006-07-12,3.12
2006-07-13,3.05
2006-07-14,3.05
2006-07-17,3.02
2006-07-18,2.93
2006-07-19,3.02
2006-07-20,2.95
2006-07-21,2.87
2006-07-24,2.95
2006-07-25,2.94
2006-07-26,2.99
2006-07-27,2.99
2006-07-28,3.04
2006-07-31,3.29
2006-08-01,3.25
2006-08-02,3.21
2006-08-03,3.35
2006-08-04,3.35
2006-08-07,3.22
2006-08-08,3.55
2006-08-09,3.5
2006-08-10,3.58
2006-08-11,3.45
2006-08-14,3.5
2006-08-15,3.5
2006-08-16,3.4601
2006-08-17,3.58
2006-08-18,3.55
2006-08-21,3.51
2006-08-22,3.49
2006-08-23,3.47
2006-08-24,3.44
2006-08-25,3.32
2006-08-28,3.48
2006-08-29,3.79
2006-08-30,3.95
2006-08-31,3.95
2006-09-01,4.02
2006-09-05,4.08
2006-09-06,4.11
2006-09-07,4.01
2006-09-08,4.1
2006-09-11,4.21
2006-09-12,4.31
2006-09-13,4.28
2006-09-14,4.21
2006-09-15,4.3
2006-09-18,4.3
2006-09-19,4.37
2006-09-20,4.6
2006-09-21,4.48
2006-09-22,4.49
2006-09-25,4.31
2006-09-26,4.12
2006-09-27,4.11
2006-09-28,4
2006-09-29,4.16
2006-10-02,4.28
2006-10-03,4.4
2006-10-04,4.4
2006-10-05,4.31
2006-10-06,4.26
2006-10-09,4.18
2006-10-10,3.98
2006-10-11,3.92
2006-10-12,3.9999
2006-10-13,4.05
2006-10-16,3.98
2006-10-17,3.96
2006-10-18,3.98
2006-10-19,4.09
2006-10-20,4.17
2006-10-23,4.24
2006-10-24,4.15
2006-10-25,4.01
2006-10-26,4.02
2006-10-27,4.01
2006-10-30,4.05
2006-10-31,4.08
2006-11-01,4.01
2006-11-02,4
2006-11-03,4.06
2006-11-06,4.03
2006-11-07,4.24
2006-11-08,4.36
2006-11-09,4.36
2006-11-10,4.4
2006-11-13,4.55
2006-11-14,4.5
2006-11-15,4.85
2006-11-16,4.9
2006-11-17,4.85
2006-11-20,4.84
2006-11-21,4.95
2006-11-22,5
2006-11-24,5.1
2006-11-27,5
2006-11-28,4.98
2006-11-29,4.78
2006-11-30,4.66
2006-12-01,4.6
2006-12-04,4.55
2006-12-05,4.62
2006-12-06,4.49
2006-12-07,4.63
2006-12-08,4.67
2006-12-11,4.75
2006-12-12,4.66
2006-12-13,4.95
2006-12-14,5.25
2006-12-15,5.25
2006-12-18,5.24
2006-12-19,5.1
2006-12-20,5.1
2006-12-21,4.85
2006-12-22,4.95
2006-12-26,5
2006-12-27,5
2006-12-28,4.95
2006-12-29,4.9
2007-01-03,4.82
2007-01-04,4.91
2007-01-05,4.9
2007-01-08,4.99
2007-01-09,4.99
2007-01-10,5.25
2007-01-11,5.81
2007-01-12,6.04
2007-01-16,6.2
2007-01-17,6.04
2007-01-18,6.1
2007-01-19,6.05
2007-01-22,6.05
2007-01-23,5.96
2007-01-24,5.96
2007-01-25,6
2007-01-26,5.92
2007-01-29,6.2
2007-01-30,6.21
2007-01-31,6
2007-02-01,6.02
2007-02-02,6.25
2007-02-05,6.2
2007-02-06,6.18
2007-02-07,6.1
2007-02-08,6
2007-02-09,5.63
2007-02-12,5.6
2007-02-13,5.76
2007-02-14,5.98
2007-02-15,6.01
2007-02-16,6.2
2007-02-20,6.33
2007-02-21,5
2007-02-22,5.16
2007-02-23,5.2
2007-02-26,5.16
2007-02-27,4.8
2007-02-28,4.64
2007-03-01,4.51
2007-03-02,4.42
2007-03-05,4.46
2007-03-06,4.42
2007-03-07,4.45
2007-03-08,4.41
2007-03-09,4.4
2007-03-12,4.44
2007-03-13,4.2
2007-03-14,4.16
2007-03-15,4.35
2007-03-16,4.37
2007-03-19,4.4
2007-03-20,4.48
2007-03-21,4.37
2007-03-22,4.43
2007-03-23,4.42
2007-03-26,4.24
2007-03-27,3.35
2007-03-28,3.37
2007-03-29,3.3
2007-03-30,3.15
2007-04-02,3.14
2007-04-03,3.15
2007-04-04,3.05
2007-04-05,3.25
2007-04-09,3.25
2007-04-10,3.48
2007-04-11,3.39
2007-04-12,3.41
2007-04-13,3.45
2007-04-16,3.45
2007-04-17,3.58
2007-04-18,3.5
2007-04-19,3.55
2007-04-20,3.67
2007-04-23,3.49
2007-04-24,3.44
2007-04-25,3.37
2007-04-26,3.4
2007-04-27,3.38
2007-04-30,3.35
2007-05-01,3.32
2007-05-02,3.32
2007-05-03,3.38
2007-05-04,4.05
2007-05-07,4.05
2007-05-08,4.13
2007-05-09,4.1
2007-05-10,4.05
2007-05-11,4.05
2007-05-14,4.01
2007-05-15,3.93
2007-05-16,4.03
2007-05-17,3.85
2007-05-18,3.84
2007-05-21,3.81
2007-05-22,3.73
2007-05-23,3.67
2007-05-24,3.65
2007-05-25,3.75
2007-05-29,3.88
2007-05-30,3.85
2007-05-31,3.87
2007-06-01,3.87
2007-06-04,3.69
2007-06-05,3.65
2007-06-06,3.55
2007-06-07,3.54
2007-06-08,3.58
2007-06-11,3.75
2007-06-12,3.69
2007-06-13,3.66
2007-06-14,3.65
2007-06-15,3.62
2007-06-18,3.62
2007-06-19,3.62
2007-06-20,3.78
2007-06-21,3.7
2007-06-22,3.65
2007-06-25,3.5
2007-06-26,3.51
2007-06-27,3.468
2007-06-28,3.71
2007-06-29,3.62
2007-07-02,3.54
2007-07-03,3.5
2007-07-05,3.5
2007-07-06,3.52
2007-07-09,3.47
2007-07-10,3.5
2007-07-11,3.49
2007-07-12,3.46
2007-07-13,3.29
2007-07-16,3.31
2007-07-17,3.31
2007-07-18,3.26
2007-07-19,3.26
2007-07-20,3.27
2007-07-23,3.17
2007-07-24,3.16
2007-07-25,3.33
2007-07-26,3.13
2007-07-27,3.1
2007-07-30,3.05
2007-07-31,2.96
2007-08-01,2.93
2007-08-02,2.98
2007-08-03,2.77
2007-08-06,2.84
2007-08-07,2.9
2007-08-08,3.2
2007-08-09,3.2
2007-08-10,3.05
2007-08-13,3.15
2007-08-14,3.08
2007-08-15,3.01
2007-08-16,3.15
2007-08-17,3.35
2007-08-20,3.27
2007-08-21,3.4
2007-08-22,3.65
2007-08-23,3.65
2007-08-24,3.59
2007-08-27,3.63
2007-08-28,3.45
2007-08-29,3.45
2007-08-30,3.47
2007-08-31,3.65
2007-09-04,3.6
2007-09-05,3.55
2007-09-06,3.5
2007-09-07,3.3699
2007-09-10,3.42
2007-09-11,3.43
2007-09-12,3.53
2007-09-13,3.53
2007-09-14,3.48
2007-09-17,3.42
2007-09-18,3.44
2007-09-19,3.4
2007-09-20,3.49
2007-09-21,3.38
2007-09-24,3.45
2007-09-25,3.9
2007-09-26,3.84
2007-09-27,4.27
2007-09-28,4.38
2007-10-01,4.27
2007-10-02,4.3
2007-10-03,4.35
2007-10-04,4.39
2007-10-05,4.32
2007-10-08,4.4
2007-10-09,4.37
2007-10-10,4.33
2007-10-11,4.28
2007-10-12,4.2
2007-10-15,4.16
2007-10-16,4.2
2007-10-17,4.22
2007-10-18,4.2
2007-10-19,4.1
2007-10-22,4.35
2007-10-23,4.47
2007-10-24,4.58
2007-10-25,4.41
2007-10-26,4.39
2007-10-29,4.35
2007-10-30,4.39
2007-10-31,5.15
2007-11-01,4.85
2007-11-02,4.9
2007-11-05,4.99
2007-11-06,4.89
2007-11-07,4.86
2007-11-08,4.99
2007-11-09,5.04
2007-11-12,4.95
2007-11-13,5
2007-11-14,5.02
2007-11-15,5
2007-11-16,4.7701
2007-11-19,4.66
2007-11-20,4.58
2007-11-21,4.62
2007-11-23,4.63
2007-11-26,4.585
2007-11-27,4.62
2007-11-28,4.88
2007-11-29,4.95
2007-11-30,5.13
2007-12-03,5
2007-12-04,4.99
2007-12-05,4.91
2007-12-06,5
2007-12-07,5
2007-12-10,5
2007-12-11,5.07
2007-12-12,4.99
2007-12-13,4.95
2007-12-14,5.22
2007-12-17,5.06
2007-12-18,5.13
2007-12-19,5.08
2007-12-20,5.09
2007-12-21,5.09
2007-12-24,5.101
2007-12-26,5.14
2007-12-27,5.04
2007-12-28,5.1
2007-12-31,5.1
2008-01-02,5
2008-01-03,4.95
2008-01-04,4.72
2008-01-07,4.7
2008-01-08,4.92
2008-01-09,5
2008-01-10,5.06
2008-01-11,5.19
2008-01-14,5.12
2008-01-15,5.15
2008-01-16,5.12
2008-01-17,4.94
2008-01-18,4.9
2008-01-22,5.12
2008-01-23,4.86
2008-01-24,4.88
2008-01-25,4.89
2008-01-28,5.02
2008-01-29,5.14
2008-01-30,5.05
2008-01-31,5.07
2008-02-01,5.08
2008-02-04,5
2008-02-05,5.09
2008-02-06,4.82
2008-02-07,5.13
2008-02-08,5.05
2008-02-11,5.03
2008-02-12,4.99
2008-02-13,5
2008-02-14,4.89
2008-02-15,5.03
2008-02-19,5.1
2008-02-20,5.14
2008-02-21,5.01
2008-02-22,5.08
2008-02-25,5.14
2008-02-26,5.08
2008-02-27,4.91
2008-02-28,5.13
2008-02-29,5.2
2008-03-03,4.9
2008-03-04,5.11
2008-03-05,5.19
2008-03-06,5
2008-03-07,4.9
2008-03-10,4.88
2008-03-11,4.9
2008-03-12,4.88
2008-03-13,4.8
2008-03-14,4.8
2008-03-17,4.69
2008-03-18,4.7
2008-03-19,4.75
2008-03-20,4.83
2008-03-24,5
2008-03-25,5.24
2008-03-26,5.13
2008-03-27,5.26
2008-03-28,5.22
2008-03-31,6
2008-04-01,6.17
2008-04-02,6.3
2008-04-03,6.89
2008-04-04,7.01
2008-04-07,7.2
2008-04-08,7.05
2008-04-09,6.99
2008-04-10,6.98
2008-04-11,6.8
2008-04-14,7
2008-04-15,7.12
2008-04-16,7.39
2008-04-17,7.3
2008-04-18,7.3
2008-04-21,7.4
2008-04-22,7.53
2008-04-23,7.48
2008-04-24,7.35
2008-04-25,7.54
2008-04-28,7.87
2008-04-29,7.9
2008-04-30,7.95
2008-05-01,8.45
2008-05-02,8.46
2008-05-05,8.46
2008-05-06,7.43
2008-05-07,7.1
2008-05-08,7.05
2008-05-09,7.05
2008-05-12,6.99
2008-05-13,7.08
2008-05-14,7.05
2008-05-15,7.52
2008-05-16,7.39
2008-05-19,7.39
2008-05-20,7.05
2008-05-21,6.5
2008-05-22,6.86
2008-05-23,6.79
2008-05-27,6.91
2008-05-28,7
2008-05-29,7.16
2008-05-30,7.32
2008-06-02,7.35
2008-06-03,7.22
2008-06-04,7.16
2008-06-05,7.33
2008-06-06,7.15
2008-06-09,7.4
2008-06-10,7.35
2008-06-11,6.53
2008-06-12,6.76
2008-06-13,7.04
2008-06-16,7.28
2008-06-17,7.23
2008-06-18,7.1
2008-06-19,7.24
2008-06-20,7.06
2008-06-23,7.09
2008-06-24,6.78
2008-06-25,6.89
2008-06-26,6.82
2008-06-27,6.66
2008-06-30,6.95
2008-07-01,7
2008-07-02,6.97
2008-07-03,7.05
2008-07-07,7.01
2008-07-08,7.67
2008-07-09,7.54
2008-07-10,7.51
2008-07-11,7.4
2008-07-14,7.37
2008-07-15,7.21
2008-07-16,7.76
2008-07-17,8.54
2008-07-18,8.65
2008-07-21,8.73
2008-07-22,9.33
2008-07-23,9.49
2008-07-24,8.95
2008-07-25,8.79
2008-07-28,9.26
2008-07-29,9.39
2008-07-30,8.11
2008-07-31,8.82
2008-08-01,8.48
2008-08-04,8.42
2008-08-05,8.61
2008-08-06,8.61
2008-08-07,8.54
2008-08-08,8.98
2008-08-11,9.09
2008-08-12,9.33
2008-08-13,9
2008-08-14,8.99
2008-08-15,9.1
2008-08-18,9
2008-08-19,8.65
2008-08-20,7.98
2008-08-21,7.7
2008-08-22,7.85
2008-08-25,8.06
2008-08-26,7.98
2008-08-27,8.18
2008-08-28,8.75
2008-08-29,9.03
2008-09-02,8.9
2008-09-03,9.32
2008-09-04,8.94
2008-09-05,9.01
2008-09-08,9.42
2008-09-09,9.78
2008-09-10,10.03
2008-09-11,10.45
2008-09-12,10.89
2008-09-15,10.08
2008-09-16,10.79
2008-09-17,9.86
2008-09-18,9.78
2008-09-19,10
2008-09-22,9.68
2008-09-23,9.74
2008-09-24,9.5
2008-09-25,9.55
2008-09-26,9.53
2008-09-29,8.9
2008-09-30,9.28
2008-10-01,8.98
2008-10-02,8.66
2008-10-03,7.79
2008-10-06,7.22
2008-10-07,6.87
2008-10-08,6.13
2008-10-09,5.56
2008-10-10,5.26
2008-10-13,5.91
2008-10-14,6.05
2008-10-15,5.49
2008-10-16,5.91
2008-10-17,5.5
2008-10-20,5.47
2008-10-21,5.46
2008-10-22,5.77
2008-10-23,6.34
2008-10-24,5.8
2008-10-27,5.66
2008-10-28,6.39
2008-10-29,6.24
2008-10-30,6.44
2008-10-31,7
2008-11-03,7.25
2008-11-04,7.26
2008-11-05,6.94
2008-11-06,6.7
2008-11-07,6.96
2008-11-10,6.54
2008-11-11,6.66
2008-11-12,6.37
2008-11-13,6.55
2008-11-14,6.21
2008-11-17,6.17
2008-11-18,5.58
2008-11-19,4.84
2008-11-20,4.16
2008-11-21,3.61
2008-11-24,4.2
2008-11-25,4.12
2008-11-26,4.36
2008-11-28,4.48
2008-12-01,4.32
2008-12-02,4.48
2008-12-03,4.63
2008-12-04,4.37
2008-12-05,4.5
2008-12-08,4.39
2008-12-09,4.19
2008-12-10,4.15
2008-12-11,3.88
2008-12-12,4
2008-12-15,3.87
2008-12-16,4.04
2008-12-17,4.66
2008-12-18,5
2008-12-19,5.13
2008-12-22,5.22
2008-12-23,5.49
2008-12-24,5.62
2008-12-26,5.85
2008-12-29,5.66
2008-12-30,6.29
2008-12-31,6.38
2009-01-02,6.42
2009-01-05,6
2009-01-06,6.17
2009-01-07,5.92
2009-01-08,6.03
2009-01-09,5.76
2009-01-12,5.6
2009-01-13,5.46
2009-01-14,5.11
2009-01-15,5.25
2009-01-16,5.06
2009-01-20,4.64
2009-01-21,5.16
2009-01-22,4.74
2009-01-23,4.73
2009-01-26,4.64
2009-01-27,4.57
2009-01-28,4.82
2009-01-29,4.33
2009-01-30,4.07
2009-02-02,4.03
2009-02-03,4.32
2009-02-04,4
2009-02-05,4.28
2009-02-06,4.67
2009-02-09,4.51
2009-02-10,3.95
2009-02-11,3.93
2009-02-12,4.22
2009-02-13,4.12
2009-02-17,3.83
2009-02-18,3.61
2009-02-19,4.02
2009-02-20,3.78
2009-02-23,3.56
2009-02-24,3.62
2009-02-25,3.51
2009-02-26,3.25
2009-02-27,3.17
2009-03-02,2.68
2009-03-03,2.51
2009-03-04,2.59
2009-03-05,2.25
2009-03-06,2.51
2009-03-09,2.77
2009-03-10,3.19
2009-03-11,2.94
2009-03-12,3.26
2009-03-13,3.07
2009-03-16,2.9875
2009-03-17,3.2
2009-03-18,3.58
2009-03-19,3.41
2009-03-20,2.98
2009-03-23,3.14
2009-03-24,3.06
2009-03-25,3.28
2009-03-26,3.4
2009-03-27,3.72
2009-03-30,3.62
2009-03-31,3.73
2009-04-01,3.79
2009-04-02,4.27
2009-04-03,4.35
2009-04-06,3.98
2009-04-07,3.67
2009-04-08,3.91
2009-04-09,4.44
2009-04-13,4.5
2009-04-14,4.44
2009-04-15,4.78
2009-04-16,5.26
2009-04-17,5.17
2009-04-20,4.86
2009-04-21,5.18
2009-04-22,5.23
2009-04-23,5.28
2009-04-24,5.35
2009-04-27,4.79
2009-04-28,4.71
2009-04-29,5.08
2009-04-30,4.99
2009-05-01,5.15
2009-05-04,5.47
2009-05-05,5.57
2009-05-06,5.55
2009-05-07,5.04
2009-05-08,5.23
2009-05-11,5.22
2009-05-12,5.12
2009-05-13,4.78
2009-05-14,4.98
2009-05-15,4.75
2009-05-18,4.77
2009-05-19,4.88
2009-05-20,4.92
2009-05-21,4.97
2009-05-22,5
2009-05-26,5.18
2009-05-27,5.12
2009-05-28,5.19
2009-05-29,5.26
2009-06-01,5.4
2009-06-02,5.39
2009-06-03,5.55
2009-06-04,5.71
2009-06-05,5.67
2009-06-08,5.7
2009-06-09,5.89
2009-06-10,5.83
2009-06-11,5.66
2009-06-12,5.71
2009-06-15,5.35
2009-06-16,5.05
2009-06-17,5.25
2009-06-18,5.43
2009-06-19,5.3
2009-06-22,4.68
2009-06-23,4.51
2009-06-24,4.86
2009-06-25,5.26
2009-06-26,5.74
2009-06-29,5.61
2009-06-30,6.02
2009-07-01,6.05
2009-07-02,5.71
2009-07-06,5.68
2009-07-07,5.72
2009-07-08,5.56
2009-07-09,5.59
2009-07-10,5.88
2009-07-13,6.28
2009-07-14,6.35
2009-07-15,6.68
2009-07-16,6.39
2009-07-17,6.47
2009-07-20,6.68
2009-07-21,6.7
2009-07-22,6.67
2009-07-23,6.72
2009-07-24,6.69
2009-07-27,7.09
2009-07-28,6.33
2009-07-29,6.34
2009-07-30,6.3
2009-07-31,6.39
2009-08-03,6.29
2009-08-04,6.47
2009-08-05,6.77
2009-08-06,6.71
2009-08-07,6.86
2009-08-10,6.77
2009-08-11,6.77
2009-08-12,6.96
2009-08-13,6.98
2009-08-14,6.91
2009-08-17,6.78
2009-08-18,6.87
2009-08-19,6.84
2009-08-20,6.99
2009-08-21,7.1
2009-08-24,7.21
2009-08-25,7.29
2009-08-26,7.41
2009-08-27,7.45
2009-08-28,7.38
2009-08-31,7.32
2009-09-01,7.19
2009-09-02,7.24
2009-09-03,7.26
2009-09-04,7.48
2009-09-08,7.55
2009-09-09,7.63
2009-09-10,7.91
2009-09-11,7.95
2009-09-14,8
2009-09-15,8.06
2009-09-16,8.35
2009-09-17,8.38
2009-09-18,8.43
2009-09-21,8.74
2009-09-22,8.68
2009-09-23,8.5
2009-09-24,8.28
2009-09-25,8.19
2009-09-28,8.29
2009-09-29,8.21
2009-09-30,8.26
2009-10-01,7.7
2009-10-02,7.65
2009-10-05,7.8
2009-10-06,8.2
2009-10-07,8.11
2009-10-08,8.17
2009-10-09,8.16
2009-10-12,8.22
2009-10-13,8.23
2009-10-14,8.86
2009-10-15,8.79
2009-10-16,8.79
2009-10-19,8.86
2009-10-20,8.87
2009-10-21,8.79
2009-10-22,8.79
2009-10-23,8.16
2009-10-26,7.68
2009-10-27,7.55
2009-10-28,7.19
2009-10-29,7.37
2009-10-30,7.09
2009-11-02,6.88
2009-11-03,6.86
2009-11-04,6.66
2009-11-05,6.82
2009-11-06,7
2009-11-09,6.99
2009-11-10,6.88
2009-11-11,7.06
2009-11-12,6.63
2009-11-13,6.92
2009-11-16,7.04
2009-11-17,6.88
2009-11-18,6.65
2009-11-19,6.59
2009-11-20,6.54
2009-11-23,6.7
2009-11-24,6.5
2009-11-25,6.45
2009-11-27,6.25
2009-11-30,6.24
2009-12-01,6.51
2009-12-02,6.77
2009-12-03,6.8
2009-12-04,7.06
2009-12-07,7.2
2009-12-08,7.05
2009-12-09,7.2
2009-12-10,7.11
2009-12-11,7.39
2009-12-14,7.55
2009-12-15,7.37
2009-12-16,7.33
2009-12-17,7.06
2009-12-18,7.26
2009-12-21,7.39
2009-12-22,7.58
2009-12-23,7.46
2009-12-24,7.51
2009-12-28,7.29
2009-12-29,7.3
2009-12-30,7.13
2009-12-31,7
2010-01-04,7.1
2010-01-05,7.21
2010-01-06,6.94
2010-01-07,7.21
2010-01-08,7.18
2010-01-11,7.05
2010-01-12,6.94
2010-01-13,7.16
2010-01-14,6.88
2010-01-15,6.76
2010-01-19,6.8
2010-01-20,6.69
2010-01-21,6.5
2010-01-22,6.31
2010-01-25,6.35
2010-01-26,6.18
2010-01-27,6.26
2010-01-28,6.09
2010-01-29,5.94
2010-02-01,5.95
2010-02-02,6.37
2010-02-03,6.27
2010-02-04,6.08
2010-02-05,7.02
2010-02-08,6.95
2010-02-09,7.26
2010-02-10,7.1
2010-02-11,7.18
2010-02-12,7.17
2010-02-16,7.36
2010-02-17,7.51
2010-02-18,7.75
2010-02-19,7.86
2010-02-22,8.02
2010-02-23,7.94
2010-02-24,7.84
2010-02-25,7.71
2010-02-26,7.78
2010-03-01,8.09
2010-03-02,7.9
2010-03-03,7.9
2010-03-04,7.78
2010-03-05,7.84
2010-03-08,7.72
2010-03-09,7.77
2010-03-10,7.91
2010-03-11,7.95
2010-03-12,8.04
2010-03-15,8.01
2010-03-16,8
2010-03-17,7.84
2010-03-18,7.79
2010-03-19,7.54
2010-03-22,7.72
2010-03-23,7.77
2010-03-24,7.68
2010-03-25,7.57
2010-03-26,7.63
2010-03-29,7.51
2010-03-30,7.42
2010-03-31,7.37
2010-04-01,7.36
2010-04-05,7.23
2010-04-06,7.25
2010-04-07,7.07
2010-04-08,7.24
2010-04-09,7.17
2010-04-12,7.26
2010-04-13,7.23
2010-04-14,7.25
2010-04-15,7.26
2010-04-16,7.2
2010-04-19,7.29
2010-04-20,7.4
2010-04-21,7.4
2010-04-22,7.38
2010-04-23,6.88
2010-04-26,7.04
2010-04-27,7.03
2010-04-28,7.04
2010-04-29,7.1
2010-04-30,7.12
2010-05-03,7.25
2010-05-04,7.11
2010-05-05,7.06
2010-05-06,6.93
2010-05-07,7.12
2010-05-10,7.17
2010-05-11,7
2010-05-12,7.1
2010-05-13,6.97
2010-05-14,7.02
2010-05-17,7.07
2010-05-18,6.84
2010-05-19,6.93
2010-05-20,6.77
2010-05-21,6.77
2010-05-24,6.78
2010-05-25,6.96
2010-05-26,6.81
2010-05-27,7.2
2010-05-28,7.12
2010-06-01,7.03
2010-06-02,7.24
2010-06-03,7.21
2010-06-04,6.86
2010-06-07,6.67
2010-06-08,6.69
2010-06-09,6.72
2010-06-10,6.8
2010-06-11,6.83
2010-06-14,6.95
2010-06-15,7.02
2010-06-16,6.34
2010-06-17,6.24
2010-06-18,6.34
2010-06-21,6.15
2010-06-22,5.83
2010-06-23,5.57
2010-06-24,5.32
2010-06-25,5.47
2010-06-28,5.4
2010-06-29,5.23
2010-06-30,5.17
2010-07-01,5.24
2010-07-02,5.26
2010-07-06,5.18
2010-07-07,5.39
2010-07-08,5.55
2010-07-09,5.9
2010-07-12,5.7
2010-07-13,5.8
2010-07-14,5.78
2010-07-15,5.78
2010-07-16,5.68
2010-07-19,5.74
2010-07-20,5.99
2010-07-21,5.74
2010-07-22,5.93
2010-07-23,5.99
2010-07-26,6.1
2010-07-27,6
2010-07-28,5.84
2010-07-29,5.87
2010-07-30,6
2010-08-02,5.89
2010-08-03,5.74
2010-08-04,5.81
2010-08-05,5.7
2010-08-06,5.64
2010-08-09,5.62
2010-08-10,5.43
2010-08-11,4.99
2010-08-12,5.44
2010-08-13,5.15
2010-08-16,5.25
2010-08-17,5.49
2010-08-18,5.29
2010-08-19,5.17
2010-08-20,5.2
2010-08-23,5.03
2010-08-24,4.83
2010-08-25,4.91
2010-08-26,4.83
2010-08-27,4.96
2010-08-30,4.81
2010-08-31,4.9
2010-09-01,5.07
2010-09-02,5.17
2010-09-03,5.22
2010-09-07,4.93
2010-09-08,4.9
2010-09-09,4.99
2010-09-10,4.94
2010-09-13,5.07
2010-09-14,5.08
2010-09-15,5.48
2010-09-16,5.53
2010-09-17,5.46
2010-09-20,5.56
2010-09-21,5.63
2010-09-22,5.73
2010-09-23,5.66
2010-09-24,5.7
2010-09-27,5.88
2010-09-28,5.9
2010-09-29,5.89
2010-09-30,5.99
2010-10-01,5.96
2010-10-04,5.75
2010-10-05,5.85
2010-10-06,5.97
2010-10-07,6.15
2010-10-08,6.15
2010-10-11,6.11
2010-10-12,6.35
2010-10-13,6.39
2010-10-14,6.32
2010-10-15,6.42
2010-10-18,6.42
2010-10-19,6.215
2010-10-20,7.13
2010-10-21,7.16
2010-10-22,7.33
2010-10-25,7.48
2010-10-26,7.65
2010-10-27,7.51
2010-10-28,7.61
2010-10-29,7.32
2010-11-01,7.3
2010-11-02,7.3575
2010-11-03,7.43
2010-11-04,7.29
2010-11-05,7.2
2010-11-08,7.33
2010-11-09,7.27
2010-11-10,7.07
2010-11-11,7.04
2010-11-12,7.01
2010-11-15,7
2010-11-16,6.7
2010-11-17,6.96
2010-11-18,7.12
2010-11-19,7.12
2010-11-22,6.98
2010-11-23,7.27
2010-11-24,7.88
2010-11-26,7.71
2010-11-29,7.87
2010-11-30,7.9
2010-12-01,8.04
2010-12-02,8.1
2010-12-03,8.07
2010-12-06,8.3
2010-12-07,8.05
2010-12-08,7.94
2010-12-09,8.2
2010-12-10,8.2
2010-12-13,8.53
2010-12-14,8.26
2010-12-15,8.11
2010-12-16,8.13
2010-12-17,8
2010-12-20,8.09
2010-12-21,8.18
2010-12-22,8.08
2010-12-23,8.005
2010-12-27,8.05
2010-12-28,7.97
2010-12-29,7.9
2010-12-30,7.95
2010-12-31,7.84
2011-01-03,7.92
2011-01-04,7.88
2011-01-05,8.03
2011-01-06,8.01
2011-01-07,8.01
2011-01-10,8.03
2011-01-11,7.95
2011-01-12,7.85
2011-01-13,7.78
2011-01-14,7.95
2011-01-18,7.5
2011-01-19,7.51
2011-01-20,7.5
2011-01-21,7.42
2011-01-24,7.51
2011-01-25,7.58
2011-01-26,7.76
2011-01-27,7.73
2011-01-28,7.5
2011-01-31,7.39
2011-02-01,7.63
2011-02-02,6.99
2011-02-03,6.8
2011-02-04,6.78
2011-02-07,6.84
2011-02-08,6.8
2011-02-09,6.98
2011-02-10,6.96
2011-02-11,7
2011-02-14,7.15
2011-02-15,7.07
2011-02-16,7.12
2011-02-17,7.23
2011-02-18,7.3425
2011-02-22,7
2011-02-23,6.6
2011-02-24,6.72
2011-02-25,6.68
2011-02-28,6.64
2011-03-01,6.59
2011-03-02,6.33
2011-03-03,6.7
2011-03-04,6.68
2011-03-07,6.52
2011-03-08,7.06
2011-03-09,7.05
2011-03-10,7.09
2011-03-11,7.03
2011-03-14,7.06
2011-03-15,7.15
2011-03-16,6.71
2011-03-17,6.11
2011-03-18,6.17
2011-03-21,6.39
2011-03-22,6.08
2011-03-23,6.2
2011-03-24,6.07
2011-03-25,6.05
2011-03-28,6
2011-03-29,6.14
2011-03-30,5.99
2011-03-31,6.01
2011-04-01,6.03
2011-04-04,5.88
2011-04-05,5.84
2011-04-06,5.9
2011-04-07,5.68
2011-04-08,5.55
2011-04-11,5.61
2011-04-12,5.63
2011-04-13,5.57
2011-04-14,5.49
2011-04-15,5.45
2011-04-18,5.48
2011-04-19,5.43
2011-04-20,5.46
2011-04-21,5.58
2011-04-25,5.59
2011-04-26,5.58
2011-04-27,5.85
2011-04-28,5.89
2011-04-29,5.84
2011-05-02,5.86
2011-05-03,5.78
2011-05-04,5.81
2011-05-05,6.03
2011-05-06,5.99
2011-05-09,5.99
2011-05-10,6.13
2011-05-11,6.11
2011-05-12,6.15
2011-05-13,5.8
2011-05-16,5.85
2011-05-17,5.9795
2011-05-18,5.82
2011-05-19,5.8195
2011-05-20,5.84
2011-05-23,5.74
2011-05-24,5.62
2011-05-25,5.55
2011-05-26,5.54
2011-05-27,5.63
2011-05-31,5.54
2011-06-01,5.399
2011-06-02,5.57
2011-06-03,5.53
2011-06-06,5.41
2011-06-07,5.49
2011-06-08,5.49
2011-06-09,5.54
2011-06-10,5.52
2011-06-13,5.44
2011-06-14,5.51
2011-06-15,5.45
2011-06-16,5.47
2011-06-17,5.46
2011-06-20,5.66
2011-06-21,5.73
2011-06-22,5.69
2011-06-23,5.85
2011-06-24,5.74
2011-06-27,5.99
2011-06-28,6.04
2011-06-29,5.86
2011-06-30,5.7
2011-07-01,5.91
2011-07-05,5.68
2011-07-06,5.77
2011-07-07,5.95
2011-07-08,5.94
2011-07-11,5.81
2011-07-12,5.74
2011-07-13,5.69
2011-07-14,5.5
2011-07-15,5.41
2011-07-18,5.32
2011-07-19,5.27
2011-07-20,5.22
2011-07-21,5.3
2011-07-22,5.26
2011-07-25,5.13
2011-07-26,5.21
2011-07-27,4.8
2011-07-28,4.79
2011-07-29,4.7
2011-08-01,4.74
2011-08-02,4.5
2011-08-03,4.35
2011-08-04,4.2
2011-08-05,4.24
2011-08-08,3.87
2011-08-09,4.13
2011-08-10,3.84
2011-08-11,3.93
2011-08-12,3.97
2011-08-15,4.11
2011-08-16,4.06
2011-08-17,4.34
2011-08-18,4.09
2011-08-19,4.01
2011-08-22,3.97
2011-08-23,4.14
2011-08-24,4.12
2011-08-25,3.93
2011-08-26,3.95
2011-08-29,4.24
2011-08-30,4.09
2011-08-31,4.18
2011-09-01,3.99
2011-09-02,3.89
2011-09-06,3.81
2011-09-07,3.96
2011-09-08,3.87
2011-09-09,3.78
2011-09-12,4.09
2011-09-13,4.3
2011-09-14,4.3
2011-09-15,4.32
2011-09-16,4.54
2011-09-19,4.55
2011-09-20,4.49
2011-09-21,4.29
2011-09-22,4.23
2011-09-23,4.41
2011-09-26,4.45
2011-09-27,4.47
2011-09-28,4.31
2011-09-29,4.44
2011-09-30,4.21
2011-10-03,3.96
2011-10-04,4.16
2011-10-05,4.05
2011-10-06,4.18
2011-10-07,4.06
2011-10-10,4.23
2011-10-11,4.52
2011-10-12,4.71
2011-10-13,4.82
2011-10-14,4.84
2011-10-17,4.67
2011-10-18,4.92
2011-10-19,5.09
2011-10-20,5.39
2011-10-21,5.21
2011-10-24,5.28
2011-10-25,5.28
2011-10-26,5.31
2011-10-27,5.42
2011-10-28,5.38
2011-10-31,5.35
2011-11-01,5.38
2011-11-02,5.64
2011-11-03,5.7
2011-11-04,5.6
2011-11-07,5.6
2011-11-08,5.61
2011-11-09,5.39
2011-11-10,5.23
2011-11-11,5.44
2011-11-14,5.8
2011-11-15,5.92
2011-11-16,5.82
2011-11-17,5.75
2011-11-18,5.63
2011-11-21,5.46
2011-11-22,5.44
2011-11-23,5.25
2011-11-25,5.22
2011-11-28,5.52
2011-11-29,5.5
2011-11-30,5.95
2011-12-01,5.94
2011-12-02,5.86
2011-12-05,6.01
2011-12-06,6.1
2011-12-07,6.19
2011-12-08,5.87
2011-12-09,6.04
2011-12-12,6.04
2011-12-13,5.85
2011-12-14,5.96
2011-12-15,6.04
2011-12-16,6.41
2011-12-19,6.02
2011-12-20,6.16
2011-12-21,6.19
2011-12-22,6.13
2011-12-23,6
2011-12-27,5.86
2011-12-28,5.74
2011-12-29,5.86
2011-12-30,5.8
2012-01-03,5.78
2012-01-04,5.59
2012-01-05,5.44
2012-01-06,5.46
2012-01-09,5.77
2012-01-10,5.95
2012-01-11,6
2012-01-12,5.97
2012-01-13,5.95
2012-01-17,5.91
2012-01-18,6
2012-01-19,5.99
2012-01-20,6.04
2012-01-23,6.15
2012-01-24,6.25
2012-01-25,6.58
2012-01-26,6.595
2012-01-27,6.72
2012-01-30,6.82
2012-01-31,6.96
2012-02-01,6.31
2012-02-02,6.39
2012-02-03,6.59
2012-02-06,6.35
2012-02-07,6.17
2012-02-08,6.23
2012-02-09,6.2
2012-02-10,6.05
2012-02-13,6.17
2012-02-14,6.14
2012-02-15,5.92
2012-02-16,6.13
2012-02-17,6.04
2012-02-21,5.71
2012-02-22,5.6
2012-02-23,5.48
2012-02-24,5.33
2012-02-27,5.19
2012-02-28,5.41
2012-02-29,5.31
2012-03-01,5.26
2012-03-02,5.36
2012-03-05,5.09
2012-03-06,5.07
2012-03-07,5
2012-03-08,5.03
2012-03-09,5.16
2012-03-12,5.06
2012-03-13,5.15
2012-03-14,5.16
2012-03-15,5.22
2012-03-16,5.1
2012-03-19,5.07
2012-03-20,5.1
2012-03-21,5.13
2012-03-22,5.11
2012-03-23,5.25
2012-03-26,5.27
2012-03-27,5.28
2012-03-28,5.37
2012-03-29,5.3
2012-03-30,5.23
2012-04-02,5.24
2012-04-03,5.2
2012-04-04,5.15
2012-04-05,5.11
2012-04-09,5.13
2012-04-10,5.03
2012-04-11,4.96
2012-04-12,5.19
2012-04-13,5.13
2012-04-16,5.16
2012-04-17,5.21
2012-04-18,5.07
2012-04-19,5.18
2012-04-20,5.04
2012-04-23,5.02
2012-04-24,5.05
2012-04-25,5.55
2012-04-26,5.55
2012-04-27,5.84
2012-04-30,5.66
2012-05-01,5.62
2012-05-02,5.6
2012-05-03,5.61
2012-05-04,5.67
2012-05-07,5.76
2012-05-08,5.78
2012-05-09,5.74
2012-05-10,5.78
2012-05-11,5.81
2012-05-14,5.74
2012-05-15,5.76
2012-05-16,5.56
2012-05-17,5.27
2012-05-18,5.28
2012-05-21,5.32
2012-05-22,5.23
2012-05-23,5.38
2012-05-24,5.68
2012-05-25,5.68
2012-05-29,5.68
2012-05-30,5.57
2012-05-31,5.78
2012-06-01,5.64
2012-06-04,5.49
2012-06-05,5.6
2012-06-06,5.76
2012-06-07,5.95
2012-06-08,5.92
2012-06-11,5.88
2012-06-12,5.92
2012-06-13,5.96
2012-06-14,5.99
2012-06-15,5.93
2012-06-18,5.95
2012-06-19,6.21
2012-06-20,6.34
2012-06-21,6.27
2012-06-22,6.31
2012-06-25,6.34
2012-06-26,6.32
2012-06-27,6.48
2012-06-28,6.57
2012-06-29,6.51
2012-07-02,6.72
2012-07-03,6.63
2012-07-05,6.69
2012-07-06,6.76
2012-07-09,6.75
2012-07-10,6.8
2012-07-11,6.79
2012-07-12,6.5
2012-07-13,6.73
2012-07-16,6.74
2012-07-17,6.67
2012-07-18,6.53
2012-07-19,6.3
2012-07-20,6.08
2012-07-23,6.14
2012-07-24,6.03
2012-07-25,5.88
2012-07-26,6.07
2012-07-27,6.29
2012-07-30,6.4
2012-07-31,6.37
2012-08-01,6.18
2012-08-02,6.15
2012-08-03,6.38
2012-08-06,6.53
2012-08-07,6.26
2012-08-08,6.29
2012-08-09,6.12
2012-08-10,6.12
2012-08-13,6.07
2012-08-14,6.17
2012-08-15,6.11
2012-08-16,6.1
2012-08-17,6.19
2012-08-20,6.43
2012-08-21,6.32
2012-08-22,6.36
2012-08-23,6.18
2012-08-24,6.23
2012-08-27,6.24
2012-08-28,6.025
2012-08-29,5.81
2012-08-30,5.93
2012-08-31,5.93
2012-09-04,5.72
2012-09-05,5.75
2012-09-06,5.73
2012-09-07,5.65
2012-09-10,5.79
2012-09-11,5.79
2012-09-12,5.86
2012-09-13,5.93
2012-09-14,5.82
2012-09-17,5.86
2012-09-18,5.71
2012-09-19,5.83
2012-09-20,5.77
2012-09-21,5.79
2012-09-24,5.74
2012-09-25,5.65
2012-09-26,5.63
2012-09-27,5.72
2012-09-28,5.59
2012-10-01,5.56
2012-10-02,5.56
2012-10-03,5.82
2012-10-04,5.89
2012-10-05,5.82
2012-10-08,5.7
2012-10-09,5.34
2012-10-10,5.3
2012-10-11,5.31
2012-10-12,5.37
2012-10-15,5.45
2012-10-16,5.39
2012-10-17,5.43
2012-10-18,5.32
2012-10-19,5.22
2012-10-22,5.25
2012-10-23,5.37
2012-10-24,5.74
2012-10-25,5.82
2012-10-26,5.75
2012-10-31,5.93
2012-11-01,6.01
2012-11-02,6
2012-11-05,5.99
2012-11-06,6.05
2012-11-07,6
2012-11-08,6.04
2012-11-09,6.01
2012-11-12,6.02
2012-11-13,6
2012-11-14,5.88
2012-11-15,5.77
2012-11-16,5.8
2012-11-19,5.86
2012-11-20,5.88
2012-11-21,5.85
2012-11-23,5.94
2012-11-26,6.04
2012-11-27,6.06
2012-11-28,6.12
2012-11-29,6.251
2012-11-30,6.24
2012-12-03,6.19
2012-12-04,6.23
2012-12-05,6.18
2012-12-06,6.22
2012-12-07,6.21
2012-12-10,6.32
2012-12-11,6.54
2012-12-12,6.42
2012-12-13,6.52
2012-12-14,6.5405
2012-12-17,6.6
2012-12-18,6.59
2012-12-19,6.8
2012-12-20,6.66
2012-12-21,6.59
2012-12-24,6.53
2012-12-26,6.42
2012-12-27,6.43
2012-12-28,6.46
2012-12-31,6.57
2013-01-02,6.74
2013-01-03,6.85
2013-01-04,7.11
2013-01-07,7.2
2013-01-08,7.05
2013-01-09,6.59
2013-01-10,6.48
2013-01-11,6.56
2013-01-14,6.52
2013-01-15,6.5
2013-01-16,6.66
2013-01-17,6.62
2013-01-18,6.6
2013-01-22,6.77
2013-01-23,6.65
2013-01-24,6.64
2013-01-25,6.53
2013-01-28,6.54
2013-01-29,6.54
2013-01-30,5.69
2013-01-31,5.77
2013-02-01,5.58
2013-02-04,5.43
2013-02-05,5.64
2013-02-06,5.64
2013-02-07,5.7
2013-02-08,5.8
2013-02-11,5.78
2013-02-12,5.81
2013-02-13,5.88
2013-02-14,5.89
2013-02-15,5.84
2013-02-19,5.93
2013-02-20,5.83
2013-02-21,5.78
2013-02-22,5.84
2013-02-25,5.67
2013-02-26,5.7
2013-02-27,5.76
2013-02-28,5.67
2013-03-01,5.77
2013-03-04,5.85
2013-03-05,5.89
2013-03-06,5.83
2013-03-07,5.86
2013-03-08,6.25
2013-03-11,6.23
2013-03-12,6.2
2013-03-13,6.3
2013-03-14,6.45
2013-03-15,6.33
2013-03-18,6.31
2013-03-19,6.34
2013-03-20,6.4
2013-03-21,6.26
2013-03-22,6.28
2013-03-25,6.24
2013-03-26,5.85
2013-03-27,5.7
2013-03-28,5.77
2013-04-01,5.575
2013-04-02,5.36
2013-04-03,5.295
2013-04-04,5.38
2013-04-05,5.31
2013-04-08,5.51
2013-04-09,5.36
2013-04-10,5.51
2013-04-11,5.62
2013-04-12,5.56
2013-04-15,5.5
2013-04-16,5.6
2013-04-17,5.68
2013-04-18,5.55
2013-04-19,5.56
2013-04-22,5.54
2013-04-23,5.76
2013-04-24,5.35
2013-04-25,5.355
2013-04-26,5.37
2013-04-29,5.36
2013-04-30,5.49
2013-05-01,5.41
2013-05-02,5.47
2013-05-03,5.59
2013-05-06,5.64
2013-05-07,5.72
2013-05-08,5.65
2013-05-09,5.54
2013-05-10,5.49
2013-05-13,5.41
2013-05-14,5.4
2013-05-15,5.39
2013-05-16,5.43
2013-05-17,5.45
2013-05-20,5.5
2013-05-21,5.5
2013-05-22,5.5
2013-05-23,6.01
2013-05-24,5.89
2013-05-28,5.83
2013-05-29,5.8
2013-05-30,5.92
2013-05-31,5.96
2013-06-03,5.99
2013-06-04,5.94
2013-06-05,5.96
2013-06-06,5.97
2013-06-07,5.98
2013-06-10,6.02
2013-06-11,6.01
2013-06-12,6.09
2013-06-13,6.32
2013-06-14,6.29
2013-06-17,6.12
2013-06-18,6.2
2013-06-19,6.11
2013-06-20,6.16
2013-06-21,6.11
2013-06-24,5.77
2013-06-25,5.87
2013-06-26,5.83
2013-06-27,6.12
2013-06-28,6.11
2013-07-01,6.27
2013-07-02,6.16
2013-07-03,6.23
2013-07-05,6.25
2013-07-08,6.35
2013-07-09,6.47
2013-07-10,6.4
2013-07-11,6.42
2013-07-12,6.43
2013-07-15,6.43
2013-07-16,6.41
2013-07-17,6.49
2013-07-18,6.73
2013-07-19,6.655
2013-07-22,6.69
2013-07-23,6.69
2013-07-24,7.02
2013-07-25,7.42
2013-07-26,7.58
2013-07-29,7.48
2013-07-30,7.57
2013-07-31,7.64
2013-08-01,7.71
2013-08-02,7.63
2013-08-05,7.65
2013-08-06,7.54
2013-08-07,7.51
2013-08-08,7.44
2013-08-09,7.4
2013-08-12,7.37
2013-08-13,7.19
2013-08-14,7.19
2013-08-15,7.11
2013-08-16,7.28
2013-08-19,7.12
2013-08-20,7.24
2013-08-21,7.23
2013-08-22,7.28
2013-08-23,7.13
2013-08-26,7.23
2013-08-27,7.06
2013-08-28,7.02
2013-08-29,7.08
2013-08-30,7
2013-09-03,7.025
2013-09-04,7.35
2013-09-05,7.35
2013-09-06,7.14
2013-09-09,7.27
2013-09-10,7.46
2013-09-11,7.34
2013-09-12,7.33
2013-09-13,7.52
2013-09-16,7.66
2013-09-17,7.48
2013-09-18,7.48
2013-09-19,7.53
2013-09-20,7.565
2013-09-23,7.53
2013-09-24,7.53
2013-09-25,7.72
2013-09-26,7.71
2013-09-27,7.59
2013-09-30,7.44
2013-10-01,7.52
2013-10-02,7.5
2013-10-03,7.51
2013-10-04,7.61
2013-10-07,7.64
2013-10-08,7.4
2013-10-09,7.43
2013-10-10,7.68
2013-10-11,7.7
2013-10-14,7.97
2013-10-15,7.87
2013-10-16,7.895
2013-10-17,8.02
2013-10-18,8.1
2013-10-21,8.17
2013-10-22,8.18
2013-10-23,7.7
2013-10-24,7.87
2013-10-25,7.89
2013-10-28,8.13
2013-10-29,8.35
2013-10-30,8.49
2013-10-31,8.245
2013-11-01,8.36
2013-11-04,8.31
2013-11-05,8.28
2013-11-06,8.25
2013-11-07,8.2
2013-11-08,8.27
2013-11-11,8.32
2013-11-12,8.24
2013-11-13,8.5
2013-11-14,8.38
2013-11-15,8.33
2013-11-18,8.29
2013-11-19,8.2
2013-11-20,8.16
2013-11-21,8.33
2013-11-22,8.33
2013-11-25,8.56
2013-11-26,8.61
2013-11-27,9.06
2013-11-29,9.12
2013-12-02,8.99
2013-12-03,8.87
2013-12-04,8.73
2013-12-05,8.74
2013-12-06,8.86
2013-12-09,8.76
2013-12-10,8.69
2013-12-11,8.65
2013-12-12,8.86
2013-12-13,8.79
2013-12-16,8.95
2013-12-17,8.83
2013-12-18,9.03
2013-12-19,8.95
2013-12-20,9.18
2013-12-23,9.2
2013-12-24,9.24
2013-12-26,9.34
2013-12-27,9.5
2013-12-30,9.5
2013-12-31,9.63
2014-01-02,9.62
2014-01-03,10.31
2014-01-06,10.13
2014-01-07,10.3
2014-01-08,10.26
2014-01-09,10.27
2014-01-10,10.61
2014-01-13,10.59
2014-01-14,10.98
2014-01-15,11.08
2014-01-16,11
2014-01-17,10.83
2014-01-21,11.045
2014-01-22,11.04
2014-01-23,10.83
2014-01-24,10.57
2014-01-27,10.33
2014-01-28,10.29
2014-01-29,10.15
2014-01-30,10.33
2014-01-31,10.16
2014-02-03,9.79
2014-02-04,9.69
2014-02-05,9.63
2014-02-06,9.85
2014-02-07,10.24
2014-02-10,10.06
2014-02-11,10.23
2014-02-12,10.11
2014-02-13,10.2
2014-02-14,10.2
2014-02-18,10.37
2014-02-19,10.31
2014-02-20,11.02
2014-02-21,11.28
2014-02-24,11.33
2014-02-25,11.84
2014-02-26,12.12
2014-02-27,12.24
2014-02-28,12.04
2014-03-03,12.29
2014-03-04,12.48
2014-03-05,13.06
2014-03-06,14.16
2014-03-07,14.2
2014-03-10,14.55
2014-03-11,13.92
2014-03-12,13.75
2014-03-13,13.49
2014-03-14,13.6
2014-03-17,13.81
2014-03-18,14.73
2014-03-19,14.35
2014-03-20,14.19
2014-03-21,13.97
2014-03-24,13.73
2014-03-25,14.12
2014-03-26,13.805
2014-03-27,13.58
2014-03-28,13.47
2014-03-31,13.96
2014-04-01,14.38
2014-04-02,14.54
2014-04-03,14.22
2014-04-04,13.58
2014-04-07,13.26
2014-04-08,13.22
2014-04-09,13.79
2014-04-10,13.24
2014-04-11,12.92
2014-04-14,12.67
2014-04-15,12.8
2014-04-16,13.23
2014-04-17,13.11
2014-04-21,13.41
2014-04-22,13.69
2014-04-23,14.63
2014-04-24,14.98
2014-04-25,14.61
2014-04-28,14.36
2014-04-29,14.37
2014-04-30,14.45
2014-05-01,14.9
2014-05-02,15.07
2014-05-05,15.23
2014-05-06,14.89
2014-05-07,14.68
2014-05-08,14.38
2014-05-09,14.15
2014-05-12,14.84
2014-05-13,14.78
2014-05-14,14.45
2014-05-15,14.24
2014-05-16,14.4
2014-05-19,14.825
2014-05-20,14.48
2014-05-21,14.49
2014-05-22,14.56
2014-05-23,14.92
2014-05-27,15.07
2014-05-28,15.31
2014-05-29,15.79
2014-05-30,15.44
2014-06-02,15.8
2014-06-03,15.8
2014-06-04,15.95
2014-06-05,16
2014-06-06,16.25
2014-06-09,16.2
2014-06-10,15.84
2014-06-11,15.19
2014-06-12,14.52
2014-06-13,14.43
2014-06-16,13.9
2014-06-17,14.07
2014-06-18,14.2
2014-06-19,14.07
2014-06-20,14.07
2014-06-23,14.06
2014-06-24,13.85
2014-06-25,14.03
2014-06-26,13.86
2014-06-27,13.89
2014-06-30,13.71
2014-07-01,13.9
2014-07-02,13.57
2014-07-03,13.55
2014-07-07,13.15
2014-07-08,13.41
2014-07-09,13.26
2014-07-10,13.28
2014-07-11,13.55
2014-07-14,13.58
2014-07-15,13.63
2014-07-16,13.39
2014-07-17,13
2014-07-18,13.19
2014-07-21,13.02
2014-07-22,12.97
2014-07-23,14.75
2014-07-24,13.7
2014-07-25,14.4
2014-07-28,13.9
2014-07-29,14.05
2014-07-30,14.41
2014-07-31,13.93
2014-08-01,13.785
2014-08-04,13.59
2014-08-05,13.52
2014-08-06,13.59
2014-08-07,13.53
2014-08-08,13.9
2014-08-11,14.57
2014-08-12,14.41
2014-08-13,14.77
2014-08-14,14.95
2014-08-15,14.89
2014-08-18,15.6
2014-08-19,15.68
2014-08-20,15.83
2014-08-21,15.61
2014-08-22,15.75
2014-08-25,15.84
2014-08-26,15.68
2014-08-27,15.6
2014-08-28,15.49
2014-08-29,15.6
2014-09-02,15.83
2014-09-03,15.26
2014-09-04,15.35
2014-09-05,15.34
2014-09-08,15.52
2014-09-09,15.27
2014-09-10,15.6
2014-09-11,15.56
2014-09-12,15.475
2014-09-15,15.17
2014-09-16,15.31
2014-09-17,15.12
2014-09-18,15.25
2014-09-19,14.95
2014-09-22,14.52
2014-09-23,14.12
2014-09-24,13.82
2014-09-25,13.56
2014-09-26,13.65
2014-09-29,13.5
2014-09-30,13.45
2014-10-01,13.24
2014-10-02,13.38
2014-10-03,13.76
2014-10-06,13.32
2014-10-07,13.15
2014-10-08,13.34
2014-10-09,13.13
2014-10-10,13.05
2014-10-13,12.62
2014-10-14,13.02
2014-10-15,13.11
2014-10-16,13.35
2014-10-17,13.325
2014-10-20,14.5
2014-10-21,15.03
2014-10-22,15.52
2014-10-23,15.78
2014-10-24,16.23
2014-10-27,16.67
2014-10-28,17.1
2014-10-29,17.22
2014-10-30,17.025
2014-10-31,17.34
2014-11-03,17.97
2014-11-04,19.03
2014-11-05,18.24
2014-11-06,18.38
2014-11-07,18.37
2014-11-10,18.49
2014-11-11,18.32
2014-11-12,18.21
2014-11-13,18.12
2014-11-14,18.24
2014-11-17,18.27
2014-11-18,18.76
2014-11-19,18.56
2014-11-20,18.36
2014-11-21,18.21
2014-11-24,18.98
2014-11-25,19.6
2014-11-26,19.98
2014-11-28,20.29
2014-12-01,21.31
2014-12-02,21.1
2014-12-03,21.42
2014-12-04,22.75
2014-12-05,23.01
2014-12-08,22.97
2014-12-09,22.6
2014-12-10,23.25
2014-12-11,23.91
2014-12-12,23.65
2014-12-15,23.76
2014-12-16,22.88
2014-12-17,23.83
2014-12-18,23.99
2014-12-19,23.78
2014-12-22,24.25
2014-12-23,23.93
2014-12-24,24.44
2014-12-26,24.68
2014-12-29,25.27
2014-12-30,26.04
2014-12-31,26.05
2015-01-02,25.27
2015-01-05,25.09
2015-01-06,24.24
2015-01-07,24.35
2015-01-08,25.53
2015-01-09,25.13
2015-01-12,24.22
2015-01-13,24.37
2015-01-14,23.79
2015-01-15,24.21
2015-01-16,24.1
2015-01-20,24.72
2015-01-21,25.23
2015-01-22,25.9
2015-01-23,26.64
2015-01-26,27.49
2015-01-27,27.31
2015-01-28,25.63
2015-01-29,26.62
2015-01-30,19.44
2015-02-02,19.095
2015-02-03,18.72
2015-02-04,19.12
2015-02-05,18.95
2015-02-06,18.93
2015-02-09,18.84
2015-02-10,18.34
2015-02-11,18.7
2015-02-12,19.035
2015-02-13,18.72
2015-02-17,18.5
2015-02-18,18.71
2015-02-19,18.16
2015-02-20,18.745
2015-02-23,18.73
2015-02-24,19.44
2015-02-25,18.99
2015-02-26,18.99
2015-02-27,18.51
2015-03-02,18.61
2015-03-03,18.81
2015-03-04,18.55
2015-03-05,18.94
2015-03-06,19.02
2015-03-09,19.2
2015-03-10,18.81
2015-03-11,19.01
2015-03-12,19.195
2015-03-13,19.42
2015-03-16,19.555
2015-03-17,20.15
2015-03-18,21.08
2015-03-19,21.18
2015-03-20,21.03
2015-03-23,20.5
2015-03-24,21.945
2015-03-25,21.19
2015-03-26,21.08
2015-03-27,21.89
2015-03-30,22.1
2015-03-31,22.025
2015-04-01,21.35
2015-04-02,21.47
2015-04-06,21.02
2015-04-07,21.38
2015-04-08,21.975
2015-04-09,21.32
2015-04-10,21.36
2015-04-13,21.415
2015-04-14,21.27
2015-04-15,21.28
2015-04-16,21.45
2015-04-17,21.165
2015-04-20,21.82
2015-04-21,22.22
2015-04-22,22.02
2015-04-23,21.5
2015-04-24,23.6
2015-04-27,23.9
2015-04-28,24.1
2015-04-29,23.34
2015-04-30,23.08
2015-05-01,23.95
2015-05-04,24.05
2015-05-05,23.66
2015-05-06,23.33
2015-05-07,24.4
2015-05-08,24.74
2015-05-11,24.97
2015-05-12,24.85
2015-05-13,24.84
2015-05-14,25.38
2015-05-15,25.41
2015-05-18,25.44
2015-05-19,25.39
2015-05-20,24.44
2015-05-21,24.78
2015-05-22,24.61
2015-05-26,23.14
2015-05-27,25.17
2015-05-28,24.76
2015-05-29,24.22
2015-06-01,24.56
2015-06-02,24.145
2015-06-03,23.82
2015-06-04,23.4
2015-06-05,23.68
2015-06-08,21.91
2015-06-09,21.61
2015-06-10,22.4
2015-06-11,22.91
2015-06-12,23.09
2015-06-15,22.65
2015-06-16,23.25
2015-06-17,23.5
2015-06-18,24.14
2015-06-19,24.515
2015-06-22,25.18
2015-06-23,24.33
2015-06-24,23.98
2015-06-25,24.36
2015-06-26,24.09
2015-06-29,23.22
2015-06-30,23.75
2015-07-01,23.11
2015-07-02,23.19
2015-07-06,23.39
2015-07-07,23.88
2015-07-08,23.19
2015-07-09,23.2
2015-07-10,24.01
2015-07-13,24.45
2015-07-14,24.25
2015-07-15,24.06
2015-07-16,24.24
2015-07-17,24.16
2015-07-20,23.65
2015-07-21,24.05
2015-07-22,24.09
2015-07-23,23.25
2015-07-24,22.42
2015-07-27,21.78
2015-07-28,22.13
2015-07-29,21.14
2015-07-30,21.68
2015-07-31,21.72
2015-08-03,22.51
2015-08-04,22.7
2015-08-05,23.37
2015-08-06,23.86
2015-08-07,24.03
2015-08-10,24.89
2015-08-11,25.27
2015-08-12,25.13
2015-08-13,25.33
2015-08-14,25.25
2015-08-17,25.94
2015-08-18,25.72
2015-08-19,25.65
2015-08-20,24.58
2015-08-21,23.41
2015-08-24,21.92
2015-08-25,22.11
2015-08-26,22.79
2015-08-27,22.77
2015-08-28,22.91
2015-08-31,22.66
2015-09-01,22.37
2015-09-02,24.06
2015-09-03,23.43
2015-09-04,23.55
2015-09-08,24.52
2015-09-09,24.41
2015-09-10,24.72
2015-09-11,25.1
2015-09-14,25.07
2015-09-15,25.01
2015-09-16,25.09
2015-09-17,25.27
2015-09-18,24.65
2015-09-21,25.25
2015-09-22,24.3
2015-09-23,24.14
2015-09-24,23.62
2015-09-25,24.39
2015-09-28,23.56
2015-09-29,24.08
2015-09-30,24.68
2015-10-01,24.73
2015-10-02,24.28
2015-10-05,25.5
2015-10-06,24.25
2015-10-07,24.56
2015-10-08,26.09
2015-10-09,27.29
2015-10-12,28.13
2015-10-13,28.29
2015-10-14,27.81
2015-10-15,29.25
2015-10-16,29.61
2015-10-19,31
2015-10-20,31.37
2015-10-21,32.87
2015-10-22,33.4
2015-10-23,34.84
2015-10-26,35.59
2015-10-27,35.11
2015-10-28,34.98
2015-10-29,34.76
2015-10-30,34.7
2015-11-02,35.31
2015-11-03,36.17
2015-11-04,35.97
2015-11-05,37
2015-11-06,38.07
2015-11-09,35.66
2015-11-10,36.48
2015-11-11,36.13
2015-11-12,35.79
2015-11-13,35.25
2015-11-16,35.13
2015-11-17,35.53
2015-11-18,35.69
2015-11-19,36.78
2015-11-20,37.73
2015-11-23,36.77
2015-11-24,36.8
2015-11-25,36.6
2015-11-27,36.89
2015-11-30,36.2
2015-12-01,36.73
2015-12-02,38.38
2015-12-03,37.47
2015-12-04,38.48
2015-12-07,39.41
2015-12-08,38.74
2015-12-09,37.65
2015-12-10,38.29
2015-12-11,37.63
2015-12-14,38.01
2015-12-15,37.78
2015-12-16,38.56
2015-12-17,37.81
2015-12-18,37.02
2015-12-21,37.48
2015-12-22,37.44
2015-12-23,37.33
2015-12-24,37.15
2015-12-28,37.09
2015-12-29,37.4
2015-12-30,36.48
2015-12-31,35.33
2016-01-04,32.81
2016-01-05,32.03
2016-01-06,32.53
2016-01-07,32.28
2016-01-08,31.94
2016-01-11,32.22
2016-01-12,32.03
2016-01-13,29.76
2016-01-14,31.21
2016-01-15,31.67
2016-01-19,30.65
2016-01-20,30.7
2016-01-21,30.89
2016-01-22,31.58
2016-01-25,31.62
2016-01-26,32.35
2016-01-27,36.04
2016-01-28,34.8
2016-01-29,35.21
2016-02-01,35.52
2016-02-02,34.1
2016-02-03,33.8
2016-02-04,34.09
2016-02-05,31.99
2016-02-08,31.89
2016-02-09,33.39
2016-02-10,34.19
2016-02-11,33.93
2016-02-12,36.25
2016-02-16,37.06
2016-02-17,38.01
2016-02-18,39.18
2016-02-19,39.77
2016-02-22,41.13
2016-02-23,41.29
2016-02-24,42.62
2016-02-25,43.09
2016-02-26,42.64
2016-02-29,43.02
2016-03-01,43.96
2016-03-02,43.85
2016-03-03,44.98
2016-03-04,45.76
2016-03-07,45.73
2016-03-08,43.96
2016-03-09,45.02
2016-03-10,44.74
2016-03-11,45.35
2016-03-14,45.75
2016-03-15,45.43
2016-03-16,46.57
2016-03-17,45.44
2016-03-18,45.85
2016-03-21,46.48
2016-03-22,46.32
2016-03-23,46.7
2016-03-24,46.28
2016-03-28,45.83
2016-03-29,47.22
2016-03-30,47.29
2016-03-31,47.19
2016-04-01,46.02
2016-04-04,47.63
2016-04-05,47.85
2016-04-06,47.79
2016-04-07,47.31
2016-04-08,48.2
2016-04-11,48
2016-04-12,48.44
2016-04-13,49.74
2016-04-14,50.08
2016-04-15,50.17
2016-04-18,49.96
2016-04-19,50.45
2016-04-20,50.34
2016-04-21,49.64
2016-04-22,44
2016-04-25,43.94
2016-04-26,44.01
2016-04-27,44.24
2016-04-28,43.49
2016-04-29,42.07
2016-05-02,42.77
2016-05-03,42.39
2016-05-04,40.83
2016-05-05,41.15
2016-05-06,42.18
2016-05-09,42.14
2016-05-10,42.84
2016-05-11,42.83
2016-05-12,41.46
2016-05-13,41.62
2016-05-16,42.13
2016-05-17,41.82
2016-05-18,42.3
2016-05-19,41.22
2016-05-20,41.31
2016-05-23,41.1
2016-05-24,42.21
2016-05-25,41.62
2016-05-26,41.21
2016-05-27,41.43
2016-05-31,40.46
2016-06-01,40.05
2016-06-02,40.31
2016-06-03,39.55
2016-06-06,39.42
2016-06-07,41.37
2016-06-08,41.49
2016-06-09,41.67
2016-06-10,39.97
2016-06-13,37.67
2016-06-14,36.51
2016-06-15,36.6
2016-06-16,36.2
2016-06-17,36.13
2016-06-20,36.04
2016-06-21,36.4
2016-06-22,36.12
2016-06-23,36.92
2016-06-24,35.62
2016-06-27,36.84
2016-06-28,37.73
2016-06-29,37.54
2016-06-30,37.96
2016-07-01,38.26
2016-07-05,38.08
2016-07-06,39.16
2016-07-07,40.43
2016-07-08,42.25
2016-07-11,43.3
2016-07-12,44.03
2016-07-13,43.85
2016-07-14,44.36
2016-07-15,44.43
2016-07-18,44.47
2016-07-19,43.98
2016-07-20,43.76
2016-07-21,43.48
2016-07-22,46.26
2016-07-25,45.22
2016-07-26,46.32
2016-07-27,45.88
2016-07-28,45.75
2016-07-29,45.53
2016-08-01,45.78
2016-08-02,44.71
2016-08-03,44.64
2016-08-04,44.54
2016-08-05,45.76
2016-08-08,44.95
2016-08-09,44.52
2016-08-10,44.5
2016-08-11,44.43
2016-08-12,44.47
2016-08-15,44.74
2016-08-16,44.25
2016-08-17,44.64
2016-08-18,45.12
2016-08-19,45.07
2016-08-22,45.07
2016-08-23,45.36
2016-08-24,45.7
2016-08-25,45.91
2016-08-26,45.4
2016-08-29,45.86
2016-08-30,46.72
2016-08-31,46.98
2016-09-01,47.29
2016-09-02,47.6
2016-09-06,48.01
2016-09-07,49.25
2016-09-08,48.99
2016-09-09,47.12
2016-09-12,47.66
2016-09-13,47.1
2016-09-14,46.48
2016-09-15,46.7
2016-09-16,46.36
2016-09-19,46.59
2016-09-20,46.45
2016-09-21,46.67
2016-09-22,47.36
2016-09-23,47.5
2016-09-26,46.61
2016-09-27,48.52
2016-09-28,48.5
2016-09-29,47.8
2016-09-30,48.6
2016-10-03,49.99
2016-10-04,50.63
2016-10-05,50.83
2016-10-06,50.82
2016-10-07,49.5
2016-10-10,49.59
2016-10-11,48.12
2016-10-12,48.35
2016-10-13,49.37
2016-10-14,48.89
2016-10-17,48.34
2016-10-18,49.1
2016-10-19,47.91
2016-10-20,47.77
2016-10-21,47.69
2016-10-24,46.81
2016-10-25,46.52
2016-10-26,45.77
2016-10-27,45.39
2016-10-28,44.9
2016-10-31,45.025
2016-11-01,45.2
2016-11-02,44.9
2016-11-03,44.45
2016-11-04,45.5
2016-11-07,46.95
2016-11-08,47.575
2016-11-09,47.75
2016-11-10,46.35
2016-11-11,46.55
2016-11-14,47.35
2016-11-15,46.6
2016-11-16,47.7
2016-11-17,49
2016-11-18,50.4
2016-11-21,50.5
2016-11-22,52.1
2016-11-23,52.35
2016-11-25,52.45
2016-11-28,51.95
2016-11-29,52.5
2016-11-30,51.35
2016-12-01,50.4
2016-12-02,51.2
2016-12-05,51.85
2016-12-06,53.15
2016-12-07,54.2
2016-12-08,56.45
2016-12-09,56.75
2016-12-12,55.35
2016-12-13,56.05
2016-12-14,56.3
2016-12-15,57
2016-12-16,57.35
2016-12-19,57.8
2016-12-20,60.15
2016-12-21,60.3
2016-12-22,59.35
2016-12-23,59.5
2016-12-27,59.6
2016-12-28,58
2016-12-29,58.2
2016-12-30,57
2017-01-03,56.15
2017-01-04,57.85
2017-01-05,56.95
2017-01-06,55.5
2017-01-09,56.6
2017-01-10,56.45
2017-01-11,57.05
2017-01-12,55.65
2017-01-13,57.55
2017-01-17,56.25
2017-01-18,56.65
2017-01-19,55.2
2017-01-20,55.75
2017-01-23,53.9
2017-01-24,54.95
2017-01-25,51.8
2017-01-26,52.8
2017-01-27,51.5
2017-01-30,51.2
2017-01-31,50.95
2017-02-01,50.5
2017-02-02,50.15
2017-02-03,50.8
2017-02-06,50.35
2017-02-07,50.4
2017-02-08,50.5
2017-02-09,51.5
2017-02-10,51.35
2017-02-13,51.85
2017-02-14,51.1
2017-02-15,51.15
2017-02-16,50.4
2017-02-17,50.3
2017-02-21,50.3
2017-02-22,50.15
2017-02-23,49.55
2017-02-24,50
2017-02-27,49.5
2017-02-28,48.65
2017-03-01,49.4
2017-03-02,49.15
2017-03-03,49.95
2017-03-06,49.5
2017-03-07,48.05
2017-03-08,48.8
2017-03-09,48.6
2017-03-10,48.2
2017-03-13,48.8
2017-03-14,48
2017-03-15,49.75
2017-03-16,48.2
2017-03-17,49.9
2017-03-20,49
2017-03-21,46.65
2017-03-22,47.3
2017-03-23,47.65
2017-03-24,48.45
2017-03-27,49
2017-03-28,48
2017-03-29,46.75
2017-03-30,46.7
2017-03-31,46.45
2017-04-03,47.3
2017-04-04,46.45
2017-04-05,45.9
2017-04-06,46.05
2017-04-07,45.75
2017-04-10,48.15
2017-04-11,48.925
2017-04-12,48.65
2017-04-13,48.35
2017-04-17,48.6
2017-04-18,48.5
2017-04-19,50.5
2017-04-20,51.9
2017-04-21,53.25
2017-04-24,54.85
2017-04-25,54.05
2017-04-26,54.35
2017-04-27,54.4
2017-04-28,54.3
2017-05-01,53.95
2017-05-02,55.625
2017-05-03,55.4
2017-05-04,54.55
2017-05-05,53.8
2017-05-08,53.1
2017-05-09,53.8
2017-05-10,53.45
2017-05-11,53.2
2017-05-12,53.3
2017-05-15,53.6
2017-05-16,54.05
2017-05-17,51.7
2017-05-18,51.25
2017-05-19,51.25
2017-05-22,49.9
2017-05-23,50.1
2017-05-24,49.3
2017-05-25,50.75
2017-05-26,49.75
2017-05-30,49.55
2017-05-31,50.1
2017-06-01,50.95
2017-06-02,51.8
2017-06-05,52.6
2017-06-06,52.85
2017-06-07,59.35
2017-06-08,56.6
2017-06-09,56.65
2017-06-12,56.6
2017-06-13,54.65
2017-06-14,48.9
2017-06-15,47.2
2017-06-16,46.35
2017-06-19,47.4
2017-06-20,46.35
2017-06-21,47.9
2017-06-22,46.9
2017-06-23,46.9
2017-06-26,46.9
2017-06-27,46.75
2017-06-28,45.85
2017-06-29,46.2
2017-06-30,46.95
2017-07-03,47.2
2017-07-05,46.8
2017-07-06,47.1
2017-07-07,48.3
2017-07-10,47.75
2017-07-11,47.2
2017-07-12,46.7
2017-07-13,46.3
2017-07-14,46.2
2017-07-17,47.1
2017-07-18,46.55
2017-07-19,46.65
2017-07-20,46.3
2017-07-21,45.3
2017-07-24,44.8
2017-07-25,44.2
2017-07-26,41.9
2017-07-27,41.5
2017-07-28,41.95
2017-07-31,41.4
2017-08-01,42.25
2017-08-02,41.1
2017-08-03,41.55
2017-08-04,42.25
2017-08-07,42.6
2017-08-08,42.5
2017-08-09,42.45
2017-08-10,41.85
2017-08-11,41.85
2017-08-14,42.8
2017-08-15,42.75
2017-08-16,42.9
2017-08-17,41.1
2017-08-18,41.7
2017-08-21,42.95
2017-08-22,43.05
2017-08-23,42.5
2017-08-24,42.3
2017-08-25,43.85
2017-08-28,42.25
2017-08-29,42.2
2017-08-30,42.5
2017-08-31,42.85
2017-09-01,42.8
2017-09-05,41.5
2017-09-06,42.2
2017-09-07,41.15
2017-09-08,39.5
2017-09-11,39.85
2017-09-12,39.6
2017-09-13,41.25
2017-09-14,40.95
2017-09-15,40.25
2017-09-18,39.45
2017-09-19,36.95
2017-09-20,37.6
2017-09-21,38.1
2017-09-22,37.7
2017-09-25,37.45
2017-09-26,37.35
2017-09-27,38.3
2017-09-28,36.95
2017-09-29,37.55
2017-10-02,38.05
2017-10-03,39.5
2017-10-04,39.7
2017-10-05,39.85
2017-10-06,40.6
2017-10-09,40.1
2017-10-10,40.5
2017-10-11,40
2017-10-12,39
2017-10-13,37.95
2017-10-16,38.95
2017-10-17,39.8
2017-10-18,40.15
2017-10-19,40.05
2017-10-20,41.6
2017-10-23,38.5
2017-10-24,37.05
2017-10-25,35.95
2017-10-26,33.75
2017-10-27,33.9
2017-10-30,33.45
2017-10-31,33.5
2017-11-01,33.55
2017-11-02,33
2017-11-03,33.5
2017-11-06,33.5
2017-11-07,33.2
2017-11-08,33.05
2017-11-09,32.85
2017-11-10,36.15
2017-11-13,36.5
2017-11-14,36.5
2017-11-15,37.2
2017-11-16,38.85
2017-11-17,37.6
2017-11-20,37.95
2017-11-21,38.25
2017-11-22,38.6
2017-11-24,39.15
2017-11-27,38.9
2017-11-28,39.25
2017-11-29,41.2
2017-11-30,43.15
2017-12-01,40.9
2017-12-04,42.5
2017-12-05,39.85
2017-12-06,39.6
2017-12-07,41.4
2017-12-08,40.45
2017-12-11,40.15
2017-12-12,40.05
2017-12-13,40.05
2017-12-14,39.3
2017-12-15,40.05
2017-12-18,40.8
2017-12-19,39.7
2017-12-20,39.7
2017-12-21,40.7
2017-12-22,40.9
2017-12-26,41.2
2017-12-27,40.65
2017-12-28,41
2017-12-29,39.85
2018-01-02,40.1
2018-01-03,38.5
2018-01-04,38.8
2018-01-05,39.1
2018-01-08,39.15
2018-01-09,36.7
2018-01-10,37.75
2018-01-11,38.75
2018-01-12,38.75
2018-01-16,38.25
2018-01-17,38.15
2018-01-18,38.15
2018-01-19,37.95
2018-01-22,37.85
2018-01-23,38.7
2018-01-24,37.2
2018-01-25,35.65
2018-01-26,36.75
2018-01-29,37.5
2018-01-30,39.1
2018-01-31,37.35
2018-02-01,38.95
2018-02-02,37.4
2018-02-05,35.6
2018-02-06,35.95
2018-02-07,37.65
2018-02-08,36.75
2018-02-09,36.7
2018-02-12,38.15
2018-02-13,38.75
2018-02-14,38.35
2018-02-15,38.05
2018-02-16,38.65
2018-02-20,37.35
2018-02-21,37.55
2018-02-22,36.75
2018-02-23,36.55
2018-02-26,37.8
2018-02-27,36.95
2018-02-28,36
2018-03-01,35.55
2018-03-02,34.85
2018-03-05,35.1
2018-03-06,35.5
2018-03-07,36
2018-03-08,36.8
2018-03-09,36.35
2018-03-12,36.55
2018-03-13,37.75
2018-03-14,37.35
2018-03-15,36.7
2018-03-16,37.8
2018-03-19,36.95
2018-03-20,36.5
2018-03-21,35.8
2018-03-22,35.4
2018-03-23,35.6
2018-03-26,36.2
2018-03-27,37.15
2018-03-28,38.35
2018-03-29,38.7
2018-04-02,36.85
2018-04-03,38.75
2018-04-04,40.5
2018-04-05,41.2
2018-04-06,39.95
2018-04-09,39.3
2018-04-10,38.4
2018-04-11,38.5
2018-04-12,39.2
2018-04-13,39.2
2018-04-16,39.4
2018-04-17,39.1
2018-04-18,40.15
2018-04-19,39.45
2018-04-20,39.25
2018-04-23,39.55
2018-04-24,39.25
2018-04-25,41.6
2018-04-26,42.15
2018-04-27,42.45
2018-04-30,41.2
2018-05-01,41.3
2018-05-02,40.9
2018-05-03,38.25
2018-05-04,37
2018-05-07,36
2018-05-08,36.6
2018-05-09,36.3
2018-05-10,36.85
2018-05-11,37.25
2018-05-14,37.2
2018-05-15,37.15
2018-05-16,38.45
2018-05-17,38.6
2018-05-18,38.85
2018-05-21,39.2
2018-05-22,39
2018-05-23,38.55
2018-05-24,38.95
2018-05-25,39.7
2018-05-29,38
2018-05-30,37.8
2018-05-31,37
2018-06-01,37.15
2018-06-04,37.95
2018-06-05,37.3
2018-06-06,37.75
2018-06-07,38.1
2018-06-08,38.75
2018-06-11,39.6
2018-06-12,37.85
2018-06-13,36.7
2018-06-14,37.15
2018-06-15,37.95
2018-06-18,38.7
2018-06-19,38.5
2018-06-20,39.3
2018-06-21,38.95
2018-06-22,38.4
2018-06-25,37.35
2018-06-26,36.85
2018-06-27,36.15
2018-06-28,36.05
2018-06-29,35.95
2018-07-02,36.1
2018-07-03,36.05
2018-07-05,36.35
2018-07-06,36.35
2018-07-09,37.1
2018-07-10,36.85
2018-07-11,36.1
2018-07-12,36.4
2018-07-13,36.75
2018-07-16,36.2
2018-07-17,36.5
2018-07-18,37.825
2018-07-19,37.75
2018-07-20,37.5
2018-07-23,37.9
2018-07-24,36.35
2018-07-25,39.85
2018-07-26,40.55
2018-07-27,39.3
2018-07-30,39.8
2018-07-31,40.1
2018-08-01,39
2018-08-02,39.8
2018-08-03,41.15
2018-08-06,41.2
2018-08-07,40.7
2018-08-08,41.3
2018-08-09,41.95
2018-08-10,42
2018-08-13,41.9
2018-08-14,42.15
2018-08-15,42.7
2018-08-16,42.5
2018-08-17,42.75
2018-08-20,43.95
2018-08-21,43.7
2018-08-22,41.95
2018-08-23,41.2
2018-08-24,41.4
2018-08-27,41.8
2018-08-28,42.25
2018-08-29,42.1
2018-08-30,41.35
2018-08-31,41.5
2018-09-04,41.4
2018-09-05,41.15
2018-09-06,39.45
2018-09-07,39.1
2018-09-10,39.3
2018-09-11,38.7
2018-09-12,38.3
2018-09-13,38.85
2018-09-14,38.75
2018-09-17,39.95
2018-09-18,40.45
2018-09-19,39.95
2018-09-20,40.2
2018-09-21,40.15
2018-09-24,39.05
2018-09-25,38.7
2018-09-26,39.15
2018-09-27,39.6
2018-09-28,40.1
2018-10-01,38.03
2018-10-02,37.92
2018-10-03,38.37
2018-10-04,37.72
2018-10-05,36.51
2018-10-08,36.38
2018-10-09,34.68
2018-10-10,34.03
2018-10-11,32.71
2018-10-12,33.52
2018-10-15,33.24
2018-10-16,34.71
2018-10-17,35.06
2018-10-18,34.05
2018-10-19,34.23
2018-10-22,34.6
2018-10-23,34.1
2018-10-24,31.51
2018-10-25,33.65
2018-10-26,32.85
2018-10-29,34.08
2018-10-30,35.37
2018-10-31,34.61
2018-11-01,35.15
2018-11-02,35.61
2018-11-05,36.1
2018-11-06,35.78
2018-11-07,36.9
2018-11-08,36.6
2018-11-09,36.76
2018-11-12,35.66
2018-11-13,37.15
2018-11-14,36.5
2018-11-15,35.93
2018-11-16,36.2
2018-11-19,36.41
2018-11-20,36.46
2018-11-21,37.26
2018-11-23,37.59
2018-11-26,37.69
2018-11-27,37.2
2018-11-28,38.86
2018-11-29,38.73
2018-11-30,40.14
2018-12-03,39.32
2018-12-04,38.01
2018-12-06,33.16
2018-12-07,30.525
2018-12-10,30.58
2018-12-11,29.3
2018-12-12,30.1
2018-12-13,29.23
2018-12-14,29.24
2018-12-17,27.97
2018-12-18,28.37
2018-12-19,27.66
2018-12-20,26.83
2018-12-21,25.75
2018-12-24,25.04
2018-12-26,26.3
2018-12-27,26.11
2018-12-28,26.08
2018-12-31,26.41
2019-01-02,26.82
2019-01-03,25.59
2019-01-04,26.7
2019-01-07,27.43
2019-01-08,28.71
2019-01-09,29.4
2019-01-10,29.5
2019-01-11,30.64
2019-01-14,30.61
2019-01-15,30.81
2019-01-16,31.28
2019-01-17,33.49
2019-01-18,33.52
2019-01-22,32.72
2019-01-23,31.15
2019-01-24,31.5
2019-01-25,30.95
2019-01-28,32.61
2019-01-29,33
2019-01-30,30.79
2019-01-31,32.02
2019-02-01,31
2019-02-04,30.17
2019-02-05,30.3
2019-02-06,30.73
2019-02-07,30.76
2019-02-08,30.65
2019-02-11,30.72
2019-02-12,30.55
2019-02-13,30.73
2019-02-14,31.28
2019-02-15,31.61
2019-02-19,32.44
2019-02-20,30.78
2019-02-21,31.7
2019-02-22,31.45
2019-02-25,31.39
2019-02-26,30.47
2019-02-27,29.48
2019-02-28,29.75
2019-03-01,29.62
2019-03-04,26.38
2019-03-05,26.19
2019-03-06,26.2
2019-03-07,25.88
2019-03-08,25.62
2019-03-11,25.64
2019-03-12,25.57
2019-03-13,26.98
2019-03-14,26.57
2019-03-15,25.97
2019-03-18,25.97
2019-03-19,25.89
2019-03-20,25.33
2019-03-21,25.54
2019-03-22,24.49
2019-03-25,24.61
2019-03-26,24.97
2019-03-27,25.84
2019-03-28,26.17
2019-03-29,26.25
2019-04-01,26.91
2019-04-02,27.13
2019-04-03,27.55
2019-04-04,27.68
2019-04-05,28.22
2019-04-08,27.55
2019-04-09,29.32
2019-04-10,28.69
2019-04-11,29.63
2019-04-12,29.59
2019-04-15,29.58
2019-04-16,29.91
2019-04-17,30.62
2019-04-18,30.46
2019-04-22,29.69
2019-04-23,30.44
2019-04-24,28.34
2019-04-25,26.97
2019-04-26,27.22
2019-04-29,27.93
2019-04-30,28.21
2019-05-01,27.8
2019-05-02,27
2019-05-03,28.05
2019-05-06,28.24
2019-05-07,27.58
2019-05-08,27.1
2019-05-09,26.71
2019-05-10,26.72
2019-05-13,25.48
2019-05-14,26.19
2019-05-15,26.96
2019-05-16,26.71
2019-05-17,26.93
2019-05-20,26.45
2019-05-21,26.82
2019-05-22,26.27
2019-05-23,25.77
2019-05-24,25.33
2019-05-28,25.51
2019-05-29,25.49
2019-05-30,25.78
2019-05-31,24.98
2019-06-03,25.82
2019-06-04,26.93
2019-06-05,26.36
2019-06-06,26.23
2019-06-07,25.57
2019-06-10,25.87
2019-06-11,26.22
2019-06-12,26.44
2019-06-13,27.06
2019-06-14,26.67
2019-06-17,26.07
2019-06-18,26.33
2019-06-19,25.97
2019-06-20,25.98
2019-06-21,25.69
2019-06-24,25.72
2019-06-25,25.71
2019-06-26,26.22
2019-06-27,27.05
2019-06-28,27.43
2019-07-01,27.65
2019-07-02,27.57
2019-07-03,27.41
2019-07-05,28
2019-07-08,28.12
2019-07-09,27.08
2019-07-10,27.23
2019-07-11,26.41
2019-07-12,27.63
2019-07-15,28.14
2019-07-16,28.91
2019-07-17,27.56
2019-07-18,27.55
2019-07-19,27.33
2019-07-22,27.1
2019-07-23,27.68
2019-07-24,28.55
2019-07-25,27
2019-07-26,27.11
2019-07-29,26.44
2019-07-30,26.69
2019-07-31,25.99
2019-08-01,25.94
2019-08-02,27.09
2019-08-05,24.76
2019-08-06,25.62
2019-08-07,25.79
2019-08-08,26.6
2019-08-09,25.72
2019-08-12,25.6
2019-08-13,25.58
2019-08-14,24.73
2019-08-15,23.78
2019-08-16,24.72
2019-08-19,25.13
2019-08-20,25.42
2019-08-21,24.1
2019-08-22,24.2
2019-08-23,23.53
2019-08-26,23.35
2019-08-27,23.5
2019-08-28,24
2019-08-29,24.86
2019-08-30,24.41
2019-09-03,23.61
2019-09-04,23.22
2019-09-05,23.84
2019-09-06,24.21
2019-09-09,25.47
2019-09-10,27.08
2019-09-11,28.09
2019-09-12,27.7
2019-09-13,28.36
2019-09-16,28.06
2019-09-17,27.77
2019-09-18,27.51
2019-09-19,26.83
2019-09-20,26.97
2019-09-23,27.26
2019-09-24,27.16
2019-09-25,27.29
2019-09-26,26.25
2019-09-27,26.15
2019-09-30,26.26
2019-10-01,26.61
2019-10-02,26.13
2019-10-03,25.53
2019-10-04,25.7
2019-10-07,25.21
2019-10-08,26.995
2019-10-09,27.49
2019-10-10,27.71
2019-10-11,27.52
2019-10-14,28.35
2019-10-15,28.5
2019-10-16,29.54
2019-10-17,29.1
2019-10-18,28.42
2019-10-21,29.47
2019-10-22,30.13
2019-10-23,27.99
2019-10-24,27.53
2019-10-25,27.69
2019-10-28,28
2019-10-29,28.09
2019-10-30,28.31
2019-10-31,28.61
2019-11-01,28.47
2019-11-04,29.26
2019-11-05,30.17
2019-11-06,30.63
2019-11-07,30.18
2019-11-08,30.14
2019-11-11,30.24
2019-11-12,29.62
2019-11-13,30.03
2019-11-14,30.29
2019-11-15,30.63
2019-11-18,30.44
2019-11-19,31.02
2019-11-20,30.53
2019-11-21,30.04
2019-11-22,30.58
2019-11-25,30.765
2019-11-26,30.86
2019-11-27,30.67
2019-11-29,30.29
2019-12-02,30.08
2019-12-03,29.08
2019-12-04,29.26
2019-12-05,29.45
2019-12-06,29.92
2019-12-09,29.72
2019-12-10,29.29
2019-12-11,29.12
2019-12-12,30.12
2019-12-13,29.54
2019-12-16,29.84
2019-12-17,30.89
2019-12-18,30.56
2019-12-19,30.4
2019-12-20,30.29
2019-12-23,30.8
2019-12-24,30.74
2019-12-26,30.37
2019-12-27,29.83
2019-12-30,29.28
2019-12-31,29.29
2020-01-02,29.23
2020-01-03,29.09
2020-01-06,29.08
2020-01-07,29.15
2020-01-08,29.09
2020-01-09,28.86
2020-01-10,29.1
2020-01-13,29.53
2020-01-14,29.61
2020-01-15,29.66
2020-01-16,30.44
2020-01-17,30.05
2020-01-21,28.4
2020-01-22,29.12
2020-01-23,29.835
2020-01-24,29.02
2020-01-27,27.43
2020-01-28,27.58
2020-01-29,27.29
2020-01-30,27.9
2020-01-31,27.88
2020-02-03,27.595
2020-02-04,29.19
2020-02-05,29.97
2020-02-06,28.78
2020-02-07,28.34
2020-02-10,28.26
2020-02-11,28.57
2020-02-12,29.12
2020-02-13,28.51
2020-02-14,27.96
2020-02-18,27.04
2020-02-19,26.7
2020-02-20,26.79
2020-02-21,26.81
2020-02-24,25.36
2020-02-25,24.19
2020-02-26,23.265
2020-02-27,22.07
2020-02-28,20.88
2020-03-02,19.97
2020-03-03,19.15
2020-03-04,19
2020-03-05,16.82
2020-03-06,17.62
2020-03-09,16.85
2020-03-10,17.46
2020-03-11,15.74
2020-03-12,12.26
2020-03-13,14.13
2020-03-16,13.16
2020-03-17,12.19
2020-03-18,8.96
2020-03-19,8.63
2020-03-20,8.65
2020-03-23,8.77
2020-03-24,10.21
2020-03-25,12.72
2020-03-26,12.6
2020-03-27,11.07
2020-03-30,10.6
2020-03-31,10.44
2020-04-01,9.84
2020-04-02,9.55
2020-04-03,9.54
2020-04-06,9.75
2020-04-07,10.62
2020-04-08,11.21
2020-04-09,11.82
2020-04-13,11.41
2020-04-14,11.47
2020-04-15,11.69
2020-04-16,10.76
2020-04-17,11.51
2020-04-20,11.54
2020-04-21,11.43
2020-04-22,11.41
2020-04-23,11.27
2020-04-24,11.44
2020-04-27,11.52
2020-04-28,13.595
2020-04-29,15.65
2020-04-30,14.4
2020-05-01,12.97
2020-05-04,12.98
2020-05-05,12.56
2020-05-06,11.69
2020-05-07,11.8
2020-05-08,12.91
2020-05-11,12.22
2020-05-12,11.6
2020-05-13,11.5
2020-05-14,11.47
2020-05-15,11.16
2020-05-18,13.31
2020-05-19,12.43
2020-05-20,13.11
2020-05-21,13.43
2020-05-22,13.38
2020-05-26,15.15
2020-05-27,16.44
2020-05-28,14.85
2020-05-29,14.43
2020-06-01,14.99
2020-06-02,15.88
2020-06-03,16.95
2020-06-04,19.46
2020-06-05,19.36
2020-06-08,21.2
2020-06-09,19.55
2020-06-10,17.84
2020-06-11,14.96
2020-06-12,16.2
2020-06-15,16.585
2020-06-16,16.95
2020-06-17,16.37
2020-06-18,16.25
2020-06-19,15.66
2020-06-22,14.54
2020-06-23,14.72
2020-06-24,13.69
2020-06-25,14.07
2020-06-26,13.52
2020-06-29,14.27
2020-06-30,14.04
2020-07-01,13.77
2020-07-02,13.77
2020-07-06,14.25
2020-07-07,13.58
2020-07-08,13.8
2020-07-09,12.82
2020-07-10,13.6
2020-07-13,13.06
2020-07-14,13.26
2020-07-15,14.7
2020-07-16,13.86
2020-07-17,13.62
2020-07-20,13.23
2020-07-21,13.6
2020-07-22,13.35
2020-07-23,13.52
2020-07-24,13.14
2020-07-27,13.06
2020-07-28,13.17
2020-07-29,12.14
2020-07-30,11.62
2020-07-31,11.89
2020-08-03,11.62
2020-08-04,12.25
2020-08-05,12.79
2020-08-06,13.08
2020-08-07,13.16
2020-08-10,13.77
2020-08-11,13.89
2020-08-12,13.77
2020-08-13,13.33
2020-08-14,13.52
2020-08-17,13.11
2020-08-18,13.05
2020-08-19,13.01
2020-08-20,12.77
2020-08-21,12.52
2020-08-24,13.35
2020-08-25,13.31
2020-08-26,12.94
2020-08-27,13.45
2020-08-28,13.97
2020-08-31,13.44
2020-09-01,13.34
2020-09-02,13.84
2020-09-03,13.57
2020-09-04,13.84
2020-09-08,13.97
2020-09-09,13.54
2020-09-10,13.77
2020-09-11,14.02
2020-09-14,14.315
2020-09-15,14.33
2020-09-16,14.89
2020-09-17,14.72
2020-09-18,14.17
2020-09-21,13.11
2020-09-22,13.22
2020-09-23,12.81
2020-09-24,12.4
2020-09-25,12.8
2020-09-28,13.38
2020-09-29,12.86
2020-09-30,12.89
2020-10-01,13.075
2020-10-02,13.43
2020-10-05,13.33
2020-10-06,12.93
2020-10-07,13.25
2020-10-08,13.66
2020-10-09,13.71
2020-10-12,13.17
2020-10-13,12.97
2020-10-14,13.01
2020-10-15,12.79
2020-10-16,13.33
2020-10-19,13.89
2020-10-20,14.23
2020-10-21,13.95
2020-10-22,16.4
2020-10-23,15.47
2020-10-26,14.58
2020-10-27,14.67
2020-10-28,13.17
2020-10-29,13.97
2020-10-30,13.85
2020-11-02,13.66
2020-11-03,14.04
2020-11-04,13.49
2020-11-05,14.3
2020-11-06,13.85
2020-11-09,20.89
2020-11-10,19.38
2020-11-11,17.89
2020-11-12,17.09
2020-11-13,18.57
2020-11-16,19.18
2020-11-17,19.33
2020-11-18,19.39
2020-11-19,19.52
2020-11-20,18.58
2020-11-23,20.23
2020-11-24,20.8
2020-11-25,20.82
2020-11-27,20.99
2020-11-30,20.26
2020-12-01,20.71
2020-12-02,20.51
2020-12-03,20.9
2020-12-04,20.58
2020-12-07,19.82
2020-12-08,19.98
2020-12-09,19.51
2020-12-10,20.27
2020-12-11,19.24
2020-12-14,18.88
2020-12-15,18.83
2020-12-16,18.91
2020-12-17,18.92
2020-12-18,18.25
2020-12-21,18.02
2020-12-22,17.23
2020-12-23,18.06
2020-12-24,17.78
2020-12-28,18.15
2020-12-29,18.01
2020-12-30,18.21
2020-12-31,17.7
2021-01-04,17.02
2021-01-05,18.02
2021-01-06,19.63
2021-01-07,19.23
2021-01-08,19.64
2021-01-11,19.12
2021-01-12,19.49
2021-01-13,20.24
2021-01-14,20.89
2021-01-15,19.5
2021-01-19,20.33
2021-01-20,21.13
2021-01-21,20.44
2021-01-22,20.74
2021-01-25,20.22
2021-01-26,20.24
2021-01-27,19.67
2021-01-28,20.63
2021-01-29,19.57
2021-02-01,19.79
2021-02-02,20.1
2021-02-03,20.93
2021-02-04,22.05
2021-02-05,22.24
2021-02-08,22.985
2021-02-09,22.7
2021-02-10,23
2021-02-11,22.69
2021-02-12,22.66
2021-02-16,23.17
2021-02-17,23.61
2021-02-18,23.53
2021-02-19,24.51
2021-02-22,26.4
2021-02-23,26.64
2021-02-24,27.68
2021-02-25,26.56
2021-02-26,26.82
2021-03-01,26.5
2021-03-02,26.09
2021-03-03,27.06
2021-03-04,26.13
2021-03-05,26.61
2021-03-08,27.91
2021-03-09,27.3
2021-03-10,27.27
2021-03-11,26.71
2021-03-12,27.85
2021-03-15,29.06
2021-03-16,27.83
2021-03-17,28.51
2021-03-18,28.37
2021-03-19,28.04
2021-03-22,26.89
2021-03-23,25.72
2021-03-24,25.02
2021-03-25,26.055
2021-03-26,26.76
2021-03-29,26.33
2021-03-30,27.07
2021-03-31,26.67
2021-04-01,26.81
2021-04-05,26.97
2021-04-06,27.04
2021-04-07,26.33
2021-04-08,26.25
2021-04-09,26.08
2021-04-12,25.49
2021-04-13,25.48
2021-04-14,25.43
2021-04-15,25.25
2021-04-16,25.02
2021-04-19,24.69
2021-04-20,23.97
2021-04-21,24.78
2021-04-22,24.2
2021-04-23,25.07
2021-04-26,25.36
2021-04-27,25.14
2021-04-28,24.73
2021-04-29,24.81
2021-04-30,25.11
2021-05-03,25.36
2021-05-04,24.62
2021-05-05,25.17
2021-05-06,24.975
2021-05-07,25
2021-05-10,24.03
2021-05-11,24.05
2021-05-12,22.89
2021-05-13,23.66
2021-05-14,24.63
2021-05-17,24.915
2021-05-18,25
2021-05-19,25.17
2021-05-20,24.8
2021-05-21,24.71
2021-05-24,25.34
2021-05-25,26.25
2021-05-26,26.56
2021-05-27,27
2021-05-28,25.8
2021-06-01,26.3
2021-06-02,25.77
2021-06-03,25.92
2021-06-04,26.04
2021-06-07,26
2021-06-08,28.83
2021-06-09,29.92
2021-06-10,26.2
2021-06-11,28.83
2021-06-14,27.37
2021-06-15,27.39
2021-06-16,27.55
2021-06-17,27.05
2021-06-18,26.79
2021-06-21,27.61
2021-06-22,27.38
2021-06-23,27.65
2021-06-24,27.64
2021-06-25,26.75
2021-06-28,25.41
2021-06-29,24.43
2021-06-30,24.37
2021-07-01,24.89
2021-07-02,24.29
2021-07-06,23.75
2021-07-07,22.25
2021-07-08,21.91
2021-07-09,22.81
2021-07-12,22.89
2021-07-13,22.21
2021-07-14,21.21
2021-07-15,20.91
2021-07-16,19.59
2021-07-19,18.43
2021-07-20,19.22
2021-07-21,20.3
2021-07-22,19.86
2021-07-23,19.67
2021-07-26,20.84
2021-07-27,20.36
2021-07-28,20.31
2021-07-29,20.25
2021-07-30,19.73