,SAVE US Equity
2011-05-25,12
2011-05-26,11.55
2011-05-27,11.48
2011-05-31,11.8
2011-06-01,11.59
2011-06-02,11.9
2011-06-03,11.96
2011-06-06,11.99
2011-06-07,12.02
2011-06-08,12.09
2011-06-09,12.17
2011-06-10,12.04
2011-06-13,12.03
2011-06-14,12
2011-06-15,12
2011-06-16,11.89
2011-06-17,11.9
2011-06-20,12
2011-06-21,12.05
2011-06-22,12.03
2011-06-23,12.05
2011-06-24,12
2011-06-27,12
2011-06-28,12.3
2011-06-29,12.26
2011-06-30,11.99
2011-07-01,12.4
2011-07-05,12.15
2011-07-06,13.17
2011-07-07,12.9
2011-07-08,13.71
2011-07-11,13.41
2011-07-12,13.54
2011-07-13,14.09
2011-07-14,14.29
2011-07-15,14.23
2011-07-18,13.66
2011-07-19,14
2011-07-20,13.39
2011-07-21,13.8
2011-07-22,13.52
2011-07-25,13.14
2011-07-26,12.77
2011-07-27,12.64
2011-07-28,13.24
2011-07-29,13.1
2011-08-01,13.03
2011-08-02,12.94
2011-08-03,13.24
2011-08-04,12.61
2011-08-05,12.61
2011-08-08,11.31
2011-08-09,11.61
2011-08-10,10.98
2011-08-11,11.92
2011-08-12,11.62
2011-08-15,12.09
2011-08-16,12.13
2011-08-17,12.11
2011-08-18,11.01
2011-08-19,10.55
2011-08-22,10.44
2011-08-23,11.64
2011-08-24,11.91
2011-08-25,11.57
2011-08-26,12.14
2011-08-29,12.44
2011-08-30,12.07
2011-08-31,12.08
2011-09-01,11.95
2011-09-02,11.74
2011-09-06,11.67
2011-09-07,11.88
2011-09-08,11.49
2011-09-09,11.37
2011-09-12,11.16
2011-09-13,11.46
2011-09-14,12.41
2011-09-15,12.77
2011-09-16,12.77
2011-09-19,12.55
2011-09-20,11.95
2011-09-21,11.57
2011-09-22,11.24
2011-09-23,11.63
2011-09-26,11.88
2011-09-27,12.2
2011-09-28,12.13
2011-09-29,12.73
2011-09-30,12.5
2011-10-03,11.7
2011-10-04,12.43
2011-10-05,12.73
2011-10-06,13.14
2011-10-07,13.1
2011-10-10,13.43
2011-10-11,13.71
2011-10-12,14.52
2011-10-13,15.9
2011-10-14,15.63
2011-10-17,14.82
2011-10-18,14.91
2011-10-19,14.49
2011-10-20,14.19
2011-10-21,14.93
2011-10-24,15.87
2011-10-25,15.03
2011-10-26,15.21
2011-10-27,16.21
2011-10-28,16.51
2011-10-31,16.46
2011-11-01,15.37
2011-11-02,15.73
2011-11-03,16.41
2011-11-04,16.2
2011-11-07,16.46
2011-11-08,16.4
2011-11-09,15.45
2011-11-10,15.71
2011-11-11,16.19
2011-11-14,16.91
2011-11-15,16.74
2011-11-16,16.58
2011-11-17,16.03
2011-11-18,15.95
2011-11-21,16.49
2011-11-22,16.54
2011-11-23,16.36
2011-11-25,16.31
2011-11-28,17.03
2011-11-29,16.11
2011-11-30,16.13
2011-12-01,16.03
2011-12-02,16.2
2011-12-05,16.18
2011-12-06,15.37
2011-12-07,16
2011-12-08,15.66
2011-12-09,15.81
2011-12-12,15.79
2011-12-13,15.24
2011-12-14,15.45
2011-12-15,15.57
2011-12-16,15.33
2011-12-19,15.25
2011-12-20,15.44
2011-12-21,15.52
2011-12-22,15.78
2011-12-23,15.69
2011-12-27,15.69
2011-12-28,15.28
2011-12-29,15.38
2011-12-30,15.6
2012-01-03,15.07
2012-01-04,14.62
2012-01-05,14.46
2012-01-06,14.58
2012-01-09,14.93
2012-01-10,14.99
2012-01-11,15.49
2012-01-12,15.16
2012-01-13,15.02
2012-01-17,14.19
2012-01-18,14.48
2012-01-19,14.67
2012-01-20,15.54
2012-01-23,15.8
2012-01-24,15.75
2012-01-25,16.25
2012-01-26,15.8
2012-01-27,16.23
2012-01-30,16.51
2012-01-31,16.79
2012-02-01,17.19
2012-02-02,18.08
2012-02-03,19.21
2012-02-06,18.99
2012-02-07,18.63
2012-02-08,18.42
2012-02-09,18.24
2012-02-10,18.3
2012-02-13,19.73
2012-02-14,19.49
2012-02-15,19.23
2012-02-16,19.22
2012-02-17,19.825
2012-02-21,19.11
2012-02-22,19.29
2012-02-23,19.09
2012-02-24,18.65
2012-02-27,18.86
2012-02-28,19.22
2012-02-29,19.53
2012-03-01,19.25
2012-03-02,18.49
2012-03-05,19.165
2012-03-06,18.92
2012-03-07,18.935
2012-03-08,19.11
2012-03-09,19.35
2012-03-12,19.42
2012-03-13,20.15
2012-03-14,20.13
2012-03-15,19.84
2012-03-16,19.27
2012-03-19,19.62
2012-03-20,19.32
2012-03-21,19.67
2012-03-22,19.66
2012-03-23,19.65
2012-03-26,19.93
2012-03-27,19.49
2012-03-28,19.42
2012-03-29,19.87
2012-03-30,20.07
2012-04-02,20.65
2012-04-03,21.15
2012-04-04,21.1
2012-04-05,20.91
2012-04-09,21.04
2012-04-10,20.09
2012-04-11,20.68
2012-04-12,21.15
2012-04-13,21.53
2012-04-16,22.05
2012-04-17,22.59
2012-04-18,23.16
2012-04-19,23.12
2012-04-20,22.75
2012-04-23,22.44
2012-04-24,22.78
2012-04-25,23.04
2012-04-26,23.63
2012-04-27,23.86
2012-04-30,24.02
2012-05-01,22.99
2012-05-02,24.11
2012-05-03,22.9
2012-05-04,22.53
2012-05-07,23.09
2012-05-08,22.33
2012-05-09,22.2
2012-05-10,22.35
2012-05-11,22.61
2012-05-14,22.62
2012-05-15,22.1
2012-05-16,21.9
2012-05-17,20.25
2012-05-18,20.16
2012-05-21,20.78
2012-05-22,20.8
2012-05-23,20.29
2012-05-24,20.65
2012-05-25,20.87
2012-05-29,20.78
2012-05-30,20.63
2012-05-31,20.61
2012-06-01,18.87
2012-06-04,17.92
2012-06-05,18.17
2012-06-06,19.16
2012-06-07,18.52
2012-06-08,19.36
2012-06-11,17.94
2012-06-12,18.6
2012-06-13,18.65
2012-06-14,18.85
2012-06-15,19.03
2012-06-18,19.31
2012-06-19,20.16
2012-06-20,20.48
2012-06-21,20.48
2012-06-22,20.72
2012-06-25,19.41
2012-06-26,19.86
2012-06-27,20.1
2012-06-28,19.02
2012-06-29,19.46
2012-07-02,20.31
2012-07-03,20.49
2012-07-05,21.4
2012-07-06,21.51
2012-07-09,21.97
2012-07-10,21.62
2012-07-11,22.15
2012-07-12,22.18
2012-07-13,22.75
2012-07-16,22.66
2012-07-17,22.35
2012-07-18,21.7
2012-07-19,21.23
2012-07-20,20.29
2012-07-23,20.15
2012-07-24,19.44
2012-07-25,19.63
2012-07-26,20.01
2012-07-27,20.69
2012-07-30,21.35
2012-07-31,21.51
2012-08-01,20.02
2012-08-02,20.41
2012-08-03,20.49
2012-08-06,20.39
2012-08-07,20.53
2012-08-08,20.51
2012-08-09,20.1
2012-08-10,19.64
2012-08-13,20.02
2012-08-14,20.32
2012-08-15,20.32
2012-08-16,20.26
2012-08-17,20.47
2012-08-20,20.62
2012-08-21,20.45
2012-08-22,19.79
2012-08-23,19.36
2012-08-24,19.2
2012-08-27,19.44
2012-08-28,19.46
2012-08-29,19.67
2012-08-30,19.53
2012-08-31,19.55
2012-09-04,19.11
2012-09-05,19.52
2012-09-06,19.6
2012-09-07,19.73
2012-09-10,19.74
2012-09-11,19.65
2012-09-12,19.77
2012-09-13,19.66
2012-09-14,16.58
2012-09-17,16.86
2012-09-18,16.11
2012-09-19,17.19
2012-09-20,17.09
2012-09-21,17.22
2012-09-24,17.55
2012-09-25,17.19
2012-09-26,17.24
2012-09-27,17.36
2012-09-28,17.08
2012-10-01,17.2
2012-10-02,17.3
2012-10-03,17.48
2012-10-04,17.45
2012-10-05,17.44
2012-10-08,17.66
2012-10-09,17.52
2012-10-10,17.46
2012-10-11,17.61
2012-10-12,17.6
2012-10-15,17.61
2012-10-16,17.72
2012-10-17,17.8
2012-10-18,17.6314
2012-10-19,17.3591
2012-10-22,17.65
2012-10-23,17.45
2012-10-24,17.18
2012-10-25,17.42
2012-10-26,17.03
2012-10-31,17.68
2012-11-01,17.4002
2012-11-02,17.05
2012-11-05,17.35
2012-11-06,17.62
2012-11-07,17.33
2012-11-08,17.58
2012-11-09,17.13
2012-11-12,16.95
2012-11-13,16.34
2012-11-14,15.71
2012-11-15,16.99
2012-11-16,16.32
2012-11-19,16.74
2012-11-20,16.5
2012-11-21,16.69
2012-11-23,16.85
2012-11-26,16.53
2012-11-27,16.32
2012-11-28,16.51
2012-11-29,16.89
2012-11-30,16.78
2012-12-03,16.63
2012-12-04,16.72
2012-12-05,16.82
2012-12-06,16.98
2012-12-07,17.14
2012-12-10,17.09
2012-12-11,17.22
2012-12-12,16.52
2012-12-13,16.72
2012-12-14,16.61
2012-12-17,16.71
2012-12-18,16.75
2012-12-19,17.1
2012-12-20,17.25
2012-12-21,17.25
2012-12-24,17.28
2012-12-26,17.08
2012-12-27,17.71
2012-12-28,17.68
2012-12-31,17.7305
2013-01-02,17.96
2013-01-03,17.5001
2013-01-04,18.1
2013-01-07,18.24
2013-01-08,18.5
2013-01-09,18.51
2013-01-10,18.21
2013-01-11,18.27
2013-01-14,19.22
2013-01-15,19.18
2013-01-16,18.73
2013-01-17,18.995
2013-01-18,19.25
2013-01-22,19.75
2013-01-23,19.73
2013-01-24,19.77
2013-01-25,19.75
2013-01-28,19.57
2013-01-29,19.57
2013-01-30,19.21
2013-01-31,19.39
2013-02-01,19.21
2013-02-04,18.99
2013-02-05,19.39
2013-02-06,19.46
2013-02-07,19.28
2013-02-08,19.51
2013-02-11,19.47
2013-02-12,19.27
2013-02-13,19.8
2013-02-14,19.49
2013-02-15,19.38
2013-02-19,20.265
2013-02-20,20.41
2013-02-21,20.26
2013-02-22,21.01
2013-02-25,20.08
2013-02-26,20.46
2013-02-27,20.92
2013-02-28,20.25
2013-03-01,20.7
2013-03-04,21.64
2013-03-05,22.49
2013-03-06,22.92
2013-03-07,23.31
2013-03-08,23.8
2013-03-11,23.79
2013-03-12,23.61
2013-03-13,24.09
2013-03-14,24.75
2013-03-15,24.73
2013-03-18,25.38
2013-03-19,25.94
2013-03-20,26.62
2013-03-21,26.52
2013-03-22,26.34
2013-03-25,25.95
2013-03-26,25.53
2013-03-27,25.37
2013-03-28,25.36
2013-04-01,24.61
2013-04-02,24.79
2013-04-03,24.84
2013-04-04,25.51
2013-04-05,25.3
2013-04-08,25.49
2013-04-09,25.07
2013-04-10,25.62
2013-04-11,25.32
2013-04-12,26.23
2013-04-15,25.36
2013-04-16,26.78
2013-04-17,26.31
2013-04-18,26.2
2013-04-19,26.57
2013-04-22,26.18
2013-04-23,26.2
2013-04-24,26.12
2013-04-25,26.03
2013-04-26,25.85
2013-04-29,25.36
2013-04-30,26.7
2013-05-01,27.39
2013-05-02,27.57
2013-05-03,27.72
2013-05-06,28.79
2013-05-07,29.01
2013-05-08,29.55
2013-05-09,29.12
2013-05-10,29.18
2013-05-13,28.29
2013-05-14,28.25
2013-05-15,28.65
2013-05-16,28.66
2013-05-17,28.5
2013-05-20,28.78
2013-05-21,29.32
2013-05-22,29.61
2013-05-23,29.79
2013-05-24,29.78
2013-05-28,30.08
2013-05-29,30.31
2013-05-30,30.48
2013-05-31,30.43
2013-06-03,30.15
2013-06-04,30.51
2013-06-05,30.16
2013-06-06,30.64
2013-06-07,31.07
2013-06-10,32.29
2013-06-11,32.17
2013-06-12,31.45
2013-06-13,32.3
2013-06-14,32.12
2013-06-17,32.57
2013-06-18,32.99
2013-06-19,33.43
2013-06-20,32.7
2013-06-21,32.6
2013-06-24,32.43
2013-06-25,30.49
2013-06-26,30.79
2013-06-27,31.25
2013-06-28,31.72
2013-07-01,32.54
2013-07-02,32
2013-07-03,32.02
2013-07-05,32.35
2013-07-08,32.3
2013-07-09,32.13
2013-07-10,32.71
2013-07-11,33.48
2013-07-12,33.45
2013-07-15,33.94
2013-07-16,33.57
2013-07-17,33.87
2013-07-18,34.17
2013-07-19,34.71
2013-07-22,34.83
2013-07-23,34.93
2013-07-24,35.42
2013-07-25,35.69
2013-07-26,35.57
2013-07-29,35.39
2013-07-30,32.45
2013-07-31,33.05
2013-08-01,33.48
2013-08-02,34.1
2013-08-05,34.83
2013-08-06,34.35
2013-08-07,34.1
2013-08-08,34.36
2013-08-09,34.35
2013-08-12,34.37
2013-08-13,32.69
2013-08-14,31.69
2013-08-15,30.94
2013-08-16,31.23
2013-08-19,30.27
2013-08-20,30.72
2013-08-21,30.87
2013-08-22,31.33
2013-08-23,31.59
2013-08-26,31.26
2013-08-27,30.49
2013-08-28,30.24
2013-08-29,31.52
2013-08-30,31.17
2013-09-03,31.57
2013-09-04,31.74
2013-09-05,31.57
2013-09-06,31.19
2013-09-09,31.81
2013-09-10,32.75
2013-09-11,32.96
2013-09-12,32.81
2013-09-13,33.14
2013-09-16,33.76
2013-09-17,34.18
2013-09-18,34.23
2013-09-19,34.52
2013-09-20,34.9
2013-09-23,34.629
2013-09-24,34.5
2013-09-25,34.31
2013-09-26,34.69
2013-09-27,34.4
2013-09-30,34.27
2013-10-01,35.03
2013-10-02,35.04
2013-10-03,34.96
2013-10-04,34.8
2013-10-07,34.2
2013-10-08,33.09
2013-10-09,33.15
2013-10-10,34.06
2013-10-11,39.11
2013-10-14,40.35
2013-10-15,40.4
2013-10-16,41.29
2013-10-17,43.28
2013-10-18,43.05
2013-10-21,42.67
2013-10-22,42.517
2013-10-23,41.98
2013-10-24,42.03
2013-10-25,41.91
2013-10-28,42.36
2013-10-29,43.05
2013-10-30,42.76
2013-10-31,43.15
2013-11-01,42.89
2013-11-04,44.01
2013-11-05,44.38
2013-11-06,43.62
2013-11-07,41.52
2013-11-08,43.3
2013-11-11,43.59
2013-11-12,44.02
2013-11-13,44.69
2013-11-14,44.84
2013-11-15,44.525
2013-11-18,44.3
2013-11-19,43.76
2013-11-20,43.47
2013-11-21,44.67
2013-11-22,44.62
2013-11-25,45.49
2013-11-26,45.62
2013-11-27,46.45
2013-11-29,45.87
2013-12-02,45.24
2013-12-03,44.58
2013-12-04,43.9
2013-12-05,43.81
2013-12-06,44.17
2013-12-09,45.01
2013-12-10,43.4
2013-12-11,42.38
2013-12-12,43.36
2013-12-13,43.04
2013-12-16,43.24
2013-12-17,42.92
2013-12-18,44.42
2013-12-19,44.24
2013-12-20,46.06
2013-12-23,46.14
2013-12-24,45.94
2013-12-26,46.03
2013-12-27,44.88
2013-12-30,45.15
2013-12-31,45.41
2014-01-02,45.65
2014-01-03,47.58
2014-01-06,46
2014-01-07,46.42
2014-01-08,46.7
2014-01-09,48.07
2014-01-10,47.92
2014-01-13,46.71
2014-01-14,47.81
2014-01-15,48.3
2014-01-16,50
2014-01-17,50
2014-01-21,49.99
2014-01-22,51.22
2014-01-23,49.97
2014-01-24,47.68
2014-01-27,46.02
2014-01-28,47.35
2014-01-29,46.06
2014-01-30,47.26
2014-01-31,46.9
2014-02-03,45.03
2014-02-04,45.3
2014-02-05,44.76
2014-02-06,45.53
2014-02-07,46
2014-02-10,46.33
2014-02-11,46.19
2014-02-12,46.21
2014-02-13,46.7
2014-02-14,47.06
2014-02-18,47.66
2014-02-19,50.59
2014-02-20,52.4
2014-02-21,54.29
2014-02-24,55.29
2014-02-25,54.76
2014-02-26,55.41
2014-02-27,56.19
2014-02-28,56.48
2014-03-03,57.14
2014-03-04,59.01
2014-03-05,58.86
2014-03-06,58.25
2014-03-07,57.69
2014-03-10,59.65
2014-03-11,60.5
2014-03-12,59.84
2014-03-13,59.36
2014-03-14,59.23
2014-03-17,60.88
2014-03-18,63.05
2014-03-19,62.99
2014-03-20,61.98
2014-03-21,59.8
2014-03-24,60.32
2014-03-25,61.79
2014-03-26,60.11
2014-03-27,57.63
2014-03-28,57.6
2014-03-31,59.4
2014-04-01,61.19
2014-04-02,62.07
2014-04-03,61.95
2014-04-04,58.9
2014-04-07,58.56
2014-04-08,56.62
2014-04-09,59.21
2014-04-10,58.17
2014-04-11,57.25
2014-04-14,55.61
2014-04-15,55.07
2014-04-16,56.42
2014-04-17,56.03
2014-04-21,56.82
2014-04-22,58.99
2014-04-23,59.87
2014-04-24,60.61
2014-04-25,58.65
2014-04-28,58.43
2014-04-29,56.69
2014-04-30,56.84
2014-05-01,56.99
2014-05-02,56.99
2014-05-05,55.85
2014-05-06,55.21
2014-05-07,55.98
2014-05-08,55.93
2014-05-09,55.48
2014-05-12,57.3
2014-05-13,57.26
2014-05-14,55.9128
2014-05-15,55.16
2014-05-16,54.22
2014-05-19,56.315
2014-05-20,55.7
2014-05-21,56.07
2014-05-22,56.41
2014-05-23,57.49
2014-05-27,59.02
2014-05-28,59.41
2014-05-29,59.55
2014-05-30,59.075
2014-06-02,59.85
2014-06-03,60.02
2014-06-04,60.62
2014-06-05,61.83
2014-06-06,63.09
2014-06-09,62.41
2014-06-10,61.77
2014-06-11,61.46
2014-06-12,60.07
2014-06-13,61.42
2014-06-16,61.32
2014-06-17,62.41
2014-06-18,62.54
2014-06-19,63.07
2014-06-20,63.8
2014-06-23,63.5
2014-06-24,62.52
2014-06-25,62.83
2014-06-26,62.45
2014-06-27,63
2014-06-30,63.24
2014-07-01,64.78
2014-07-02,64.06
2014-07-03,64.37
2014-07-07,63.35
2014-07-08,62.41
2014-07-09,63.52
2014-07-10,64.32
2014-07-11,63.78
2014-07-14,64
2014-07-15,65.69
2014-07-16,66.51
2014-07-17,65.72
2014-07-18,67.51
2014-07-21,67.56
2014-07-22,67.5
2014-07-23,68.57
2014-07-24,67.35
2014-07-25,67.92
2014-07-28,67.72
2014-07-29,66.54
2014-07-30,67.12
2014-07-31,65.42
2014-08-01,65.55
2014-08-04,65.63
2014-08-05,64.56
2014-08-06,65.26
2014-08-07,65.02
2014-08-08,66.5
2014-08-11,67.93
2014-08-12,67.28
2014-08-13,68.96
2014-08-14,69.46
2014-08-15,69.26
2014-08-18,71.7
2014-08-19,70.5
2014-08-20,71.91
2014-08-21,71.1
2014-08-22,72.77
2014-08-25,73.31
2014-08-26,72.58
2014-08-27,71.91
2014-08-28,71.26
2014-08-29,70.39
2014-09-02,72.62
2014-09-03,72.47
2014-09-04,72.3
2014-09-05,73.2
2014-09-08,73.24
2014-09-09,71.88
2014-09-10,71.33
2014-09-11,70.57
2014-09-12,70.17
2014-09-15,68.36
2014-09-16,68.99
2014-09-17,69.26
2014-09-18,71.88
2014-09-19,71.71
2014-09-22,68.56
2014-09-23,67
2014-09-24,69.53
2014-09-25,69.4
2014-09-26,71.59
2014-09-29,70.28
2014-09-30,69.14
2014-10-01,66.82
2014-10-02,65.8
2014-10-03,67.37
2014-10-06,65.55
2014-10-07,63.52
2014-10-08,60.17
2014-10-09,60.19
2014-10-10,58.75
2014-10-13,53.31
2014-10-14,55.37
2014-10-15,53.97
2014-10-16,55.66
2014-10-17,56.79
2014-10-20,58.96
2014-10-21,63.2
2014-10-22,62.53
2014-10-23,63.52
2014-10-24,64.38
2014-10-27,66.37
2014-10-28,71.06
2014-10-29,71.54
2014-10-30,70.9
2014-10-31,73.11
2014-11-03,74.5
2014-11-04,76.62
2014-11-05,75.41
2014-11-06,77.8
2014-11-07,77.31
2014-11-10,79.05
2014-11-11,78.8
2014-11-12,78.36
2014-11-13,78.1
2014-11-14,76.15
2014-11-17,75.11
2014-11-18,76.33
2014-11-19,75.58
2014-11-20,75.05
2014-11-21,74.77
2014-11-24,77.29
2014-11-25,77.22
2014-11-26,78.2
2014-11-28,82.69
2014-12-01,80.77
2014-12-02,81.22
2014-12-03,81.61
2014-12-04,83.23
2014-12-05,84.25
2014-12-08,84.47
2014-12-09,73.77
2014-12-10,73.57
2014-12-11,69
2014-12-12,68.12
2014-12-15,68.59
2014-12-16,68.7
2014-12-17,71.81
2014-12-18,72.71
2014-12-19,75.005
2014-12-22,75.84
2014-12-23,74.16
2014-12-24,75.68
2014-12-26,75.84
2014-12-29,75.99
2014-12-30,76.43
2014-12-31,75.58
2015-01-02,74.24
2015-01-05,74.38
2015-01-06,73.18
2015-01-07,74.76
2015-01-08,75.78
2015-01-09,73.11
2015-01-12,69.64
2015-01-13,70.985
2015-01-14,70.44
2015-01-15,70.355
2015-01-16,70.94
2015-01-20,73.9
2015-01-21,74.7
2015-01-22,79.98
2015-01-23,78.39
2015-01-26,79.18
2015-01-27,78.87
2015-01-28,76.91
2015-01-29,79.8
2015-01-30,74.14
2015-02-02,75.86
2015-02-03,74.51
2015-02-04,77.31
2015-02-05,77.38
2015-02-06,77.44
2015-02-09,76.01
2015-02-10,80.05
2015-02-11,79.24
2015-02-12,80.12
2015-02-13,79.32
2015-02-17,78.29
2015-02-18,79.95
2015-02-19,80.55
2015-02-20,81.77
2015-02-23,81
2015-02-24,82.03
2015-02-25,79.68
2015-02-26,79.605
2015-02-27,77.78
2015-03-02,76.59
2015-03-03,76.25
2015-03-04,76.38
2015-03-05,76.32
2015-03-06,75.1
2015-03-09,74.86
2015-03-10,73.19
2015-03-11,74.36
2015-03-12,76.61
2015-03-13,76.575
2015-03-16,78.65
2015-03-17,79.51
2015-03-18,79.47
2015-03-19,79.95
2015-03-20,79.79
2015-03-23,77.71
2015-03-24,77.21
2015-03-25,74.15
2015-03-26,73.67
2015-03-27,76.635
2015-03-30,78.3
2015-03-31,77.36
2015-04-01,75.15
2015-04-02,75.71
2015-04-06,73.855
2015-04-07,74.045
2015-04-08,75.55
2015-04-09,74.59
2015-04-10,74.96
2015-04-13,75.61
2015-04-14,75.75
2015-04-15,76.55
2015-04-16,75.72
2015-04-17,75.08
2015-04-20,75.97
2015-04-21,77.06
2015-04-22,77.255
2015-04-23,76.99
2015-04-24,77.42
2015-04-27,77.35
2015-04-28,77.88
2015-04-29,70.66
2015-04-30,68.47
2015-05-01,69.49
2015-05-04,69.07
2015-05-05,66.79
2015-05-06,66.78
2015-05-07,68.09
2015-05-08,68.14
2015-05-11,68.02
2015-05-12,67.6
2015-05-13,66.82
2015-05-14,67.95
2015-05-15,67.11
2015-05-18,68.16
2015-05-19,67.1
2015-05-20,62.62
2015-05-21,62.9
2015-05-22,62.34
2015-05-26,59.98
2015-05-27,61.6
2015-05-28,61.3
2015-05-29,63.57
2015-06-01,65.36
2015-06-02,64.43
2015-06-03,65.66
2015-06-04,64.96
2015-06-05,65.37
2015-06-08,63.85
2015-06-09,62.2
2015-06-10,62.28
2015-06-11,63.1
2015-06-12,63.85
2015-06-15,63.03
2015-06-16,62.76
2015-06-17,62.42
2015-06-18,62.42
2015-06-19,62.33
2015-06-22,64.53
2015-06-23,65.38
2015-06-24,64.15
2015-06-25,63.49
2015-06-26,62.3
2015-06-29,61.28
2015-06-30,62.1
2015-07-01,61.86
2015-07-02,60.96
2015-07-06,60.995
2015-07-07,61.73
2015-07-08,60.45
2015-07-09,60.91
2015-07-10,63.28
2015-07-13,63.54
2015-07-14,58.81
2015-07-15,59.35
2015-07-16,59.47
2015-07-17,60.16
2015-07-20,60.09
2015-07-21,60.01
2015-07-22,60.05
2015-07-23,61.37
2015-07-24,60.33
2015-07-27,59.78
2015-07-28,61.2
2015-07-29,60.53
2015-07-30,59.71
2015-07-31,59.82
2015-08-03,59.96
2015-08-04,59.54
2015-08-05,61.08
2015-08-06,60.26
2015-08-07,59.08
2015-08-10,59.47
2015-08-11,61.16
2015-08-12,60.54
2015-08-13,59.96
2015-08-14,60.27
2015-08-17,62.1
2015-08-18,61.33
2015-08-19,60.64
2015-08-20,57.31
2015-08-21,55.03
2015-08-24,53.97
2015-08-25,51.54
2015-08-26,51.08
2015-08-27,51.15
2015-08-28,50.64
2015-08-31,51.25
2015-09-01,50.41
2015-09-02,51.78
2015-09-03,50.82
2015-09-04,51.2
2015-09-08,51.14
2015-09-09,50.58
2015-09-10,49.5
2015-09-11,48.79
2015-09-14,48.61
2015-09-15,49.18
2015-09-16,49.21
2015-09-17,52.49
2015-09-18,50.7
2015-09-21,50.76
2015-09-22,49.5
2015-09-23,49.19
2015-09-24,48.29
2015-09-25,48.72
2015-09-28,47.29
2015-09-29,46.95
2015-09-30,47.3
2015-10-01,47.27
2015-10-02,47.7
2015-10-05,48.72
2015-10-06,47.41
2015-10-07,48.61
2015-10-08,48.8
2015-10-09,50.8
2015-10-12,50.11
2015-10-13,49.48
2015-10-14,50.16
2015-10-15,50.06
2015-10-16,42.38
2015-10-19,43.08
2015-10-20,43.96
2015-10-21,43.38
2015-10-22,43.04
2015-10-23,39.79
2015-10-26,37.87
2015-10-27,34.66
2015-10-28,34.64
2015-10-29,37.13
2015-10-30,37.12
2015-11-02,35.23
2015-11-03,35.36
2015-11-04,34.65
2015-11-05,35.96
2015-11-06,36.56
2015-11-09,36.02
2015-11-10,35.22
2015-11-11,34.65
2015-11-12,34.3
2015-11-13,33.77
2015-11-16,33.57
2015-11-17,35.26
2015-11-18,35.84
2015-11-19,36.83
2015-11-20,36.16
2015-11-23,36.76
2015-11-24,35.63
2015-11-25,36.01
2015-11-27,36.2
2015-11-30,36.77
2015-12-01,38.4
2015-12-02,40.43
2015-12-03,41.59
2015-12-04,43.01
2015-12-07,42.67
2015-12-08,40.74
2015-12-09,41.23
2015-12-10,42.38
2015-12-11,41.59
2015-12-14,41.86
2015-12-15,43.1
2015-12-16,41.47
2015-12-17,40.43
2015-12-18,40.41
2015-12-21,41.12
2015-12-22,42.35
2015-12-23,42.33
2015-12-24,43.33
2015-12-28,42.2
2015-12-29,42.46
2015-12-30,41.14
2015-12-31,39.85
2016-01-04,39.18
2016-01-05,41.5
2016-01-06,41.27
2016-01-07,40.07
2016-01-08,38.54
2016-01-11,37.86
2016-01-12,38.89
2016-01-13,36.53
2016-01-14,39
2016-01-15,38.58
2016-01-19,37.9
2016-01-20,42
2016-01-21,44.46
2016-01-22,43.4
2016-01-25,41.54
2016-01-26,42.32
2016-01-27,41.06
2016-01-28,39.5
2016-01-29,41.8
2016-02-01,44.73
2016-02-02,42.46
2016-02-03,43.61
2016-02-04,45.4
2016-02-05,42.43
2016-02-08,40.38
2016-02-09,42.73
2016-02-10,43.16
2016-02-11,42.65
2016-02-12,44.43
2016-02-16,46.02
2016-02-17,46.79
2016-02-18,46.75
2016-02-19,46.87
2016-02-22,47.54
2016-02-23,46.69
2016-02-24,47.03
2016-02-25,47.5
2016-02-26,48.07
2016-02-29,47.75
2016-03-01,49.01
2016-03-02,49.92
2016-03-03,50.14
2016-03-04,49.74
2016-03-07,49.67
2016-03-08,47.44
2016-03-09,47.1
2016-03-10,47.97
2016-03-11,47.71
2016-03-14,47.15
2016-03-15,46.69
2016-03-16,47.7
2016-03-17,47.87
2016-03-18,49.32
2016-03-21,48.95
2016-03-22,47.55
2016-03-23,47.09
2016-03-24,47.28
2016-03-28,47.16
2016-03-29,48.45
2016-03-30,48.33
2016-03-31,47.98
2016-04-01,47
2016-04-04,48.42
2016-04-05,46.71
2016-04-06,46.26
2016-04-07,45.91
2016-04-08,46.72
2016-04-11,45.89
2016-04-12,45.59
2016-04-13,48
2016-04-14,49.14
2016-04-15,50.11
2016-04-18,50.05
2016-04-19,52.96
2016-04-20,51.39
2016-04-21,50.35
2016-04-22,49.7
2016-04-25,49.58
2016-04-26,47.43
2016-04-27,46.24
2016-04-28,44.67
2016-04-29,43.93
2016-05-02,43.82
2016-05-03,43.15
2016-05-04,41.35
2016-05-05,41.89
2016-05-06,41.08
2016-05-09,40.84
2016-05-10,41.63
2016-05-11,40.61
2016-05-12,39.37
2016-05-13,40.03
2016-05-16,40.86
2016-05-17,41.75
2016-05-18,41.95
2016-05-19,41.82
2016-05-20,42.32
2016-05-23,41.72
2016-05-24,42.64
2016-05-25,42.79
2016-05-26,42.69
2016-05-27,43.54
2016-05-31,43.47
2016-06-01,43.42
2016-06-02,43.77
2016-06-03,42.94
2016-06-06,42.82
2016-06-07,44.2
2016-06-08,45.49
2016-06-09,46.78
2016-06-10,45.81
2016-06-13,44.3
2016-06-14,42.76
2016-06-15,42.94
2016-06-16,42.33
2016-06-17,42.48
2016-06-20,43.85
2016-06-21,43.57
2016-06-22,43.98
2016-06-23,43.89
2016-06-24,42.29
2016-06-27,41.31
2016-06-28,42.17
2016-06-29,44.09
2016-06-30,44.87
2016-07-01,46.06
2016-07-05,44.31
2016-07-06,43.64
2016-07-07,45.18
2016-07-08,46.03
2016-07-11,46.96
2016-07-12,48.93
2016-07-13,47.54
2016-07-14,47.55
2016-07-15,47.46
2016-07-18,47.81
2016-07-19,44.89
2016-07-20,43.81
2016-07-21,42.25
2016-07-22,43.76
2016-07-25,42.93
2016-07-26,44.01
2016-07-27,43.73
2016-07-28,42.55
2016-07-29,42.75
2016-08-01,41.59
2016-08-02,39.54
2016-08-03,39.53
2016-08-04,40.43
2016-08-05,40.91
2016-08-08,40.71
2016-08-09,40.65
2016-08-10,40.49
2016-08-11,40.44
2016-08-12,39.98
2016-08-15,40.27
2016-08-16,39.95
2016-08-17,40.05
2016-08-18,40.09
2016-08-19,39.75
2016-08-22,39.8
2016-08-23,39.9
2016-08-24,39.97
2016-08-25,39.79
2016-08-26,39.28
2016-08-29,39.39
2016-08-30,39.96
2016-08-31,39.99
2016-09-01,39.53
2016-09-02,39.81
2016-09-06,39.94
2016-09-07,40.82
2016-09-08,40.39
2016-09-09,38.36
2016-09-12,39.21
2016-09-13,38.41
2016-09-14,37.98
2016-09-15,37.88
2016-09-16,37.23
2016-09-19,37.44
2016-09-20,37.905
2016-09-21,38.25
2016-09-22,38.5
2016-09-23,39.72
2016-09-26,41.13
2016-09-27,41.95
2016-09-28,41.88
2016-09-29,41.66
2016-09-30,42.53
2016-10-03,43.74
2016-10-04,43.64
2016-10-05,43.16
2016-10-06,42.99
2016-10-07,42.24
2016-10-10,42.88
2016-10-11,42.12
2016-10-12,42.17
2016-10-13,43.58
2016-10-14,43.78
2016-10-17,43.82
2016-10-18,45.2
2016-10-19,47.01
2016-10-20,47.5
2016-10-21,47.51
2016-10-24,46.84
2016-10-25,48.66
2016-10-26,48.09
2016-10-27,48.24
2016-10-28,48.05
2016-10-31,47.93
2016-11-01,47.82
2016-11-02,47.06
2016-11-03,46.98
2016-11-04,47.02
2016-11-07,47.63
2016-11-08,48.24
2016-11-09,49.63
2016-11-10,51.48
2016-11-11,51.9
2016-11-14,53.39
2016-11-15,52.88
2016-11-16,53.31
2016-11-17,53.87
2016-11-18,53.74
2016-11-21,52.9
2016-11-22,53.6
2016-11-23,54.3
2016-11-25,54.22
2016-11-28,53.54
2016-11-29,54.52
2016-11-30,55.6
2016-12-01,55.21
2016-12-02,56.25
2016-12-05,55.6
2016-12-06,57
2016-12-07,58.75
2016-12-08,58.7
2016-12-09,59.06
2016-12-12,56.98
2016-12-13,57.58
2016-12-14,57.31
2016-12-15,59.24
2016-12-16,57.4
2016-12-19,57.85
2016-12-20,59.15
2016-12-21,59.5
2016-12-22,58.51
2016-12-23,58.78
2016-12-27,58.51
2016-12-28,57.72
2016-12-29,57.41
2016-12-30,57.86
2017-01-03,57.09
2017-01-04,58.1
2017-01-05,58.07
2017-01-06,56.27
2017-01-09,56.13
2017-01-10,58.05
2017-01-11,56.08
2017-01-12,56.32
2017-01-13,56.58
2017-01-17,55.22
2017-01-18,56.4
2017-01-19,55.81
2017-01-20,56.68
2017-01-23,55.82
2017-01-24,55.5
2017-01-25,56.08
2017-01-26,57.01
2017-01-27,54.25
2017-01-30,53.77
2017-01-31,54.04
2017-02-01,53.88
2017-02-02,53.3
2017-02-03,54.94
2017-02-06,55.66
2017-02-07,54.05
2017-02-08,52.67
2017-02-09,53.74
2017-02-10,53.88
2017-02-13,54.36
2017-02-14,53.08
2017-02-15,53.24
2017-02-16,52.35
2017-02-17,51.38
2017-02-21,51.74
2017-02-22,51.65
2017-02-23,51.43
2017-02-24,51.92
2017-02-27,53.16
2017-02-28,52.21
2017-03-01,53.8
2017-03-02,51.15
2017-03-03,52.62
2017-03-06,52.765
2017-03-07,51.41
2017-03-08,52.18
2017-03-09,51.52
2017-03-10,52.01
2017-03-13,51.25
2017-03-14,49.53
2017-03-15,50.83
2017-03-16,51.11
2017-03-17,50.91
2017-03-20,51.1
2017-03-21,50.09
2017-03-22,50.48
2017-03-23,50.3
2017-03-24,50.7
2017-03-27,50.98
2017-03-28,52.02
2017-03-29,51.53
2017-03-30,52.19
2017-03-31,53.07
2017-04-03,53.16
2017-04-04,51.41
2017-04-05,50.9
2017-04-06,51.75
2017-04-07,51.85
2017-04-10,51.81
2017-04-11,52.65
2017-04-12,54.03
2017-04-13,53.51
2017-04-17,53.83
2017-04-18,56.22
2017-04-19,57.72
2017-04-20,58.5
2017-04-21,58.46
2017-04-24,58
2017-04-25,57.87
2017-04-26,57.95
2017-04-27,57.53
2017-04-28,57.27
2017-05-01,57.6
2017-05-02,59.51
2017-05-03,59.74
2017-05-04,59.28
2017-05-05,59.19
2017-05-08,57.43
2017-05-09,56.11
2017-05-10,55.77
2017-05-11,55.32
2017-05-12,55.09
2017-05-15,55.48
2017-05-16,54.98
2017-05-17,53.63
2017-05-18,53.76
2017-05-19,53.82
2017-05-22,53
2017-05-23,53.12
2017-05-24,52.07
2017-05-25,54.15
2017-05-26,54.26
2017-05-30,53.12
2017-05-31,53.1
2017-06-01,54.36
2017-06-02,55.83
2017-06-05,56.32
2017-06-06,56.42
2017-06-07,55.41
2017-06-08,55.85
2017-06-09,54.78
2017-06-12,54.2
2017-06-13,54.21
2017-06-14,53.9
2017-06-15,52.83
2017-06-16,52.71
2017-06-19,53.95
2017-06-20,52.95
2017-06-21,52.81
2017-06-22,52.53
2017-06-23,52.55
2017-06-26,52.34
2017-06-27,52.58
2017-06-28,52.37
2017-06-29,52.09
2017-06-30,51.65
2017-07-03,51.05
2017-07-05,51.75
2017-07-06,51.26
2017-07-07,53.46
2017-07-10,52.18
2017-07-11,52.28
2017-07-12,53.01
2017-07-13,53.22
2017-07-14,53.17
2017-07-17,53.4
2017-07-18,52.06
2017-07-19,51.95
2017-07-20,50.57
2017-07-21,50.12
2017-07-24,49.02
2017-07-25,48.66
2017-07-26,48.85
2017-07-27,40.07
2017-07-28,39.71
2017-07-31,38.85
2017-08-01,40.79
2017-08-02,40.6
2017-08-03,39.28
2017-08-04,39.05
2017-08-07,38.4
2017-08-08,38.08
2017-08-09,38
2017-08-10,37.61
2017-08-11,38.25
2017-08-14,38.22
2017-08-15,37.87
2017-08-16,38.28
2017-08-17,36.81
2017-08-18,36.7
2017-08-21,36.54
2017-08-22,35.85
2017-08-23,34.75
2017-08-24,34.34
2017-08-25,35.78
2017-08-28,35.76
2017-08-29,35.49
2017-08-30,34.46
2017-08-31,34.05
2017-09-01,34.03
2017-09-05,32.51
2017-09-06,32.09
2017-09-07,32.32
2017-09-08,33.1
2017-09-11,34.63
2017-09-12,34.89
2017-09-13,34.91
2017-09-14,34.83
2017-09-15,33.69
2017-09-18,32.95
2017-09-19,32.63
2017-09-20,32.7
2017-09-21,34.01
2017-09-22,33.71
2017-09-25,34.15
2017-09-26,33.67
2017-09-27,33.5
2017-09-28,33.53
2017-09-29,33.41
2017-10-02,33.67
2017-10-03,36.06
2017-10-04,35.56
2017-10-05,35.19
2017-10-06,35.24
2017-10-09,35.02
2017-10-10,35
2017-10-11,34.65
2017-10-12,33.84
2017-10-13,33.8
2017-10-16,33.47
2017-10-17,34.87
2017-10-18,34.83
2017-10-19,33.68
2017-10-20,33.81
2017-10-23,34.11
2017-10-24,34.41
2017-10-25,33.74
2017-10-26,36.08
2017-10-27,36.94
2017-10-30,36.92
2017-10-31,37.09
2017-11-01,36.64
2017-11-02,35.52
2017-11-03,36.13
2017-11-06,36.29
2017-11-07,35.05
2017-11-08,34.79
2017-11-09,34.95
2017-11-10,35.82
2017-11-13,35.28
2017-11-14,36.26
2017-11-15,37.24
2017-11-16,37.16
2017-11-17,36.39
2017-11-20,36.35
2017-11-21,37.39
2017-11-22,37.6
2017-11-24,38.17
2017-11-27,38.08
2017-11-28,39.12
2017-11-29,40.86
2017-11-30,42.63
2017-12-01,42.62
2017-12-04,43.41
2017-12-05,42.87
2017-12-06,42.2
2017-12-07,42.89
2017-12-08,43.64
2017-12-11,42.89
2017-12-12,43.33
2017-12-13,43.3
2017-12-14,42.84
2017-12-15,43.19
2017-12-18,44.87
2017-12-19,44.22
2017-12-20,44.49
2017-12-21,45.2
2017-12-22,45.22
2017-12-26,45.3
2017-12-27,44.99
2017-12-28,45.29
2017-12-29,44.85
2018-01-02,45.6
2018-01-03,44.14
2018-01-04,43.5
2018-01-05,43.63
2018-01-08,43.23
2018-01-09,43.59
2018-01-10,44.91
2018-01-11,47.57
2018-01-12,48.26
2018-01-16,46.21
2018-01-17,44.89
2018-01-18,44.96
2018-01-19,45.19
2018-01-22,43.33
2018-01-23,44.59
2018-01-24,41.53
2018-01-25,40.18
2018-01-26,41.48
2018-01-29,41.42
2018-01-30,41.83
2018-01-31,42.12
2018-02-01,42.02
2018-02-02,41.07
2018-02-05,39.88
2018-02-06,40.42
2018-02-07,40.3
2018-02-08,39.06
2018-02-09,39.25
2018-02-12,39.91
2018-02-13,39.09
2018-02-14,39.52
2018-02-15,39.64
2018-02-16,39.72
2018-02-20,38.9
2018-02-21,39.91
2018-02-22,39.48
2018-02-23,39.49
2018-02-26,40.08
2018-02-27,38.75
2018-02-28,39.84
2018-03-01,40.5
2018-03-02,41.85
2018-03-05,41.72
2018-03-06,42.16
2018-03-07,41.92
2018-03-08,42.97
2018-03-09,43
2018-03-12,43.28
2018-03-13,45.09
2018-03-14,44.42
2018-03-15,44.28
2018-03-16,45.12
2018-03-19,44.44
2018-03-20,44.82
2018-03-21,43.19
2018-03-22,41.27
2018-03-23,39.96
2018-03-26,38.27
2018-03-27,37.19
2018-03-28,36.99
2018-03-29,37.78
2018-04-02,36.35
2018-04-03,37.22
2018-04-04,37.7
2018-04-05,38.3
2018-04-06,37.74
2018-04-09,35.75
2018-04-10,35.25
2018-04-11,35.75
2018-04-12,36.29
2018-04-13,36.15
2018-04-16,37.09
2018-04-17,36.84
2018-04-18,38.24
2018-04-19,38
2018-04-20,38.43
2018-04-23,38.82
2018-04-24,38.24
2018-04-25,37.63
2018-04-26,35.4
2018-04-27,35.49
2018-04-30,35.72
2018-05-01,36.37
2018-05-02,35.73
2018-05-03,34.98
2018-05-04,36.39
2018-05-07,36.74
2018-05-08,36.77
2018-05-09,35.9
2018-05-10,36.33
2018-05-11,36.63
2018-05-14,35.96
2018-05-15,36.09
2018-05-16,36.94
2018-05-17,37.13
2018-05-18,37.15
2018-05-21,37.37
2018-05-22,36.39
2018-05-23,36.39
2018-05-24,36.68
2018-05-25,38.03
2018-05-29,37.31
2018-05-30,36.77
2018-05-31,36.69
2018-06-01,37.04
2018-06-04,37.91
2018-06-05,36.96
2018-06-06,37.21
2018-06-07,37.18
2018-06-08,37.05
2018-06-11,37.83
2018-06-12,37.64
2018-06-13,37.44
2018-06-14,38.17
2018-06-15,39.61
2018-06-18,39.42
2018-06-19,38.55
2018-06-20,38.79
2018-06-21,38.63
2018-06-22,38.6
2018-06-25,36.33
2018-06-26,35.59
2018-06-27,35.4
2018-06-28,35.37
2018-06-29,36.35
2018-07-02,37.12
2018-07-03,37.06
2018-07-05,37.5
2018-07-06,37.66
2018-07-09,37.88
2018-07-10,37.4
2018-07-11,36.13
2018-07-12,39.83
2018-07-13,41.02
2018-07-16,39.04
2018-07-17,40.06
2018-07-18,41.01
2018-07-19,40.49
2018-07-20,40.28
2018-07-23,41.64
2018-07-24,40.57
2018-07-25,41.41
2018-07-26,42.85
2018-07-27,42.94
2018-07-30,42.69
2018-07-31,43.44
2018-08-01,42.67
2018-08-02,43.11
2018-08-03,42.6
2018-08-06,43.31
2018-08-07,43.33
2018-08-08,43.88
2018-08-09,43.85
2018-08-10,43.94
2018-08-13,43.8
2018-08-14,44.55
2018-08-15,44.57
2018-08-16,43.9
2018-08-17,44.7
2018-08-20,45.86
2018-08-21,46.65
2018-08-22,45.2
2018-08-23,45.89
2018-08-24,45.65
2018-08-27,46.08
2018-08-28,47.22
2018-08-29,47.52
2018-08-30,47.55
2018-08-31,47.52
2018-09-04,47.85
2018-09-05,47.51
2018-09-06,47.5
2018-09-07,47.59
2018-09-10,48.27
2018-09-11,48.47
2018-09-12,48.79
2018-09-13,49.09
2018-09-14,49.2
2018-09-17,49.27
2018-09-18,48.33
2018-09-19,49.01
2018-09-20,48.48
2018-09-21,48.29
2018-09-24,46.45
2018-09-25,46.83
2018-09-26,47.27
2018-09-27,47.58
2018-09-28,46.97
2018-10-01,45.54
2018-10-02,44.54
2018-10-03,44.85
2018-10-04,44.43
2018-10-05,44.39
2018-10-08,43.95
2018-10-09,43.83
2018-10-10,44.91
2018-10-11,46.5
2018-10-12,47.07
2018-10-15,48.99
2018-10-16,50.37
2018-10-17,50.97
2018-10-18,49.8
2018-10-19,50.78
2018-10-22,51.03
2018-10-23,50.59
2018-10-24,47.69
2018-10-25,53.23
2018-10-26,52.52
2018-10-29,52.09
2018-10-30,52.76
2018-10-31,51.9
2018-11-01,52.38
2018-11-02,53.69
2018-11-05,53.91
2018-11-06,53.63
2018-11-07,53.4
2018-11-08,53.33
2018-11-09,52.99
2018-11-12,52.96
2018-11-13,53.41
2018-11-14,52.75
2018-11-15,53.1
2018-11-16,52.44
2018-11-19,51.19
2018-11-20,49.14
2018-11-21,50.85
2018-11-23,51.56
2018-11-26,50.98
2018-11-27,58.76
2018-11-28,62.43
2018-11-29,62
2018-11-30,64.12
2018-12-03,64.56
2018-12-04,63.13
2018-12-06,64.59
2018-12-07,59.67
2018-12-10,60.42
2018-12-11,61.43
2018-12-12,60.97
2018-12-13,60.66
2018-12-14,59.01
2018-12-17,58.14
2018-12-18,58.55
2018-12-19,57.79
2018-12-20,56.01
2018-12-21,54.79
2018-12-24,54.28
2018-12-26,57.76
2018-12-27,57.1
2018-12-28,57.52
2018-12-31,57.92
2019-01-02,57.84
2019-01-03,53.96
2019-01-04,56.1
2019-01-07,57.67
2019-01-08,57.06
2019-01-09,59.45
2019-01-10,60.75
2019-01-11,60.11
2019-01-14,58.83
2019-01-15,58.56
2019-01-16,60.76
2019-01-17,60.31
2019-01-18,59.36
2019-01-22,58.06
2019-01-23,57.42
2019-01-24,57.46
2019-01-25,57.96
2019-01-28,58.49
2019-01-29,57.64
2019-01-30,59.43
2019-01-31,58.82
2019-02-01,61.13
2019-02-04,62.78
2019-02-05,62.95
2019-02-06,60.9
2019-02-07,62.71
2019-02-08,61.44
2019-02-11,63.06
2019-02-12,61.65
2019-02-13,60.93
2019-02-14,61.42
2019-02-15,61.67
2019-02-19,62.34
2019-02-20,58.01
2019-02-21,59.58
2019-02-22,60.12
2019-02-25,60.59
2019-02-26,61.01
2019-02-27,58.57
2019-02-28,56.25
2019-03-01,56.61
2019-03-04,57.06
2019-03-05,56.21
2019-03-06,53.3
2019-03-07,52.79
2019-03-08,51.68
2019-03-11,53.07
2019-03-12,52.81
2019-03-13,54.77
2019-03-14,55.15
2019-03-15,54.2
2019-03-18,52.85
2019-03-19,53.7
2019-03-20,52.6
2019-03-21,53.99
2019-03-22,53.05
2019-03-25,51.55
2019-03-26,52.45
2019-03-27,53.21
2019-03-28,51.75
2019-03-29,52.86
2019-04-01,53.23
2019-04-02,53.82
2019-04-03,54.28
2019-04-04,54.3
2019-04-05,54.44
2019-04-08,54.7
2019-04-09,54.81
2019-04-10,56.84
2019-04-11,56.92
2019-04-12,56.22
2019-04-15,55.17
2019-04-16,54.98
2019-04-17,55.56
2019-04-18,56.19
2019-04-22,55.65
2019-04-23,57.49
2019-04-24,58.3
2019-04-25,52.88
2019-04-26,52.7
2019-04-29,53.79
2019-04-30,54.38
2019-05-01,52.56
2019-05-02,52.52
2019-05-03,52.5
2019-05-06,51.56
2019-05-07,50.77
2019-05-08,49.9
2019-05-09,49.42
2019-05-10,49.66
2019-05-13,47.81
2019-05-14,48.21
2019-05-15,48.47
2019-05-16,48.53
2019-05-17,47.64
2019-05-20,47.03
2019-05-21,48.77
2019-05-22,47.94
2019-05-23,48.3
2019-05-24,47.2
2019-05-28,46.9
2019-05-29,46.76
2019-05-30,47.02
2019-05-31,46.08
2019-06-03,47.22
2019-06-04,49.33
2019-06-05,50.43
2019-06-06,49.94
2019-06-07,49.12
2019-06-10,49.06
2019-06-11,49.67
2019-06-12,49.68
2019-06-13,51.4
2019-06-14,50.32
2019-06-17,49.99
2019-06-18,50.56
2019-06-19,49.63
2019-06-20,48.68
2019-06-21,47.74
2019-06-24,47.58
2019-06-25,46.96
2019-06-26,45.95
2019-06-27,46.95
2019-06-28,47.73
2019-07-01,48.94
2019-07-02,48.9
2019-07-03,50.47
2019-07-05,50.87
2019-07-08,51.69
2019-07-09,50.77
2019-07-10,51.41
2019-07-11,52.22
2019-07-12,50.81
2019-07-15,50.91
2019-07-16,51.42
2019-07-17,50.65
2019-07-18,51.28
2019-07-19,50.89
2019-07-22,52.38
2019-07-23,53.72
2019-07-24,55.05
2019-07-25,42.01
2019-07-26,43.56
2019-07-29,42.37
2019-07-30,42.19
2019-07-31,42.43
2019-08-01,42.37
2019-08-02,42.11
2019-08-05,41.36
2019-08-06,41.3
2019-08-07,40.8
2019-08-08,40.83
2019-08-09,39.97
2019-08-12,39.01
2019-08-13,38.94
2019-08-14,37.47
2019-08-15,37.31
2019-08-16,38.4
2019-08-19,38.59
2019-08-20,38.6
2019-08-21,38.52
2019-08-22,38.8
2019-08-23,37.73
2019-08-26,37.55
2019-08-27,36.03
2019-08-28,36.98
2019-08-29,37.81
2019-08-30,37.54
2019-09-03,36.09
2019-09-04,36.13
2019-09-05,37.32
2019-09-06,37.06
2019-09-09,36.14
2019-09-10,37.88
2019-09-11,38.75
2019-09-12,38.27
2019-09-13,38.76
2019-09-16,38.38
2019-09-17,38.69
2019-09-18,38.29
2019-09-19,37.92
2019-09-20,38.03
2019-09-23,37.26
2019-09-24,36.53
2019-09-25,36.95
2019-09-26,37.02
2019-09-27,36.31
2019-09-30,36.3
2019-10-01,35.88
2019-10-02,34.7
2019-10-03,33.64
2019-10-04,33.99
2019-10-07,34.03
2019-10-08,33.1
2019-10-09,33.7
2019-10-10,33.99
2019-10-11,36.05
2019-10-14,35.83
2019-10-15,36.89
2019-10-16,36.05
2019-10-17,36.77
2019-10-18,36.78
2019-10-21,37.88
2019-10-22,37.23
2019-10-23,37.75
2019-10-24,37.26
2019-10-25,37.93
2019-10-28,38.14
2019-10-29,37.17
2019-10-30,37.69
2019-10-31,37.56
2019-11-01,38.07
2019-11-04,38.48
2019-11-05,38.93
2019-11-06,39.19
2019-11-07,39.4
2019-11-08,38.98
2019-11-11,38.72
2019-11-12,37.86
2019-11-13,37.48
2019-11-14,37.69
2019-11-15,38.23
2019-11-18,37.91
2019-11-19,38.82
2019-11-20,38.13
2019-11-21,37.67
2019-11-22,38.47
2019-11-25,39.92
2019-11-26,39.1
2019-11-27,39.19
2019-11-29,39.07
2019-12-02,39.59
2019-12-03,38.02
2019-12-04,38.19
2019-12-05,38.07
2019-12-06,39.21
2019-12-09,38.49
2019-12-10,38.22
2019-12-11,37.97
2019-12-12,38.36
2019-12-13,38.24
2019-12-16,39.17
2019-12-17,40.96
2019-12-18,40.42
2019-12-19,41.29
2019-12-20,41.37
2019-12-23,41.03
2019-12-24,41.19
2019-12-26,41.22
2019-12-27,40.58
2019-12-30,39.8
2019-12-31,40.31
2020-01-02,40.65
2020-01-03,39.82
2020-01-06,40.39
2020-01-07,39.5
2020-01-08,39.94
2020-01-09,40
2020-01-10,39.79
2020-01-13,39.76
2020-01-14,40.11
2020-01-15,39.68
2020-01-16,42.65
2020-01-17,42.93
2020-01-21,41.72
2020-01-22,42.6
2020-01-23,42.84
2020-01-24,42.1
2020-01-27,41.32
2020-01-28,42.4
2020-01-29,42.71
2020-01-30,42.44
2020-01-31,41.07
2020-02-03,41.96
2020-02-04,43.34
2020-02-05,44.44
2020-02-06,42.8
2020-02-07,44.2
2020-02-10,43.76
2020-02-11,43.31
2020-02-12,43.93
2020-02-13,44.58
2020-02-14,43.88
2020-02-18,42.59
2020-02-19,41.14
2020-02-20,41.25
2020-02-21,41.1
2020-02-24,37.46
2020-02-25,34.71
2020-02-26,32.92
2020-02-27,29.75
2020-02-28,28.45
2020-03-02,27.27
2020-03-03,25.23
2020-03-04,26.34
2020-03-05,21.54
2020-03-06,22.52
2020-03-09,21.41
2020-03-10,22.48
2020-03-11,20.93
2020-03-12,14.06
2020-03-13,15.08
2020-03-16,11.66
2020-03-17,11.72
2020-03-18,9.01
2020-03-19,8.39
2020-03-20,8.69
2020-03-23,9.83
2020-03-24,13.53
2020-03-25,15.96
2020-03-26,16.51
2020-03-27,14.79
2020-03-30,12.42
2020-03-31,12.89
2020-04-01,11.32
2020-04-02,10.53
2020-04-03,10.51
2020-04-06,10.47
2020-04-07,11.44
2020-04-08,12.51
2020-04-09,14.08
2020-04-13,13.32
2020-04-14,13.88
2020-04-15,13.76
2020-04-16,12.66
2020-04-17,13.35
2020-04-20,12.95
2020-04-21,12.75
2020-04-22,11.93
2020-04-23,11.8
2020-04-24,12.15
2020-04-27,12.25
2020-04-28,14.34
2020-04-29,15.38
2020-04-30,15.02
2020-05-01,13.17
2020-05-04,12.9
2020-05-05,12.31
2020-05-06,11.55
2020-05-07,10.51
2020-05-08,10.56
2020-05-11,10.19
2020-05-12,9.45
2020-05-13,8.2
2020-05-14,8.3
2020-05-15,8.01
2020-05-18,9.99
2020-05-19,9.69
2020-05-20,9.75
2020-05-21,10.07
2020-05-22,10.17
2020-05-26,12.31
2020-05-27,13.9
2020-05-28,12.93
2020-05-29,12.95
2020-06-01,13.96
2020-06-02,14.49
2020-06-03,17.31
2020-06-04,21.02
2020-06-05,22.62
2020-06-08,25.56
2020-06-09,22.76
2020-06-10,19.47
2020-06-11,16.08
2020-06-12,18.82
2020-06-15,19.73
2020-06-16,20.72
2020-06-17,19.92
2020-06-18,19.9
2020-06-19,18.81
2020-06-22,18.5
2020-06-23,18.78
2020-06-24,16.92
2020-06-25,17.4
2020-06-26,16.58
2020-06-29,18
2020-06-30,17.8
2020-07-01,17.73
2020-07-02,17.4
2020-07-06,17.74
2020-07-07,16.77
2020-07-08,16.71
2020-07-09,15.91
2020-07-10,17.53
2020-07-13,16.72
2020-07-14,17.27
2020-07-15,19.36
2020-07-16,18.06
2020-07-17,17.61
2020-07-20,16.65
2020-07-21,16.65
2020-07-22,16.66
2020-07-23,16.84
2020-07-24,16.47
2020-07-27,16.15
2020-07-28,16.54
2020-07-29,16.45
2020-07-30,16.24
2020-07-31,15.81
2020-08-03,15.37
2020-08-04,16.5
2020-08-05,17.15
2020-08-06,17.26
2020-08-07,17.28
2020-08-10,18.3
2020-08-11,18.04
2020-08-12,17.85
2020-08-13,17.55
2020-08-14,17.76
2020-08-17,17.06
2020-08-18,17.32
2020-08-19,17.19
2020-08-20,17.21
2020-08-21,16.98
2020-08-24,18.21
2020-08-25,17.99
2020-08-26,17.7
2020-08-27,18.31
2020-08-28,18.49
2020-08-31,17.88
2020-09-01,17.59
2020-09-02,17.61
2020-09-03,17.73
2020-09-04,17.88
2020-09-08,18.37
2020-09-09,17.54
2020-09-10,17.48
2020-09-11,17.28
2020-09-14,17.83
2020-09-15,18.08
2020-09-16,18.55
2020-09-17,18.1
2020-09-18,17.7
2020-09-21,16.23
2020-09-22,16.55
2020-09-23,16.08
2020-09-24,15.71
2020-09-25,16.2
2020-09-28,16.53
2020-09-29,16.02
2020-09-30,16.1
2020-10-01,16.38
2020-10-02,16.71
2020-10-05,16.38
2020-10-06,15.75
2020-10-07,16.55
2020-10-08,17.04
2020-10-09,17.27
2020-10-12,16.7
2020-10-13,16.2
2020-10-14,16.44
2020-10-15,16.1
2020-10-16,16.18
2020-10-19,16.4
2020-10-20,17.11
2020-10-21,16.41
2020-10-22,17.96
2020-10-23,18.58
2020-10-26,17.13
2020-10-27,16.53
2020-10-28,15.56
2020-10-29,17.04
2020-10-30,17.57
2020-11-02,17.6
2020-11-03,17.7
2020-11-04,17.22
2020-11-05,17.95
2020-11-06,17.69
2020-11-09,21.31
2020-11-10,20.17
2020-11-11,19.4
2020-11-12,18.11
2020-11-13,19.73
2020-11-16,20.43
2020-11-17,20.19
2020-11-18,20.31
2020-11-19,20.89
2020-11-20,20.33
2020-11-23,21.07
2020-11-24,22.88
2020-11-25,22.98
2020-11-27,23.37
2020-11-30,22.63
2020-12-01,22.57
2020-12-02,23.12
2020-12-03,24.53
2020-12-04,25.76
2020-12-07,25.41
2020-12-08,26.3
2020-12-09,26.14
2020-12-10,27.03
2020-12-11,26.23
2020-12-14,25.99
2020-12-15,26.68
2020-12-16,26.16
2020-12-17,26.57
2020-12-18,25.88
2020-12-21,25.37
2020-12-22,24.04
2020-12-23,24.55
2020-12-24,24.42
2020-12-28,25.07
2020-12-29,24.68
2020-12-30,24.87
2020-12-31,24.45
2021-01-04,23.06
2021-01-05,23.84
2021-01-06,24.3
2021-01-07,24.47
2021-01-08,24.45
2021-01-11,24.43
2021-01-12,25.17
2021-01-13,25.16
2021-01-14,27.21
2021-01-15,25.73
2021-01-19,26.65
2021-01-20,27.79
2021-01-21,27.47
2021-01-22,27.67
2021-01-25,27.26
2021-01-26,26.86
2021-01-27,25.45
2021-01-28,26.71
2021-01-29,25.94
2021-02-01,26.84
2021-02-02,26.82
2021-02-03,29.15
2021-02-04,30.22
2021-02-05,29.89
2021-02-08,31.79
2021-02-09,31.34
2021-02-10,32.68
2021-02-11,30.01
2021-02-12,30.49
2021-02-16,31.26
2021-02-17,32.88
2021-02-18,34.12
2021-02-19,35.46
2021-02-22,36.69
2021-02-23,38.34
2021-02-24,36.76
2021-02-25,35.45
2021-02-26,35.88
2021-03-01,36.14
2021-03-02,36.34
2021-03-03,35.94
2021-03-04,34.86
2021-03-05,34.42
2021-03-08,36.94
2021-03-09,37.26
2021-03-10,36.45
2021-03-11,36.51
2021-03-12,38.62
2021-03-15,39.31
2021-03-16,38.03
2021-03-17,39.74
2021-03-18,38.64
2021-03-19,39.73
2021-03-22,37.4
2021-03-23,35.73
2021-03-24,34.73
2021-03-25,36.87
2021-03-26,36.99
2021-03-29,36.47
2021-03-30,37.62
2021-03-31,36.9
2021-04-01,37.36
2021-04-05,37.49
2021-04-06,38.29
2021-04-07,37.53
2021-04-08,37.67
2021-04-09,37.23
2021-04-12,36.01
2021-04-13,37.04
2021-04-14,37.28
2021-04-15,37.16
2021-04-16,36.85
2021-04-19,36.12
2021-04-20,34.67
2021-04-21,36.02
2021-04-22,35.46
2021-04-23,37.29
2021-04-26,37.61
2021-04-27,37.15
2021-04-28,35.05
2021-04-29,35.64
2021-04-30,35.82
2021-05-03,34.86
2021-05-04,34.32
2021-05-05,34.51
2021-05-06,34.61
2021-05-07,35.13
2021-05-10,34.43
2021-05-11,33.48
2021-05-12,32.65
2021-05-13,32.99
2021-05-14,34.97
2021-05-17,35.67
2021-05-18,35.71
2021-05-19,35.61
2021-05-20,35.15
2021-05-21,34.7
2021-05-24,35.37
2021-05-25,35.15
2021-05-26,35.69
2021-05-27,36.02
2021-05-28,35.71
2021-06-01,36.96
2021-06-02,36.44
2021-06-03,35.74
2021-06-04,35.33
2021-06-07,35.46
2021-06-08,35.47
2021-06-09,34.8
2021-06-10,34.1
2021-06-11,34.35
2021-06-14,34
2021-06-15,33.99
2021-06-16,34.22
2021-06-17,33.37
2021-06-18,33.15
2021-06-21,34.08
2021-06-22,33.55
2021-06-23,32.96
2021-06-24,32.77
2021-06-25,32.01
2021-06-28,31.38
2021-06-29,30.68
2021-06-30,30.44
2021-07-01,31.29
2021-07-02,30.96
2021-07-06,30.28
2021-07-07,29.06
2021-07-08,28.56
2021-07-09,29.6
2021-07-12,29.42
2021-07-13,28.39
2021-07-14,27.95
2021-07-15,27.87
2021-07-16,26.36
2021-07-19,25.42
2021-07-20,27
2021-07-21,28.36
2021-07-22,28.05
2021-07-23,27.79
2021-07-26,28.94
2021-07-27,28.03
2021-07-28,28.51
2021-07-29,28.34
2021-07-30,26.98