,SKYW US Equity
2001-01-02,27.5
2001-01-03,28.8125
2001-01-04,27.4375
2001-01-05,27.75
2001-01-08,26.875
2001-01-09,26
2001-01-10,25.0625
2001-01-11,24.6875
2001-01-12,24.5625
2001-01-16,22
2001-01-17,23.75
2001-01-18,24.4375
2001-01-19,22.875
2001-01-22,22.625
2001-01-23,23.3125
2001-01-24,24.8125
2001-01-25,24.4375
2001-01-26,25.625
2001-01-29,25.0625
2001-01-30,24.625
2001-01-31,24.8125
2001-02-01,25.375
2001-02-02,24.9375
2001-02-05,27.125
2001-02-06,25.75
2001-02-07,27.125
2001-02-08,25.6563
2001-02-09,27.3125
2001-02-12,26.625
2001-02-13,26.5625
2001-02-14,26.5625
2001-02-15,26.75
2001-02-16,25.9375
2001-02-20,26.125
2001-02-21,25.8125
2001-02-22,24.625
2001-02-23,24.125
2001-02-26,24.8125
2001-02-27,23.3125
2001-02-28,22.6875
2001-03-01,21.375
2001-03-02,21.25
2001-03-05,21.0625
2001-03-06,21
2001-03-07,20.875
2001-03-08,20.75
2001-03-09,20
2001-03-12,19
2001-03-13,17.75
2001-03-14,18.5625
2001-03-15,18.3125
2001-03-16,18.5
2001-03-19,19.25
2001-03-20,19.375
2001-03-21,19.375
2001-03-22,19.8125
2001-03-23,20
2001-03-26,20.9375
2001-03-27,21.5
2001-03-28,21
2001-03-29,19.4375
2001-03-30,23.25
2001-04-02,21.6875
2001-04-03,20.5625
2001-04-04,21.0625
2001-04-05,23.25
2001-04-06,22.375
2001-04-09,23.1
2001-04-10,23.26
2001-04-11,23.47
2001-04-12,24.12
2001-04-16,22.92
2001-04-17,23.36
2001-04-18,23.56
2001-04-19,24.85
2001-04-20,23.98
2001-04-23,24.6
2001-04-24,25.37
2001-04-25,25.08
2001-04-26,25.6
2001-04-27,26.6
2001-04-30,26.5
2001-05-01,26.55
2001-05-02,26.11
2001-05-03,25.65
2001-05-04,26.18
2001-05-07,25.78
2001-05-08,25.95
2001-05-09,25.99
2001-05-10,26
2001-05-11,26
2001-05-14,25.58
2001-05-15,25.49
2001-05-16,26.08
2001-05-17,27.33
2001-05-18,27.84
2001-05-21,28.82
2001-05-22,29.24
2001-05-23,29.36
2001-05-24,29.75
2001-05-25,30.49
2001-05-29,29.76
2001-05-30,28.71
2001-05-31,28.4
2001-06-01,27.78
2001-06-04,28.49
2001-06-05,28.81
2001-06-06,29.07
2001-06-07,29.5
2001-06-08,28.44
2001-06-11,27.46
2001-06-12,27.33
2001-06-13,27.66
2001-06-14,27.25
2001-06-15,27.85
2001-06-18,26.64
2001-06-19,26.5
2001-06-20,26.14
2001-06-21,26.21
2001-06-22,26.04
2001-06-25,25.98
2001-06-26,25.65
2001-06-27,26.56
2001-06-28,28.19
2001-06-29,28
2001-07-02,28.21
2001-07-03,27.52
2001-07-05,28
2001-07-06,26.45
2001-07-09,27
2001-07-10,27.93
2001-07-11,29.05
2001-07-12,29.41
2001-07-13,30.12
2001-07-16,30.52
2001-07-17,30.89
2001-07-18,31.99
2001-07-19,32.92
2001-07-20,31.78
2001-07-23,31.91
2001-07-24,30.76
2001-07-25,31.19
2001-07-26,30.99
2001-07-27,32.4
2001-07-30,32.7
2001-07-31,33.54
2001-08-01,33.94
2001-08-02,32.99
2001-08-03,32.43
2001-08-06,32.2
2001-08-07,31.89
2001-08-08,30.74
2001-08-09,30.43
2001-08-10,30.29
2001-08-13,29.87
2001-08-14,29.9
2001-08-15,30.25
2001-08-16,30.4
2001-08-17,30.66
2001-08-20,31.03
2001-08-21,31
2001-08-22,31.65
2001-08-23,31.53
2001-08-24,31.6
2001-08-27,31.45
2001-08-28,31.86
2001-08-29,31.98
2001-08-30,31.85
2001-08-31,31.84
2001-09-04,32.59
2001-09-05,32.73
2001-09-06,32.88
2001-09-07,31.75
2001-09-10,31.65
2001-09-17,19.15
2001-09-18,18.17
2001-09-19,16.45
2001-09-20,12.33
2001-09-21,11.25
2001-09-24,14.65
2001-09-25,15.4
2001-09-26,15.44
2001-09-27,15.45
2001-09-28,16.72
2001-10-01,17.17
2001-10-02,18.56
2001-10-03,19
2001-10-04,19.26
2001-10-05,19
2001-10-08,18.75
2001-10-09,19.03
2001-10-10,21.19
2001-10-11,22.18
2001-10-12,19.55
2001-10-15,19.55
2001-10-16,20.01
2001-10-17,18.7
2001-10-18,17.4
2001-10-19,17.81
2001-10-22,18.3
2001-10-23,18.79
2001-10-24,18.91
2001-10-25,19.59
2001-10-26,20.25
2001-10-29,18.7
2001-10-30,18.1
2001-10-31,18.3
2001-11-01,19.1
2001-11-02,19.34
2001-11-05,19.85
2001-11-06,19.6
2001-11-07,20
2001-11-08,19.71
2001-11-09,19.49
2001-11-12,19.23
2001-11-13,19.99
2001-11-14,20.67
2001-11-15,21.07
2001-11-16,22.21
2001-11-19,22.35
2001-11-20,21.08
2001-11-21,20.79
2001-11-23,21
2001-11-26,21.3
2001-11-27,21.65
2001-11-28,21.45
2001-11-29,22.25
2001-11-30,23.31
2001-12-03,22.26
2001-12-04,23.87
2001-12-05,24.23
2001-12-06,24.71
2001-12-07,26.45
2001-12-10,25.51
2001-12-11,25.7
2001-12-12,26.5
2001-12-13,25.88
2001-12-14,25.36
2001-12-17,25.27
2001-12-18,25.42
2001-12-19,25.09
2001-12-20,24.2
2001-12-21,25.04
2001-12-24,23.66
2001-12-26,24.52
2001-12-27,25
2001-12-28,24.7
2001-12-31,25.45
2002-01-02,24.45
2002-01-03,25.44
2002-01-04,27.05
2002-01-07,27.23
2002-01-08,28.2
2002-01-09,27.27
2002-01-10,28.41
2002-01-11,27.77
2002-01-14,27.11
2002-01-15,28.2
2002-01-16,27.66
2002-01-17,26.61
2002-01-18,26.56
2002-01-22,26.5
2002-01-23,27.67
2002-01-24,28.94
2002-01-25,28.79
2002-01-28,28.36
2002-01-29,27.73
2002-01-30,28.06
2002-01-31,27.4
2002-02-01,27.72
2002-02-04,26.12
2002-02-05,26.24
2002-02-06,25
2002-02-07,25.12
2002-02-08,25.05
2002-02-11,24.6
2002-02-12,25
2002-02-13,25
2002-02-14,25.09
2002-02-15,25.57
2002-02-19,25.4
2002-02-20,26.32
2002-02-21,26.46
2002-02-22,25.75
2002-02-25,25.89
2002-02-26,24.95
2002-02-27,26
2002-02-28,25.4
2002-03-01,25.17
2002-03-04,24.85
2002-03-05,24.49
2002-03-06,24.82
2002-03-07,24.95
2002-03-08,25.37
2002-03-11,26.01
2002-03-12,26.25
2002-03-13,25.5
2002-03-14,25.51
2002-03-15,25.83
2002-03-18,25.7
2002-03-19,24.51
2002-03-20,23.94
2002-03-21,24.75
2002-03-22,24.51
2002-03-25,23.94
2002-03-26,24.88
2002-03-27,24.99
2002-03-28,24.93
2002-04-01,23.827
2002-04-02,22.64
2002-04-03,23.36
2002-04-04,24.8
2002-04-05,23.6
2002-04-08,22.6475
2002-04-09,23.28
2002-04-10,23.98
2002-04-11,23.07
2002-04-12,24.59
2002-04-15,23.58
2002-04-16,24.41
2002-04-17,24.35
2002-04-18,24.521
2002-04-19,24.03
2002-04-22,23.8
2002-04-23,22.9
2002-04-24,22.38
2002-04-25,21.74
2002-04-26,22.62
2002-04-29,22.67
2002-04-30,22.95
2002-05-01,23.36
2002-05-02,24.55
2002-05-03,25.1
2002-05-06,25.95
2002-05-07,24.95
2002-05-08,25.4
2002-05-09,25.31
2002-05-10,24.67
2002-05-13,24.98
2002-05-14,25.02
2002-05-15,25.02
2002-05-16,24.74
2002-05-17,24.83
2002-05-20,24
2002-05-21,23.57
2002-05-22,24
2002-05-23,24.07
2002-05-24,23.65
2002-05-28,24.19
2002-05-29,23.9
2002-05-30,23.69
2002-05-31,23.3
2002-06-03,22.18
2002-06-04,22
2002-06-05,22.5
2002-06-06,23.33
2002-06-07,23.5
2002-06-10,23.71
2002-06-11,23.26
2002-06-12,22.95
2002-06-13,22.8
2002-06-14,21.98
2002-06-17,22.06
2002-06-18,22.01
2002-06-19,21.43
2002-06-20,22.61
2002-06-21,24.54
2002-06-24,23.88
2002-06-25,23.56
2002-06-26,22.86
2002-06-27,23
2002-06-28,23.39
2002-07-01,21.3
2002-07-02,20.35
2002-07-03,19.42
2002-07-05,20.05
2002-07-08,20.26
2002-07-09,19.5
2002-07-10,18.38
2002-07-11,17.98
2002-07-12,17.49
2002-07-15,17.13
2002-07-16,17.16
2002-07-17,16.78
2002-07-18,16.81
2002-07-19,16.75
2002-07-22,16.29
2002-07-23,15.5
2002-07-24,16.82
2002-07-25,16.74
2002-07-26,16.76
2002-07-29,19.1
2002-07-30,18.95
2002-07-31,19.19
2002-08-01,19.55
2002-08-02,18.04
2002-08-05,17.05
2002-08-06,17.84
2002-08-07,18.09
2002-08-08,18.4
2002-08-09,19.02
2002-08-12,17.63
2002-08-13,16.85
2002-08-14,15.75
2002-08-15,14.25
2002-08-16,14.79
2002-08-19,15.79
2002-08-20,15.95
2002-08-21,16.63
2002-08-22,17.302
2002-08-23,16.44
2002-08-26,16.66
2002-08-27,16
2002-08-28,15.4
2002-08-29,15.5
2002-08-30,15.588
2002-09-03,14.85
2002-09-04,14.85
2002-09-05,13.932
2002-09-06,13.88
2002-09-09,14.75
2002-09-10,15.19
2002-09-11,15.32
2002-09-12,14.9
2002-09-13,14.55
2002-09-16,14.55
2002-09-17,13.242
2002-09-18,13.151
2002-09-19,12.41
2002-09-20,12.17
2002-09-23,12.271
2002-09-24,11.78
2002-09-25,12.3
2002-09-26,13.35
2002-09-27,12.9
2002-09-30,13.1
2002-10-01,13.53
2002-10-02,12.77
2002-10-03,12.36
2002-10-04,12.121
2002-10-07,11.96
2002-10-08,12.2
2002-10-09,11.43
2002-10-10,11.99
2002-10-11,12.312
2002-10-14,12.23
2002-10-15,14.01
2002-10-16,14.121
2002-10-17,15.3
2002-10-18,15.19
2002-10-21,15.61
2002-10-22,15.33
2002-10-23,15.5
2002-10-24,15.29
2002-10-25,15.58
2002-10-28,15.529
2002-10-29,15.45
2002-10-30,15.39
2002-10-31,15.171
2002-11-01,15.371
2002-11-04,16.33
2002-11-05,16.58
2002-11-06,20.149
2002-11-07,18.5
2002-11-08,17.58
2002-11-11,17.231
2002-11-12,17.03
2002-11-13,17.05
2002-11-14,17.31
2002-11-15,15.44
2002-11-18,15.88
2002-11-19,14.94
2002-11-20,14.25
2002-11-21,15.84
2002-11-22,15.4
2002-11-25,15.14
2002-11-26,14.08
2002-11-27,14.5
2002-11-29,13.61
2002-12-02,13.75
2002-12-03,13
2002-12-04,13
2002-12-05,14.07
2002-12-06,14.01
2002-12-09,13.87
2002-12-10,13.95
2002-12-11,13.86
2002-12-12,13.8
2002-12-13,13.49
2002-12-16,13.65
2002-12-17,13.75
2002-12-18,13.535
2002-12-19,13.05
2002-12-20,13.17
2002-12-23,12.781
2002-12-24,12.65
2002-12-26,12.72
2002-12-27,12.69
2002-12-30,12.52
2002-12-31,13.07
2003-01-02,13.33
2003-01-03,13.26
2003-01-06,13.24
2003-01-07,13.68
2003-01-08,13.55
2003-01-09,13.82
2003-01-10,13.96
2003-01-13,14.6
2003-01-14,14.89
2003-01-15,14.85
2003-01-16,14.8
2003-01-17,14.45
2003-01-21,13.53
2003-01-22,12.9
2003-01-23,13.06
2003-01-24,13.01
2003-01-27,12.72
2003-01-28,12.55
2003-01-29,12.99
2003-01-30,12.01
2003-01-31,11.51
2003-02-03,11.2
2003-02-04,10.57
2003-02-05,10.73
2003-02-06,11.13
2003-02-07,10.45
2003-02-10,9.94
2003-02-11,9.91
2003-02-12,10.4
2003-02-13,10.05
2003-02-14,10.48
2003-02-18,10.45
2003-02-19,10.29
2003-02-20,10.13
2003-02-21,10.2
2003-02-24,10.05
2003-02-25,9.17
2003-02-26,9
2003-02-27,8.97
2003-02-28,8.95
2003-03-03,9.23
2003-03-04,9.01
2003-03-05,9.24
2003-03-06,9.07
2003-03-07,9.41
2003-03-10,8.87
2003-03-11,8.8
2003-03-12,9
2003-03-13,9.3
2003-03-14,9.551
2003-03-17,10.13
2003-03-18,10.66
2003-03-19,11.08
2003-03-20,10.75
2003-03-21,11.85
2003-03-24,10.92
2003-03-25,11
2003-03-26,11
2003-03-27,10.45
2003-03-28,10.5
2003-03-31,10.33
2003-04-01,10.25
2003-04-02,10.99
2003-04-03,10.75
2003-04-04,10.89
2003-04-07,11.22
2003-04-08,10.949
2003-04-09,11.009
2003-04-10,10.88
2003-04-11,10.869
2003-04-14,10.83
2003-04-15,10.75
2003-04-16,10.76
2003-04-17,11.7
2003-04-21,11.34
2003-04-22,11.77
2003-04-23,12.15
2003-04-24,12.13
2003-04-25,12
2003-04-28,12.47
2003-04-29,12.74
2003-04-30,12.79
2003-05-01,13.4
2003-05-02,13.66
2003-05-05,13.5
2003-05-06,13.48
2003-05-07,13.3
2003-05-08,13.15
2003-05-09,13.73
2003-05-12,14.15
2003-05-13,13.94
2003-05-14,13.84
2003-05-15,14.2
2003-05-16,14.95
2003-05-19,14.6
2003-05-20,14.15
2003-05-21,13.78
2003-05-22,13.81
2003-05-23,13.98
2003-05-27,13.94
2003-05-28,13.64
2003-05-29,13.65
2003-05-30,13.68
2003-06-02,14.64
2003-06-03,14.79
2003-06-04,15.05
2003-06-05,15.7
2003-06-06,15.859
2003-06-09,15.32
2003-06-10,16.36
2003-06-11,16.41
2003-06-12,16.97
2003-06-13,16.99
2003-06-16,17.52
2003-06-17,17.651
2003-06-18,17.7
2003-06-19,17.27
2003-06-20,17.89
2003-06-23,17.3
2003-06-24,18.11
2003-06-25,18.33
2003-06-26,18.55
2003-06-27,18.79
2003-06-30,19.08
2003-07-01,18.38
2003-07-02,18.38
2003-07-03,18.08
2003-07-07,18.14
2003-07-08,18.66
2003-07-09,19.03
2003-07-10,18.77
2003-07-11,18.55
2003-07-14,18.66
2003-07-15,18.39
2003-07-16,18.83
2003-07-17,17.73
2003-07-18,17.56
2003-07-21,17.3
2003-07-22,17.82
2003-07-23,17.49
2003-07-24,18.09
2003-07-25,18.04
2003-07-28,18.18
2003-07-29,18.14
2003-07-30,18.36
2003-07-31,18.69
2003-08-01,18.25
2003-08-04,17.71
2003-08-05,16.83
2003-08-06,16.98
2003-08-07,17
2003-08-08,16.88
2003-08-11,17
2003-08-12,17.07
2003-08-13,17.15
2003-08-14,17
2003-08-15,17
2003-08-18,17
2003-08-19,17.35
2003-08-20,17.43
2003-08-21,17.8
2003-08-22,17.24
2003-08-25,17.22
2003-08-26,17.02
2003-08-27,17.37
2003-08-28,17.46
2003-08-29,17.48
2003-09-02,18.8
2003-09-03,19.43
2003-09-04,19.33
2003-09-05,19.09
2003-09-08,19.85
2003-09-09,19.54
2003-09-10,19.25
2003-09-11,19.99
2003-09-12,19.7
2003-09-15,20.35
2003-09-16,20.05
2003-09-17,20.1
2003-09-18,19.95
2003-09-19,19.68
2003-09-22,19.25
2003-09-23,19.6
2003-09-24,18.5
2003-09-25,17.77
2003-09-26,17.58
2003-09-29,17.7
2003-09-30,17.32
2003-10-01,17.92
2003-10-02,18.12
2003-10-03,18.5
2003-10-06,18.73
2003-10-07,18.709
2003-10-08,18.24
2003-10-09,19.24
2003-10-10,18.42
2003-10-13,18.75
2003-10-14,18.56
2003-10-15,18.23
2003-10-16,18.04
2003-10-17,17.45
2003-10-20,17.81
2003-10-21,18
2003-10-22,17.2
2003-10-23,17.1
2003-10-24,16.72
2003-10-27,17.31
2003-10-28,18.1
2003-10-29,18.2
2003-10-30,18.6
2003-10-31,18.49
2003-11-03,18.15
2003-11-04,18.15
2003-11-05,18.15
2003-11-06,18.25
2003-11-07,17.82
2003-11-10,17.16
2003-11-11,17.18
2003-11-12,18.35
2003-11-13,18.5
2003-11-14,17.78
2003-11-17,17.38
2003-11-18,17
2003-11-19,16.96
2003-11-20,16.59
2003-11-21,17.12
2003-11-24,17.25
2003-11-25,17.35
2003-11-26,17.21
2003-11-28,17.26
2003-12-01,17.5
2003-12-02,17.73
2003-12-03,17.25
2003-12-04,16.87
2003-12-05,16.29
2003-12-08,16.73
2003-12-09,16.15
2003-12-10,15.46
2003-12-11,16.41
2003-12-12,16.5
2003-12-15,15.72
2003-12-16,16.21
2003-12-17,16.22
2003-12-18,16.5
2003-12-19,17.15
2003-12-22,17.32
2003-12-23,17.74
2003-12-24,17.69
2003-12-26,17.89
2003-12-29,18.3
2003-12-30,18.22
2003-12-31,18.07
2004-01-02,17.9
2004-01-05,17.9
2004-01-06,18.06
2004-01-07,18.4
2004-01-08,18.11
2004-01-09,17.56
2004-01-12,17.25
2004-01-13,17.11
2004-01-14,17.64
2004-01-15,17.6
2004-01-16,19.08
2004-01-20,19.85
2004-01-21,20
2004-01-22,20.09
2004-01-23,20.28
2004-01-26,20.51
2004-01-27,20.45
2004-01-28,19.99
2004-01-29,19.82
2004-01-30,19.31
2004-02-02,19.18
2004-02-03,19.18
2004-02-04,18.95
2004-02-05,19.17
2004-02-06,20.12
2004-02-09,19.741
2004-02-10,20.3
2004-02-11,19.3
2004-02-12,20.16
2004-02-13,19.5
2004-02-17,19.73
2004-02-18,19.44
2004-02-19,19.67
2004-02-20,19.81
2004-02-23,19.45
2004-02-24,19.22
2004-02-25,19.34
2004-02-26,19.25
2004-02-27,19.35
2004-03-01,19.84
2004-03-02,19.6
2004-03-03,19.67
2004-03-04,19.78
2004-03-05,19.62
2004-03-08,19.26
2004-03-09,19
2004-03-10,18.52
2004-03-11,18.03
2004-03-12,18.8
2004-03-15,17.23
2004-03-16,17.71
2004-03-17,18.49
2004-03-18,17.82
2004-03-19,17.89
2004-03-22,17.3
2004-03-23,17.26
2004-03-24,17.34
2004-03-25,18.22
2004-03-26,18.56
2004-03-29,18.97
2004-03-30,19.05
2004-03-31,19.32
2004-04-01,19.19
2004-04-02,19.43
2004-04-05,19.75
2004-04-06,19.74
2004-04-07,19.7
2004-04-08,19.64
2004-04-12,19.47
2004-04-13,18.59
2004-04-14,18.76
2004-04-15,18.84
2004-04-16,18.74
2004-04-19,18.63
2004-04-20,18.9
2004-04-21,19.15
2004-04-22,19.82
2004-04-23,19.52
2004-04-26,19.46
2004-04-27,19.91
2004-04-28,18.95
2004-04-29,19.07
2004-04-30,18.38
2004-05-03,18.15
2004-05-04,18.31
2004-05-05,18.54
2004-05-06,17.96
2004-05-07,16.89
2004-05-10,16.08
2004-05-11,16.39
2004-05-12,16.36
2004-05-13,16.33
2004-05-14,16
2004-05-17,16.01
2004-05-18,16.51
2004-05-19,16.1
2004-05-20,16.08
2004-05-21,16.35
2004-05-24,16.66
2004-05-25,17.12
2004-05-26,16.95
2004-05-27,16.69
2004-05-28,16.76
2004-06-01,16.83
2004-06-02,17.05
2004-06-03,16.45
2004-06-04,16.99
2004-06-07,17.34
2004-06-08,17.49
2004-06-09,17.29
2004-06-10,16.83
2004-06-14,16.54
2004-06-15,16.7
2004-06-16,16.54
2004-06-17,16.6
2004-06-18,16.45
2004-06-21,16.52
2004-06-22,16.66
2004-06-23,17.12
2004-06-24,16.97
2004-06-25,16.74
2004-06-28,16.66
2004-06-29,16.96
2004-06-30,17.41
2004-07-01,16.88
2004-07-02,16.73
2004-07-06,16.34
2004-07-07,16.41
2004-07-08,15.82
2004-07-09,16.13
2004-07-12,16.06
2004-07-13,15.71
2004-07-14,15.21
2004-07-15,15.25
2004-07-16,14.88
2004-07-19,14.43
2004-07-20,15.36
2004-07-21,14.68
2004-07-22,13.51
2004-07-23,13.07
2004-07-26,13.53
2004-07-27,13.56
2004-07-28,13.54
2004-07-29,14.18
2004-07-30,14.13
2004-08-02,14
2004-08-03,13.77
2004-08-04,13.85
2004-08-05,13.44
2004-08-06,13.1
2004-08-09,13.16
2004-08-10,13.89
2004-08-11,14.28
2004-08-12,13.91
2004-08-13,13.6
2004-08-16,13.95
2004-08-17,13.84
2004-08-18,13.99
2004-08-19,13.78
2004-08-20,14.02
2004-08-23,14.02
2004-08-24,14.3
2004-08-25,14.09
2004-08-26,14.67
2004-08-27,14.43
2004-08-30,14.17
2004-08-31,14.39
2004-09-01,14.07
2004-09-02,14.05
2004-09-03,14.01
2004-09-07,14.31
2004-09-08,14.19
2004-09-09,13.92
2004-09-10,14.15
2004-09-13,14
2004-09-14,14.1
2004-09-15,14.15
2004-09-16,14.35
2004-09-17,14.43
2004-09-20,14.05
2004-09-21,14.4
2004-09-22,13.96
2004-09-23,13.88
2004-09-24,13.76
2004-09-27,13.72
2004-09-28,14.37
2004-09-29,15.02
2004-09-30,15.05
2004-10-01,15.83
2004-10-04,16.07
2004-10-05,15.33
2004-10-06,15.62
2004-10-07,14.67
2004-10-08,14.49
2004-10-11,14.59
2004-10-12,14.64
2004-10-13,14.62
2004-10-14,14.9
2004-10-15,15.1
2004-10-18,14.89
2004-10-19,14.67
2004-10-20,14.54
2004-10-21,15.45
2004-10-22,15.75
2004-10-25,16.04
2004-10-26,16.62
2004-10-27,17.06
2004-10-28,17.43
2004-10-29,17.08
2004-11-01,17.26
2004-11-02,17.54
2004-11-03,17.49
2004-11-04,18.27
2004-11-05,18.47
2004-11-08,18.19
2004-11-09,18.7
2004-11-10,17.58
2004-11-11,17.85
2004-11-12,18.12
2004-11-15,18.37
2004-11-16,17.99
2004-11-17,18.23
2004-11-18,18.29
2004-11-19,17.97
2004-11-22,18.28
2004-11-23,18.49
2004-11-24,18.6
2004-11-26,18.65
2004-11-29,19.102
2004-11-30,19.03
2004-12-01,19.8
2004-12-02,19.86
2004-12-03,19.81
2004-12-06,19.35
2004-12-07,18.86
2004-12-08,19.66
2004-12-09,19.93
2004-12-10,19.79
2004-12-13,19.91
2004-12-14,19.82
2004-12-15,19.78
2004-12-16,19.7
2004-12-17,19.53
2004-12-20,19.33
2004-12-21,19.65
2004-12-22,19.98
2004-12-23,19.61
2004-12-27,19.77
2004-12-28,20.22
2004-12-29,20.35
2004-12-30,20.35
2004-12-31,20.06
2005-01-03,20.3
2005-01-04,19.47
2005-01-05,18.01
2005-01-06,17.65
2005-01-07,17.52
2005-01-10,17.47
2005-01-11,17.59
2005-01-12,17.77
2005-01-13,17.3
2005-01-14,17.54
2005-01-18,17.75
2005-01-19,17.25
2005-01-20,17
2005-01-21,16.6
2005-01-24,16.05
2005-01-25,16.54
2005-01-26,16.88
2005-01-27,16.86
2005-01-28,16.67
2005-01-31,17.22
2005-02-01,17.11
2005-02-02,17.1
2005-02-03,17.04
2005-02-04,16.92
2005-02-07,16.94
2005-02-08,17.09
2005-02-09,16.57
2005-02-10,16.75
2005-02-11,17.11
2005-02-14,17.2
2005-02-15,17.1
2005-02-16,17.12
2005-02-17,16.76
2005-02-18,16.91
2005-02-22,16.4
2005-02-23,17.27
2005-02-24,17.37
2005-02-25,17.35
2005-02-28,17.07
2005-03-01,17.56
2005-03-02,17.07
2005-03-03,17.42
2005-03-04,17.81
2005-03-07,17.89
2005-03-08,18.02
2005-03-09,17.84
2005-03-10,17.61
2005-03-11,17.64
2005-03-14,17.63
2005-03-15,17.29
2005-03-16,17.34
2005-03-17,17.76
2005-03-18,17.76
2005-03-21,18.11
2005-03-22,18.33
2005-03-23,18.59
2005-03-24,18.76
2005-03-28,18.73
2005-03-29,18.5
2005-03-30,18.88
2005-03-31,18.59
2005-04-01,18.24
2005-04-04,18.48
2005-04-05,19.32
2005-04-06,19.62
2005-04-07,19.76
2005-04-08,19.06
2005-04-11,19.3
2005-04-12,19.66
2005-04-13,19.75
2005-04-14,19.6
2005-04-15,19.49
2005-04-18,19.24
2005-04-19,19.26
2005-04-20,19.01
2005-04-21,19.33
2005-04-22,18.1
2005-04-25,17.94
2005-04-26,17.83
2005-04-27,17.6
2005-04-28,18
2005-04-29,18.08
2005-05-02,18.28
2005-05-03,18.71
2005-05-04,19.32
2005-05-05,18.86
2005-05-06,18.78
2005-05-09,18.37
2005-05-10,18.12
2005-05-11,18
2005-05-12,17.76
2005-05-13,17.35
2005-05-16,17.92
2005-05-17,17.95
2005-05-18,18.5
2005-05-19,18.25
2005-05-20,18.24
2005-05-23,18.21
2005-05-24,17.84
2005-05-25,17.55
2005-05-26,17.96
2005-05-27,18.19
2005-05-31,18.24
2005-06-01,18.26
2005-06-02,18.77
2005-06-03,18.67
2005-06-06,18.93
2005-06-07,18.95
2005-06-08,18.76
2005-06-09,18.5
2005-06-10,18.82
2005-06-13,18.72
2005-06-14,18.9
2005-06-15,18.82
2005-06-16,19
2005-06-17,18.71
2005-06-20,18.78
2005-06-21,18.97
2005-06-22,19.03
2005-06-23,18.48
2005-06-24,18.05
2005-06-27,17.9
2005-06-28,18.7
2005-06-29,18.82
2005-06-30,18.18
2005-07-01,18.19
2005-07-05,18.27
2005-07-06,18.2
2005-07-07,18.08
2005-07-08,18.59
2005-07-11,18.93
2005-07-12,18.73
2005-07-13,18.8
2005-07-14,19.04
2005-07-15,18.91
2005-07-18,19
2005-07-19,19.7
2005-07-20,20.39
2005-07-21,19.82
2005-07-22,19.78
2005-07-25,19.61
2005-07-26,19.39
2005-07-27,20.39
2005-07-28,20.43
2005-07-29,20.75
2005-08-01,21.1
2005-08-02,21.09
2005-08-03,20.82
2005-08-04,20.08
2005-08-05,19.85
2005-08-08,20.3
2005-08-09,21.58
2005-08-10,22.06
2005-08-11,21.86
2005-08-12,21.87
2005-08-15,22.04
2005-08-16,25.01
2005-08-17,24.7
2005-08-18,24.11
2005-08-19,23.86
2005-08-22,24.15
2005-08-23,24.18
2005-08-24,23.85
2005-08-25,23.8
2005-08-26,23.38
2005-08-29,23.58
2005-08-30,23.19
2005-08-31,23.71
2005-09-01,23.2
2005-09-02,22.98
2005-09-06,23.65
2005-09-07,24.01
2005-09-08,24.37
2005-09-09,24.2
2005-09-12,25.14
2005-09-13,24.35
2005-09-14,24.22
2005-09-15,24.16
2005-09-16,24.78
2005-09-19,24.3
2005-09-20,24.42
2005-09-21,24.49
2005-09-22,24.67
2005-09-23,25.79
2005-09-26,25.77
2005-09-27,26.45
2005-09-28,26.56
2005-09-29,26.5
2005-09-30,26.82
2005-10-03,26.94
2005-10-04,27.21
2005-10-05,26.78
2005-10-06,27.31
2005-10-07,27.28
2005-10-10,27.1
2005-10-11,26.66
2005-10-12,26.26
2005-10-13,26.25
2005-10-14,26.8
2005-10-17,26.47
2005-10-18,27.36
2005-10-19,27.85
2005-10-20,26.42
2005-10-21,28.25
2005-10-24,28.84
2005-10-25,28.16
2005-10-26,28.47
2005-10-27,28.23
2005-10-28,28.05
2005-10-31,29.31
2005-11-01,29.72
2005-11-02,29.6
2005-11-03,29.26
2005-11-04,29.36
2005-11-07,29.52
2005-11-08,30.28
2005-11-09,31
2005-11-10,31.91
2005-11-11,32.84
2005-11-14,32.54
2005-11-15,31.56
2005-11-16,31.59
2005-11-17,32.59
2005-11-18,31.91
2005-11-21,30.66
2005-11-22,29.72
2005-11-23,30.08
2005-11-25,29.84
2005-11-28,29.18
2005-11-29,29.56
2005-11-30,29.7
2005-12-01,30.2
2005-12-02,30.67
2005-12-05,29.87
2005-12-06,30
2005-12-07,29.62
2005-12-08,29.35
2005-12-09,27.97
2005-12-12,28.27
2005-12-13,27.36
2005-12-14,27.16
2005-12-15,27.15
2005-12-16,27.4
2005-12-19,26.67
2005-12-20,26.52
2005-12-21,26.77
2005-12-22,26.64
2005-12-23,26.87
2005-12-27,26.55
2005-12-28,26.85
2005-12-29,27.67
2005-12-30,26.86
2006-01-03,26.63
2006-01-04,26.88
2006-01-05,27.44
2006-01-06,27.79
2006-01-09,27.45
2006-01-10,27.24
2006-01-11,26.02
2006-01-12,26.16
2006-01-13,26.53
2006-01-17,26.15
2006-01-18,26.99
2006-01-19,27.49
2006-01-20,26.02
2006-01-23,26.22
2006-01-24,26.96
2006-01-25,26.62
2006-01-26,26.88
2006-01-27,27.28
2006-01-30,28.25
2006-01-31,29.18
2006-02-01,29.35
2006-02-02,29.51
2006-02-03,29.26
2006-02-06,29.29
2006-02-07,28.79
2006-02-08,29.37
2006-02-09,28.43
2006-02-10,28.39
2006-02-13,29.05
2006-02-14,29.58
2006-02-15,29.76
2006-02-16,29.79
2006-02-17,29.48
2006-02-21,29.31
2006-02-22,29.05
2006-02-23,29.09
2006-02-24,28.42
2006-02-27,28.8
2006-02-28,28.97
2006-03-01,28.99
2006-03-02,28.8
2006-03-03,28.83
2006-03-06,27.94
2006-03-07,27.42
2006-03-08,27.61
2006-03-09,27.62
2006-03-10,27.67
2006-03-13,28.12
2006-03-14,29.38
2006-03-15,29.25
2006-03-16,28.82
2006-03-17,28.5
2006-03-20,28.96
2006-03-21,27.99
2006-03-22,28.64
2006-03-23,28.19
2006-03-24,28.47
2006-03-27,28.29
2006-03-28,27.4
2006-03-29,28.69
2006-03-30,27.9
2006-03-31,29.27
2006-04-03,29.46
2006-04-04,28.91
2006-04-05,28.92
2006-04-06,28.68
2006-04-07,26.23
2006-04-10,26.05
2006-04-11,25.78
2006-04-12,26.15
2006-04-13,26
2006-04-17,25.81
2006-04-18,25.99
2006-04-19,26
2006-04-20,25.55
2006-04-21,25.55
2006-04-24,25.62
2006-04-25,25.12
2006-04-26,24.9
2006-04-27,24.5
2006-04-28,23.57
2006-05-01,23.97
2006-05-02,23.8
2006-05-03,23.64
2006-05-04,24
2006-05-05,23.85
2006-05-08,23.52
2006-05-09,23.54
2006-05-10,25.29
2006-05-11,24.7
2006-05-12,24.26
2006-05-15,23.91
2006-05-16,23.01
2006-05-17,22.07
2006-05-18,22.57
2006-05-19,22.51
2006-05-22,22.39
2006-05-23,21.61
2006-05-24,21.46
2006-05-25,23.34
2006-05-26,23.16
2006-05-30,22.37
2006-05-31,23.23
2006-06-01,23.92
2006-06-02,23.57
2006-06-05,23.1
2006-06-06,23.06
2006-06-07,23.09
2006-06-08,23.73
2006-06-09,24
2006-06-12,23.07
2006-06-13,22.76
2006-06-14,23.06
2006-06-15,23.88
2006-06-16,24.69
2006-06-19,24.45
2006-06-20,24.37
2006-06-21,24.71
2006-06-22,24.94
2006-06-23,24.79
2006-06-26,24.48
2006-06-27,23.58
2006-06-28,23.6
2006-06-29,24.59
2006-06-30,24.8
2006-07-03,25.38
2006-07-05,24.85
2006-07-06,25.11
2006-07-07,24.98
2006-07-10,25.16
2006-07-11,24.55
2006-07-12,24.06
2006-07-13,23.55
2006-07-14,23.07
2006-07-17,23.13
2006-07-18,23.6
2006-07-19,24.39
2006-07-20,23.82
2006-07-21,23.36
2006-07-24,23.97
2006-07-25,24.36
2006-07-26,24.06
2006-07-27,23.57
2006-07-28,24.54
2006-07-31,24.25
2006-08-01,23.2
2006-08-02,22.93
2006-08-03,24.21
2006-08-04,23.63
2006-08-07,23.16
2006-08-08,23
2006-08-09,22.57
2006-08-10,23.25
2006-08-11,22.12
2006-08-14,22.65
2006-08-15,23.06
2006-08-16,24
2006-08-17,23.87
2006-08-18,23.71
2006-08-21,23.25
2006-08-22,23.47
2006-08-23,23.9
2006-08-24,23.3
2006-08-25,23.27
2006-08-28,24
2006-08-29,24.28
2006-08-30,24.21
2006-08-31,24.17
2006-09-01,24.16
2006-09-05,24.44
2006-09-06,23.49
2006-09-07,23.84
2006-09-08,23.91
2006-09-11,24.28
2006-09-12,25.14
2006-09-13,25.23
2006-09-14,24.87
2006-09-15,24.99
2006-09-18,24.86
2006-09-19,25.77
2006-09-20,25.56
2006-09-21,24.99
2006-09-22,25.3
2006-09-25,25.78
2006-09-26,25.99
2006-09-27,24.99
2006-09-28,24.78
2006-09-29,24.52
2006-10-02,24.6
2006-10-03,24.95
2006-10-04,25.33
2006-10-05,25.52
2006-10-06,25.17
2006-10-09,25.49
2006-10-10,25.26
2006-10-11,25.63
2006-10-12,26.53
2006-10-13,26.04
2006-10-16,25.99
2006-10-17,26.16
2006-10-18,25.35
2006-10-19,25.68
2006-10-20,26.08
2006-10-23,26.28
2006-10-24,26.23
2006-10-25,26.25
2006-10-26,26.76
2006-10-27,26.11
2006-10-30,26.9
2006-10-31,26.66
2006-11-01,26.06
2006-11-02,25.46
2006-11-03,25.73
2006-11-06,26.39
2006-11-07,26.96
2006-11-08,27.15
2006-11-09,26.89
2006-11-10,27.24
2006-11-13,27.62
2006-11-14,28.05
2006-11-15,25.95
2006-11-16,26.23
2006-11-17,25.98
2006-11-20,25.65
2006-11-21,25.95
2006-11-22,25.91
2006-11-24,25.83
2006-11-27,25.18
2006-11-28,25.1
2006-11-29,25.3
2006-11-30,25.22
2006-12-01,25
2006-12-04,25.37
2006-12-05,25.49
2006-12-06,25.5
2006-12-07,25.41
2006-12-08,25.46
2006-12-11,25.36
2006-12-12,25.39
2006-12-13,25.6
2006-12-14,25.43
2006-12-15,25.4
2006-12-18,25.3
2006-12-19,25.01
2006-12-20,24.9
2006-12-21,24.77
2006-12-22,24.96
2006-12-26,25.33
2006-12-27,25.6
2006-12-28,25.65
2006-12-29,25.51
2007-01-03,25.93
2007-01-04,26.57
2007-01-05,26.38
2007-01-08,26.94
2007-01-09,27.26
2007-01-10,27.16
2007-01-11,27.81
2007-01-12,27.74
2007-01-16,28.43
2007-01-17,27.25
2007-01-18,26.85
2007-01-19,27.4
2007-01-22,26.68
2007-01-23,26.62
2007-01-24,27.41
2007-01-25,26.8
2007-01-26,26.62
2007-01-29,27.03
2007-01-30,26.9
2007-01-31,27.14
2007-02-01,27.2
2007-02-02,27.4
2007-02-05,27.09
2007-02-06,26.84
2007-02-07,27.1
2007-02-08,27.07
2007-02-09,26.65
2007-02-12,26.57
2007-02-13,27.04
2007-02-14,27.04
2007-02-15,26.83
2007-02-16,26.68
2007-02-20,27.14
2007-02-21,27.27
2007-02-22,27.49
2007-02-23,26.86
2007-02-26,26.62
2007-02-27,25.52
2007-02-28,25.55
2007-03-01,25.56
2007-03-02,24.89
2007-03-05,24.7
2007-03-06,25.15
2007-03-07,25.45
2007-03-08,25.77
2007-03-09,26.52
2007-03-12,26.54
2007-03-13,25.6
2007-03-14,25.6
2007-03-15,26.29
2007-03-16,26.22
2007-03-19,26.52
2007-03-20,26.99
2007-03-21,27.63
2007-03-22,26.95
2007-03-23,27.23
2007-03-26,26.72
2007-03-27,26.38
2007-03-28,26.04
2007-03-29,26.6
2007-03-30,26.83
2007-04-02,26.83
2007-04-03,27.16
2007-04-04,27.72
2007-04-05,27.65
2007-04-09,27.89
2007-04-10,28.03
2007-04-11,27.69
2007-04-12,27.04
2007-04-13,27.01
2007-04-16,27.64
2007-04-17,27.87
2007-04-18,27.95
2007-04-19,27.82
2007-04-20,28.07
2007-04-23,28.11
2007-04-24,27.83
2007-04-25,28.17
2007-04-26,27.95
2007-04-27,27.33
2007-04-30,27.21
2007-05-01,27.53
2007-05-02,26.92
2007-05-03,27.32
2007-05-04,26.38
2007-05-07,26.61
2007-05-08,26.34
2007-05-09,26.4
2007-05-10,26.05
2007-05-11,26.29
2007-05-14,25.97
2007-05-15,25.56
2007-05-16,25.97
2007-05-17,26.25
2007-05-18,26.27
2007-05-21,26.39
2007-05-22,27
2007-05-23,26.67
2007-05-24,26.8
2007-05-25,26.67
2007-05-29,26.83
2007-05-30,27.23
2007-05-31,27.53
2007-06-01,27.8
2007-06-04,27.78
2007-06-05,27.83
2007-06-06,27.59
2007-06-07,27.36
2007-06-08,27.62
2007-06-11,27.52
2007-06-12,26.79
2007-06-13,26.78
2007-06-14,27.54
2007-06-15,27.28
2007-06-18,27.59
2007-06-19,27.61
2007-06-20,27.45
2007-06-21,26.89
2007-06-22,26.4
2007-06-25,26.52
2007-06-26,24.85
2007-06-27,24.83
2007-06-28,24.39
2007-06-29,23.83
2007-07-02,23.89
2007-07-03,24.08
2007-07-05,24.35
2007-07-06,24.43
2007-07-09,24.6
2007-07-10,24.12
2007-07-11,23.95
2007-07-12,24.27
2007-07-13,23.95
2007-07-16,23.8
2007-07-17,23.76
2007-07-18,23.76
2007-07-19,23.98
2007-07-20,23.47
2007-07-23,23.6
2007-07-24,22.98
2007-07-25,23.11
2007-07-26,22.45
2007-07-27,22.08
2007-07-30,22.67
2007-07-31,22.31
2007-08-01,22.52
2007-08-02,22.62
2007-08-03,21.94
2007-08-06,22.64
2007-08-07,22.77
2007-08-08,23.25
2007-08-09,24.32
2007-08-10,25.08
2007-08-13,24.44
2007-08-14,24.13
2007-08-15,22.74
2007-08-16,24.45
2007-08-17,24.87
2007-08-20,24.96
2007-08-21,24.98
2007-08-22,25.16
2007-08-23,24.85
2007-08-24,25.44
2007-08-27,24.93
2007-08-28,23.74
2007-08-29,24.9
2007-08-30,24.69
2007-08-31,25.13
2007-09-04,25.08
2007-09-05,24.2
2007-09-06,23.91
2007-09-07,23.4
2007-09-10,23.04
2007-09-11,23.67
2007-09-12,23.17
2007-09-13,23.47
2007-09-14,23.35
2007-09-17,23.18
2007-09-18,24.35
2007-09-19,24.78
2007-09-20,24.75
2007-09-21,25.14
2007-09-24,24.75
2007-09-25,24.83
2007-09-26,25.31
2007-09-27,25.36
2007-09-28,25.17
2007-10-01,25.67
2007-10-02,26.25
2007-10-03,26.1
2007-10-04,26.19
2007-10-05,26.2
2007-10-08,26.07
2007-10-09,26.33
2007-10-10,26.56
2007-10-11,26.3
2007-10-12,26.94
2007-10-15,26.86
2007-10-16,26.86
2007-10-17,26.84
2007-10-18,26.99
2007-10-19,25.91
2007-10-22,26.19
2007-10-23,26.9
2007-10-24,26.76
2007-10-25,26.6
2007-10-26,27.16
2007-10-29,26.93
2007-10-30,26.93
2007-10-31,27.29
2007-11-01,26.49
2007-11-02,26.53
2007-11-05,26.32
2007-11-06,26.57
2007-11-07,25.68
2007-11-08,26.94
2007-11-09,27.59
2007-11-12,27.6
2007-11-13,28.99
2007-11-14,28.28
2007-11-15,26.97
2007-11-16,25.89
2007-11-19,24.57
2007-11-20,24.08
2007-11-21,24.31
2007-11-23,24.8
2007-11-26,23.75
2007-11-27,24.46
2007-11-28,25.65
2007-11-29,25.24
2007-11-30,26.31
2007-12-03,26.33
2007-12-04,26.39
2007-12-05,26.64
2007-12-06,27.21
2007-12-07,27.39
2007-12-10,27.97
2007-12-11,26.76
2007-12-12,26.37
2007-12-13,26.86
2007-12-14,26.72
2007-12-17,26.09
2007-12-18,26.76
2007-12-19,26.8
2007-12-20,26.99
2007-12-21,27.48
2007-12-24,27.57
2007-12-26,27.33
2007-12-27,26.84
2007-12-28,27
2007-12-31,26.85
2008-01-02,26.64
2008-01-03,26.55
2008-01-04,26.3
2008-01-07,25.95
2008-01-08,24.59
2008-01-09,24.78
2008-01-10,25.48
2008-01-11,24.58
2008-01-14,24.77
2008-01-15,24.93
2008-01-16,25.23
2008-01-17,24.77
2008-01-18,24.7
2008-01-22,24.36
2008-01-23,26.03
2008-01-24,25.23
2008-01-25,25.01
2008-01-28,25.26
2008-01-29,25.54
2008-01-30,25.57
2008-01-31,26.02
2008-02-01,26.41
2008-02-04,25.86
2008-02-05,25.61
2008-02-06,25.8
2008-02-07,25.61
2008-02-08,25.35
2008-02-11,24.63
2008-02-12,23.94
2008-02-13,24.22
2008-02-14,23.74
2008-02-15,24.36
2008-02-19,23.58
2008-02-20,23.6
2008-02-21,23.39
2008-02-22,23.15
2008-02-25,23.74
2008-02-26,23.67
2008-02-27,23.41
2008-02-28,22.59
2008-02-29,22.12
2008-03-03,21.58
2008-03-04,21.94
2008-03-05,22.64
2008-03-06,21.64
2008-03-07,21.82
2008-03-10,21.39
2008-03-11,22.4
2008-03-12,20.48
2008-03-13,21.21
2008-03-14,20.69
2008-03-17,20.43
2008-03-18,21.38
2008-03-19,20.61
2008-03-20,20.91
2008-03-24,21.45
2008-03-25,21.29
2008-03-26,20.99
2008-03-27,21
2008-03-28,21.12
2008-03-31,21.12
2008-04-01,21.77
2008-04-02,21.13
2008-04-03,20.94
2008-04-04,20.92
2008-04-07,20.8
2008-04-08,20.6
2008-04-09,19.82
2008-04-10,19.71
2008-04-11,19.04
2008-04-14,19.4
2008-04-15,18.72
2008-04-16,19.1
2008-04-17,18.88
2008-04-18,19.36
2008-04-21,18.68
2008-04-22,17.18
2008-04-23,16.64
2008-04-24,17.16
2008-04-25,17.25
2008-04-28,17.97
2008-04-29,18.75
2008-04-30,19.03
2008-05-01,19.64
2008-05-02,19.5
2008-05-05,19.24
2008-05-06,18.84
2008-05-07,18.37
2008-05-08,17.74
2008-05-09,17.9
2008-05-12,18.25
2008-05-13,18.22
2008-05-14,18.4
2008-05-15,18.36
2008-05-16,17.49
2008-05-19,16.96
2008-05-20,16.91
2008-05-21,15.64
2008-05-22,15.48
2008-05-23,14.87
2008-05-27,15.5
2008-05-28,15
2008-05-29,15.55
2008-05-30,15.46
2008-06-02,15.43
2008-06-03,15.35
2008-06-04,15.97
2008-06-05,16.95
2008-06-06,15.87
2008-06-09,15.64
2008-06-10,15.24
2008-06-11,15.06
2008-06-12,14.49
2008-06-13,14.32
2008-06-16,14.31
2008-06-17,14.15
2008-06-18,13.82
2008-06-19,15.29
2008-06-20,13.88
2008-06-23,13.18
2008-06-24,13.1
2008-06-25,13.61
2008-06-26,12.84
2008-06-27,13.21
2008-06-30,12.65
2008-07-01,12.42
2008-07-02,11.84
2008-07-03,11.78
2008-07-07,11.92
2008-07-08,13.01
2008-07-09,12.23
2008-07-10,12.28
2008-07-11,12.1
2008-07-14,11.63
2008-07-15,11.45
2008-07-16,12.8
2008-07-17,13.74
2008-07-18,13.46
2008-07-21,13.97
2008-07-22,15.83
2008-07-23,16.13
2008-07-24,14.63
2008-07-25,15.09
2008-07-28,14.58
2008-07-29,15.74
2008-07-30,14.7
2008-07-31,15.22
2008-08-01,15.67
2008-08-04,15.65
2008-08-05,16.54
2008-08-06,16.71
2008-08-07,16.58
2008-08-08,17.42
2008-08-11,18.63
2008-08-12,18.2
2008-08-13,17.48
2008-08-14,17.52
2008-08-15,17.89
2008-08-18,17.17
2008-08-19,16.4
2008-08-20,15.95
2008-08-21,16
2008-08-22,17.12
2008-08-25,16.66
2008-08-26,16.48
2008-08-27,16.71
2008-08-28,17.46
2008-08-29,17.09
2008-09-02,17.56
2008-09-03,18
2008-09-04,17.46
2008-09-05,17.87
2008-09-08,18.27
2008-09-09,18.33
2008-09-10,18.23
2008-09-11,19
2008-09-12,19.02
2008-09-15,18.52
2008-09-16,20.64
2008-09-17,19.68
2008-09-18,19.1
2008-09-19,18.57
2008-09-22,17.3
2008-09-23,17.19
2008-09-24,16.7
2008-09-25,16.81
2008-09-26,16.97
2008-09-29,16.14
2008-09-30,15.98
2008-10-01,16.58
2008-10-02,15.97
2008-10-03,14.77
2008-10-06,14.4
2008-10-07,12.77
2008-10-08,12.32
2008-10-09,11.79
2008-10-10,13.75
2008-10-13,14.27
2008-10-14,13.32
2008-10-15,12.48
2008-10-16,14.34
2008-10-17,13.41
2008-10-20,13.46
2008-10-21,13.88
2008-10-22,13.13
2008-10-23,12.84
2008-10-24,12.14
2008-10-27,11.52
2008-10-28,12.42
2008-10-29,12.57
2008-10-30,13.75
2008-10-31,15.41
2008-11-03,16.33
2008-11-04,15.71
2008-11-05,14.42
2008-11-06,13.49
2008-11-07,13.85
2008-11-10,13.37
2008-11-11,13.65
2008-11-12,12.47
2008-11-13,13.2
2008-11-14,12.87
2008-11-17,12.93
2008-11-18,13.52
2008-11-19,12.51
2008-11-20,11.74
2008-11-21,11.98
2008-11-24,13.29
2008-11-25,14.04
2008-11-26,14.88
2008-11-28,15.2
2008-12-01,13.94
2008-12-02,15
2008-12-03,15.3
2008-12-04,14.42
2008-12-05,15.21
2008-12-08,16.1
2008-12-09,15.86
2008-12-10,16.14
2008-12-11,15.32
2008-12-12,15.95
2008-12-15,15.39
2008-12-16,16.39
2008-12-17,16.88
2008-12-18,16.67
2008-12-19,17.04
2008-12-22,17.16
2008-12-23,17.16
2008-12-24,17.58
2008-12-26,17.56
2008-12-29,17.65
2008-12-30,18.57
2008-12-31,18.6
2009-01-02,19.05
2009-01-05,18.63
2009-01-06,18.58
2009-01-07,18.58
2009-01-08,18.58
2009-01-09,17.65
2009-01-12,17.65
2009-01-13,17.51
2009-01-14,17.29
2009-01-15,17.4
2009-01-16,18.22
2009-01-20,16.82
2009-01-21,16.36
2009-01-22,16.4
2009-01-23,16.15
2009-01-26,16.04
2009-01-27,15.74
2009-01-28,16.98
2009-01-29,16.49
2009-01-30,15.65
2009-02-02,15.28
2009-02-03,15.55
2009-02-04,15.24
2009-02-05,15.54
2009-02-06,16.43
2009-02-09,16.5
2009-02-10,15.51
2009-02-11,14.26
2009-02-12,13.03
2009-02-13,12.51
2009-02-17,11.84
2009-02-18,11.19
2009-02-19,10.94
2009-02-20,10.33
2009-02-23,10.64
2009-02-24,11.29
2009-02-25,10.88
2009-02-26,10.72
2009-02-27,10.24
2009-03-02,9.62
2009-03-03,8.5
2009-03-04,9.19
2009-03-05,8.19
2009-03-06,8.91
2009-03-09,8.6
2009-03-10,10.01
2009-03-11,10.2
2009-03-12,11.33
2009-03-13,12.02
2009-03-16,11.49
2009-03-17,12.33
2009-03-18,12.83
2009-03-19,12.3
2009-03-20,11.92
2009-03-23,12.52
2009-03-24,12.12
2009-03-25,12.52
2009-03-26,13.51
2009-03-27,13.25
2009-03-30,12.38
2009-03-31,12.44
2009-04-01,12.72
2009-04-02,14
2009-04-03,14.12
2009-04-06,14.24
2009-04-07,13.64
2009-04-08,14.22
2009-04-09,15.36
2009-04-13,15.47
2009-04-14,14.78
2009-04-15,12.69
2009-04-16,13.16
2009-04-17,13.29
2009-04-20,12.4
2009-04-21,13.64
2009-04-22,13.85
2009-04-23,13.84
2009-04-24,13.54
2009-04-27,12.51
2009-04-28,12.07
2009-04-29,12.26
2009-04-30,12.04
2009-05-01,12.37
2009-05-04,12.9
2009-05-05,12.86
2009-05-06,12.795
2009-05-07,11.95
2009-05-08,12.68
2009-05-11,12.49
2009-05-12,11.68
2009-05-13,10.73
2009-05-14,11.11
2009-05-15,10.98
2009-05-18,11.15
2009-05-19,11
2009-05-20,10.86
2009-05-21,10.66
2009-05-22,10.58
2009-05-26,10.91
2009-05-27,10.28
2009-05-28,10.19
2009-05-29,10.23
2009-06-01,10.79
2009-06-02,11.05
2009-06-03,10.94
2009-06-04,10.77
2009-06-05,10.73
2009-06-08,10.35
2009-06-09,10.33
2009-06-10,10.04
2009-06-11,10.02
2009-06-12,10
2009-06-15,9.72
2009-06-16,9.76
2009-06-17,9.99
2009-06-18,10.2
2009-06-19,10.25
2009-06-22,9.69
2009-06-23,9.66
2009-06-24,9.77
2009-06-25,10.17
2009-06-26,10.21
2009-06-29,10.62
2009-06-30,10.2
2009-07-01,10.57
2009-07-02,10.28
2009-07-06,10.71
2009-07-07,10.45
2009-07-08,10.44
2009-07-09,10.46
2009-07-10,10.63
2009-07-13,10.88
2009-07-14,11.01
2009-07-15,11.58
2009-07-16,11.63
2009-07-17,11.34
2009-07-20,11.65
2009-07-21,11.25
2009-07-22,11.33
2009-07-23,11.53
2009-07-24,11.89
2009-07-27,11.94
2009-07-28,12.25
2009-07-29,12.35
2009-07-30,12.62
2009-07-31,12.68
2009-08-03,12.68
2009-08-04,13.04
2009-08-05,13.34
2009-08-06,13.49
2009-08-07,13.74
2009-08-10,13.75
2009-08-11,13.82
2009-08-12,14.25
2009-08-13,14.61
2009-08-14,14.54
2009-08-17,14.65
2009-08-18,14.82
2009-08-19,14.57
2009-08-20,14.75
2009-08-21,15.26
2009-08-24,15.12
2009-08-25,15.6
2009-08-26,15.65
2009-08-27,15.6
2009-08-28,15.66
2009-08-31,15.45
2009-09-01,14.92
2009-09-02,14.98
2009-09-03,15.21
2009-09-04,15.8
2009-09-08,15.89
2009-09-09,16.33
2009-09-10,16.89
2009-09-11,16.82
2009-09-14,16.97
2009-09-15,17.58
2009-09-16,17.83
2009-09-17,18.04
2009-09-18,17.95
2009-09-21,18.04
2009-09-22,17.99
2009-09-23,17.43
2009-09-24,17.05
2009-09-25,17.44
2009-09-28,17.15
2009-09-29,17.03
2009-09-30,16.58
2009-10-01,15.98
2009-10-02,16.15
2009-10-05,16.39
2009-10-06,17.16
2009-10-07,16.51
2009-10-08,17.16
2009-10-09,16.92
2009-10-12,16.66
2009-10-13,16.68
2009-10-14,17.08
2009-10-15,16.8
2009-10-16,16.51
2009-10-19,16.87
2009-10-20,16.74
2009-10-21,15.78
2009-10-22,15.36
2009-10-23,15.03
2009-10-26,14.74
2009-10-27,14.82
2009-10-28,14.33
2009-10-29,14.42
2009-10-30,13.97
2009-11-02,13.99
2009-11-03,14.31
2009-11-04,14.01
2009-11-05,14.69
2009-11-06,15.12
2009-11-09,15.4
2009-11-10,15.4
2009-11-11,15.63
2009-11-12,15.19
2009-11-13,15.35
2009-11-16,15.75
2009-11-17,15.72
2009-11-18,15.42
2009-11-19,14.89
2009-11-20,15.03
2009-11-23,15.08
2009-11-24,14.8
2009-11-25,14.82
2009-11-27,14.55
2009-11-30,14.71
2009-12-01,15.11
2009-12-02,16
2009-12-03,16.46
2009-12-04,17.36
2009-12-07,16.83
2009-12-08,16.86
2009-12-09,16.48
2009-12-10,16.35
2009-12-11,16.92
2009-12-14,17.46
2009-12-15,16.86
2009-12-16,17.22
2009-12-17,17.34
2009-12-18,17.8
2009-12-21,17.41
2009-12-22,17.68
2009-12-23,17.99
2009-12-24,18.02
2009-12-28,17.57
2009-12-29,17.28
2009-12-30,17.16
2009-12-31,16.92
2010-01-04,16.9
2010-01-05,17.28
2010-01-06,16.71
2010-01-07,17.01
2010-01-08,16.5
2010-01-11,16.36
2010-01-12,15.58
2010-01-13,16.12
2010-01-14,16.34
2010-01-15,15.9
2010-01-19,16.15
2010-01-20,15.59
2010-01-21,15.7
2010-01-22,15.59
2010-01-25,15.47
2010-01-26,15.16
2010-01-27,15.42
2010-01-28,14.84
2010-01-29,14.63
2010-02-01,14.98
2010-02-02,15.215
2010-02-03,14.49
2010-02-04,13.98
2010-02-05,14.09
2010-02-08,13.86
2010-02-09,14.25
2010-02-10,14.4
2010-02-11,14.32
2010-02-12,14
2010-02-16,14.3
2010-02-17,14.52
2010-02-18,14.8
2010-02-19,14.95
2010-02-22,14.87
2010-02-23,14.84
2010-02-24,14.91
2010-02-25,14.56
2010-02-26,14.76
2010-03-01,15.29
2010-03-02,14.94
2010-03-03,14.89
2010-03-04,14.79
2010-03-05,15.16
2010-03-08,14.75
2010-03-09,14.85
2010-03-10,15
2010-03-11,14.93
2010-03-12,14.75
2010-03-15,14.63
2010-03-16,14.6
2010-03-17,14.53
2010-03-18,14.59
2010-03-19,14.69
2010-03-22,14.97
2010-03-23,14.81
2010-03-24,14.64
2010-03-25,14.54
2010-03-26,14.68
2010-03-29,14.45
2010-03-30,14.44
2010-03-31,14.28
2010-04-01,14.24
2010-04-05,14.26
2010-04-06,14.33
2010-04-07,14.28
2010-04-08,14.25
2010-04-09,14.29
2010-04-12,14.35
2010-04-13,14.35
2010-04-14,14.5
2010-04-15,14.83
2010-04-16,14.49
2010-04-19,14.44
2010-04-20,14.35
2010-04-21,14.36
2010-04-22,14.25
2010-04-23,14.58
2010-04-26,14.66
2010-04-27,14.28
2010-04-28,14.52
2010-04-29,15.49
2010-04-30,14.98
2010-05-03,15.17
2010-05-04,14.72
2010-05-05,14.34
2010-05-06,13.53
2010-05-07,13.131
2010-05-10,14.13
2010-05-11,14.36
2010-05-12,14.76
2010-05-13,14.47
2010-05-14,14.43
2010-05-17,14.67
2010-05-18,14.61
2010-05-19,14.68
2010-05-20,14.46
2010-05-21,14.89
2010-05-24,14.78
2010-05-25,14.88
2010-05-26,14.74
2010-05-27,15.03
2010-05-28,14.665
2010-06-01,13.68
2010-06-02,13.85
2010-06-03,13.51
2010-06-04,13.04
2010-06-07,12.97
2010-06-08,12.95
2010-06-09,12.99
2010-06-10,13.19
2010-06-11,13.35
2010-06-14,13.46
2010-06-15,13.74
2010-06-16,13.49
2010-06-17,13.56
2010-06-18,13.51
2010-06-21,13.5
2010-06-22,13.51
2010-06-23,13.49
2010-06-24,13.14
2010-06-25,12.74
2010-06-28,12.74
2010-06-29,12.17
2010-06-30,12.22
2010-07-01,12.01
2010-07-02,11.82
2010-07-06,11.48
2010-07-07,11.91
2010-07-08,11.91
2010-07-09,12.14
2010-07-12,12.09
2010-07-13,12.32
2010-07-14,12.3
2010-07-15,12.27
2010-07-16,11.94
2010-07-19,12.01
2010-07-20,12.13
2010-07-21,12
2010-07-22,12.51
2010-07-23,12.52
2010-07-26,12.67
2010-07-27,12.83
2010-07-28,12.49
2010-07-29,12.52
2010-07-30,12.45
2010-08-02,12.76
2010-08-03,12.41
2010-08-04,12.52
2010-08-05,12.4
2010-08-06,12.34
2010-08-09,13.01
2010-08-10,13.47
2010-08-11,13.16
2010-08-12,13.17
2010-08-13,13.06
2010-08-16,13.01
2010-08-17,13.26
2010-08-18,13.39
2010-08-19,12.76
2010-08-20,12.52
2010-08-23,12.23
2010-08-24,12.15
2010-08-25,12.3
2010-08-26,12.06
2010-08-27,12.35
2010-08-30,12.1
2010-08-31,12.74
2010-09-01,13.41
2010-09-02,13.15
2010-09-03,13.47
2010-09-07,13.02
2010-09-08,13
2010-09-09,12.94
2010-09-10,12.97
2010-09-13,13.32
2010-09-14,13.38
2010-09-15,13.61
2010-09-16,13.54
2010-09-17,13.6
2010-09-20,14.05
2010-09-21,13.9
2010-09-22,13.78
2010-09-23,13.53
2010-09-24,13.95
2010-09-27,13.74
2010-09-28,14.02
2010-09-29,13.92
2010-09-30,13.96
2010-10-01,14.05
2010-10-04,13.73
2010-10-05,14.18
2010-10-06,14.25
2010-10-07,14.04
2010-10-08,14.24
2010-10-11,14.02
2010-10-12,13.99
2010-10-13,14.43
2010-10-14,14.82
2010-10-15,14.58
2010-10-18,14.87
2010-10-19,14.48
2010-10-20,15.01
2010-10-21,14.89
2010-10-22,14.83
2010-10-25,15.19
2010-10-26,15.06
2010-10-27,14.98
2010-10-28,15.11
2010-10-29,15.16
2010-11-01,15.17
2010-11-02,15.51
2010-11-03,15.4
2010-11-04,15.67
2010-11-05,15.88
2010-11-08,16.05
2010-11-09,15.89
2010-11-10,16.05
2010-11-11,15.99
2010-11-12,15.72
2010-11-15,15.86
2010-11-16,15.5
2010-11-17,15.65
2010-11-18,15.84
2010-11-19,16.01
2010-11-22,16.07
2010-11-23,15.73
2010-11-24,16.19
2010-11-26,16.17
2010-11-29,16.2
2010-11-30,16.19
2010-12-01,16.66
2010-12-02,16.68
2010-12-03,16.67
2010-12-06,16.65
2010-12-07,16.53
2010-12-08,16.35
2010-12-09,16.26
2010-12-10,16.18
2010-12-13,16.27
2010-12-14,16.54
2010-12-15,16.36
2010-12-16,16.7
2010-12-17,16.72
2010-12-20,16.48
2010-12-21,16.63
2010-12-22,16.39
2010-12-23,16.355
2010-12-27,16.37
2010-12-28,16.32
2010-12-29,16.26
2010-12-30,16.16
2010-12-31,15.62
2011-01-03,15.96
2011-01-04,16
2011-01-05,16.61
2011-01-06,16.51
2011-01-07,16.72
2011-01-10,16.52
2011-01-11,16.27
2011-01-12,16.54
2011-01-13,16.6
2011-01-14,16.51
2011-01-18,15.91
2011-01-19,15.18
2011-01-20,15.21
2011-01-21,15.17
2011-01-24,15.32
2011-01-25,15.34
2011-01-26,15.96
2011-01-27,16.12
2011-01-28,15.14
2011-01-31,15.05
2011-02-01,15.52
2011-02-02,15.505
2011-02-03,15.4
2011-02-04,15.42
2011-02-07,15.49
2011-02-08,15.55
2011-02-09,15.35
2011-02-10,15.54
2011-02-11,15.94
2011-02-14,15.76
2011-02-15,15.69
2011-02-16,15.71
2011-02-17,15.67
2011-02-18,15.74
2011-02-22,15.25
2011-02-23,15.87
2011-02-24,15.9
2011-02-25,15.73
2011-02-28,16.5
2011-03-01,16.05
2011-03-02,15.84
2011-03-03,16.12
2011-03-04,15.91
2011-03-07,16.4
2011-03-08,17.025
2011-03-09,17.08
2011-03-10,16.86
2011-03-11,16.88
2011-03-14,16.69
2011-03-15,16.68
2011-03-16,16.11
2011-03-17,15.76
2011-03-18,16.2
2011-03-21,16.48
2011-03-22,16.39
2011-03-23,16.36
2011-03-24,16.73
2011-03-25,16.9
2011-03-28,16.98
2011-03-29,16.89
2011-03-30,17.08
2011-03-31,16.92
2011-04-01,16.36
2011-04-04,16.49
2011-04-05,16.18
2011-04-06,16.47
2011-04-07,16.24
2011-04-08,15.8
2011-04-11,15.9
2011-04-12,15.79
2011-04-13,15.74
2011-04-14,15.67
2011-04-15,15.83
2011-04-18,15.57
2011-04-19,15.7
2011-04-20,15.98
2011-04-21,15.74
2011-04-25,15.8
2011-04-26,16.26
2011-04-27,16.31
2011-04-28,16.41
2011-04-29,16.52
2011-05-02,16.67
2011-05-03,16.76
2011-05-04,16.55
2011-05-05,15.66
2011-05-06,15.84
2011-05-09,15.51
2011-05-10,15.7
2011-05-11,15.46
2011-05-12,15.69
2011-05-13,15.395
2011-05-16,15.36
2011-05-17,15.47
2011-05-18,15.65
2011-05-19,15.715
2011-05-20,15.49
2011-05-23,15.625
2011-05-24,15.35
2011-05-25,15.26
2011-05-26,15.24
2011-05-27,15.16
2011-05-31,15.43
2011-06-01,15.01
2011-06-02,15.31
2011-06-03,15.16
2011-06-06,15.14
2011-06-07,15.09
2011-06-08,15.05
2011-06-09,14.99
2011-06-10,14.61
2011-06-13,14.84
2011-06-14,14.81
2011-06-15,14.39
2011-06-16,14.62
2011-06-17,14.64
2011-06-20,14.81
2011-06-21,14.86
2011-06-22,14.76
2011-06-23,14.93
2011-06-24,14.86
2011-06-27,15.06
2011-06-28,15.12
2011-06-29,15.04
2011-06-30,15.06
2011-07-01,15.32
2011-07-05,15.09
2011-07-06,15.34
2011-07-07,15.49
2011-07-08,15.39
2011-07-11,15.14
2011-07-12,15.16
2011-07-13,15.11
2011-07-14,14.97
2011-07-15,14.72
2011-07-18,12.3
2011-07-19,12.37
2011-07-20,12.31
2011-07-21,12.73
2011-07-22,12.66
2011-07-25,12.5
2011-07-26,12.56
2011-07-27,12.56
2011-07-28,12.54
2011-07-29,12.86
2011-08-01,12.91
2011-08-02,12.87
2011-08-03,13.3
2011-08-04,12.97
2011-08-05,13
2011-08-08,12.77
2011-08-09,12.95
2011-08-10,12.22
2011-08-11,12.54
2011-08-12,12.66
2011-08-15,13
2011-08-16,12.98
2011-08-17,13.01
2011-08-18,12.88
2011-08-19,12.07
2011-08-22,12.07
2011-08-23,12.58
2011-08-24,12.65
2011-08-25,12.28
2011-08-26,12
2011-08-29,12.95
2011-08-30,12.73
2011-08-31,12.75
2011-09-01,12.49
2011-09-02,12.12
2011-09-06,12.09
2011-09-07,12.65
2011-09-08,12.29
2011-09-09,11.91
2011-09-12,12.01
2011-09-13,12.46
2011-09-14,12.68
2011-09-15,12.66
2011-09-16,12.51
2011-09-19,12.47
2011-09-20,12.31
2011-09-21,11.65
2011-09-22,10.95
2011-09-23,11.32
2011-09-26,11.79
2011-09-27,11.94
2011-09-28,11.52
2011-09-29,12
2011-09-30,11.51
2011-10-03,10.51
2011-10-04,11.38
2011-10-05,11.28
2011-10-06,11.67
2011-10-07,11.6
2011-10-10,11.98
2011-10-11,12.07
2011-10-12,12.21
2011-10-13,12.29
2011-10-14,12.21
2011-10-17,12.1
2011-10-18,12.49
2011-10-19,12.17
2011-10-20,12.62
2011-10-21,12.77
2011-10-24,13.06
2011-10-25,12.69
2011-10-26,12.9
2011-10-27,13.67
2011-10-28,13.59
2011-10-31,13.41
2011-11-01,13.3
2011-11-02,11.51
2011-11-03,11.57
2011-11-04,11.64
2011-11-07,11.85
2011-11-08,12.08
2011-11-09,11.7
2011-11-10,12
2011-11-11,12.1
2011-11-14,11.93
2011-11-15,12.16
2011-11-16,12.04
2011-11-17,11.84
2011-11-18,11.9
2011-11-21,11.7
2011-11-22,11.84
2011-11-23,11.38
2011-11-25,11.1
2011-11-28,11.33
2011-11-29,11.33
2011-11-30,12.13
2011-12-01,12
2011-12-02,11.96
2011-12-05,12.18
2011-12-06,12.37
2011-12-07,12.58
2011-12-08,11.62
2011-12-09,12.25
2011-12-12,12.26
2011-12-13,11.94
2011-12-14,12.02
2011-12-15,12.36
2011-12-16,12.68
2011-12-19,12.31
2011-12-20,12.77
2011-12-21,12.78
2011-12-22,12.94
2011-12-23,12.83
2011-12-27,12.83
2011-12-28,12.53
2011-12-29,12.82
2011-12-30,12.59
2012-01-03,12.85
2012-01-04,12.98
2012-01-05,12.92
2012-01-06,12.8
2012-01-09,13
2012-01-10,13.23
2012-01-11,13.34
2012-01-12,13.47
2012-01-13,13.13
2012-01-17,13.18
2012-01-18,13.59
2012-01-19,13.78
2012-01-20,13.94
2012-01-23,13.94
2012-01-24,13.76
2012-01-25,12.64
2012-01-26,12.73
2012-01-27,12.79
2012-01-30,12.75
2012-01-31,12.8
2012-02-01,13.19
2012-02-02,13.68
2012-02-03,14.05
2012-02-06,13.61
2012-02-07,13.44
2012-02-08,13.31
2012-02-09,13.36
2012-02-10,13.2
2012-02-13,13.2
2012-02-14,13.19
2012-02-15,13.06
2012-02-16,13.26
2012-02-17,12.94
2012-02-21,12.4
2012-02-22,11.99
2012-02-23,12
2012-02-24,11.71
2012-02-27,11.61
2012-02-28,11.57
2012-02-29,11.42
2012-03-01,11.41
2012-03-02,11.2
2012-03-05,11.15
2012-03-06,10.985
2012-03-07,11.12
2012-03-08,11.27
2012-03-09,11.24
2012-03-12,11.17
2012-03-13,11.43
2012-03-14,11.31
2012-03-15,11.53
2012-03-16,11.1
2012-03-19,11.33
2012-03-20,11.37
2012-03-21,11.18
2012-03-22,10.81
2012-03-23,11.06
2012-03-26,11.42
2012-03-27,11.15
2012-03-28,11.29
2012-03-29,11.25
2012-03-30,11.05
2012-04-02,11.04
2012-04-03,11.04
2012-04-04,10.83
2012-04-05,10.69
2012-04-09,10.56
2012-04-10,10.4
2012-04-11,10.6
2012-04-12,10.68
2012-04-13,10.27
2012-04-16,10.19
2012-04-17,10.2
2012-04-18,9.68
2012-04-19,9.89
2012-04-20,9.85
2012-04-23,9.61
2012-04-24,9.56
2012-04-25,9.48
2012-04-26,8.77
2012-04-27,8.92
2012-04-30,8.99
2012-05-01,8.77
2012-05-02,8.96
2012-05-03,9.06
2012-05-04,8.915
2012-05-07,9.34
2012-05-08,8.72
2012-05-09,8.59
2012-05-10,8.39
2012-05-11,8.4
2012-05-14,8.38
2012-05-15,8.38
2012-05-16,8.37
2012-05-17,8.04
2012-05-18,7.87
2012-05-21,7.74
2012-05-22,7.39
2012-05-23,7.26
2012-05-24,7.42
2012-05-25,7.49
2012-05-29,7.29
2012-05-30,7.06
2012-05-31,7.05
2012-06-01,6.7
2012-06-04,6.46
2012-06-05,6.36
2012-06-06,6.65
2012-06-07,6.7
2012-06-08,6.71
2012-06-11,6.55
2012-06-12,6.57
2012-06-13,6.68
2012-06-14,6.76
2012-06-15,6.7
2012-06-18,6.72
2012-06-19,6.86
2012-06-20,6.94
2012-06-21,6.74
2012-06-22,6.85
2012-06-25,6.78
2012-06-26,6.53
2012-06-27,6.66
2012-06-28,6.42
2012-06-29,6.53
2012-07-02,6.73
2012-07-03,6.74
2012-07-05,6.73
2012-07-06,6.97
2012-07-09,6.78
2012-07-10,6.86
2012-07-11,7.85
2012-07-12,7.75
2012-07-13,7.96
2012-07-16,7.95
2012-07-17,8.04
2012-07-18,8.14
2012-07-19,8.03
2012-07-20,7.74
2012-07-23,7.32
2012-07-24,6.8
2012-07-25,6.81
2012-07-26,6.8
2012-07-27,7.02
2012-07-30,6.96
2012-07-31,7
2012-08-01,6.55
2012-08-02,6.31
2012-08-03,6.42
2012-08-06,6.61
2012-08-07,6.69
2012-08-08,8.17
2012-08-09,7.97
2012-08-10,8.21
2012-08-13,8.09
2012-08-14,8.24
2012-08-15,8.14
2012-08-16,8.35
2012-08-17,8.49
2012-08-20,8.65
2012-08-21,8.72
2012-08-22,8.67
2012-08-23,8.56
2012-08-24,8.47
2012-08-27,8.88
2012-08-28,8.73
2012-08-29,8.71
2012-08-30,8.72
2012-08-31,8.77
2012-09-04,8.93
2012-09-05,9.06
2012-09-06,9.05
2012-09-07,9.19
2012-09-10,9.2
2012-09-11,9.395
2012-09-12,9.85
2012-09-13,10.21
2012-09-14,10.8
2012-09-17,10.87
2012-09-18,10.79
2012-09-19,10.75
2012-09-20,10.57
2012-09-21,10.46
2012-09-24,10.47
2012-09-25,10.3
2012-09-26,10.53
2012-09-27,10.6
2012-09-28,10.33
2012-10-01,10.61
2012-10-02,10.69
2012-10-03,10.7
2012-10-04,11.03
2012-10-05,11.03
2012-10-08,11.14
2012-10-09,11.01
2012-10-10,10.36
2012-10-11,10.64
2012-10-12,10.68
2012-10-15,10.955
2012-10-16,10.75
2012-10-17,11.45
2012-10-18,11.69
2012-10-19,11.43
2012-10-22,11.41
2012-10-23,11.4
2012-10-24,11.235
2012-10-25,11.16
2012-10-26,11.07
2012-10-31,10.94
2012-11-01,11.31
2012-11-02,11.33
2012-11-05,11.33
2012-11-06,11.57
2012-11-07,11.21
2012-11-08,11.32
2012-11-09,11.33
2012-11-12,11.62
2012-11-13,11.57
2012-11-14,11.16
2012-11-15,11.23
2012-11-16,11.07
2012-11-19,11.35
2012-11-20,11.47
2012-11-21,11.2
2012-11-23,11.21
2012-11-26,11.13
2012-11-27,11.29
2012-11-28,11.42
2012-11-29,11.44
2012-11-30,11.59
2012-12-03,11.4
2012-12-04,11.49
2012-12-05,11.57
2012-12-06,11.4
2012-12-07,11.555
2012-12-10,11.75
2012-12-11,12
2012-12-12,11.9
2012-12-13,11.84
2012-12-14,11.89
2012-12-17,12.38
2012-12-18,12.63
2012-12-19,12.8
2012-12-20,12.94
2012-12-21,12.87
2012-12-24,12.81
2012-12-26,12.5
2012-12-27,12.46
2012-12-28,12.3
2012-12-31,12.46
2013-01-02,12.71
2013-01-03,12.78
2013-01-04,13.48
2013-01-07,13.37
2013-01-08,13.46
2013-01-09,13.63
2013-01-10,13.28
2013-01-11,13.6
2013-01-14,13.66
2013-01-15,13.44
2013-01-16,13.54
2013-01-17,13.63
2013-01-18,13.61
2013-01-22,13.85
2013-01-23,13.82
2013-01-24,12.87
2013-01-25,12.94
2013-01-28,12.97
2013-01-29,12.97
2013-01-30,12.63
2013-01-31,12.64
2013-02-01,12.81
2013-02-04,12.32
2013-02-05,12.44
2013-02-06,12.89
2013-02-07,12.63
2013-02-08,12.71
2013-02-11,12.95
2013-02-12,12.84
2013-02-13,13.24
2013-02-14,12.745
2013-02-15,12.99
2013-02-19,13.725
2013-02-20,13.39
2013-02-21,13.53
2013-02-22,13.86
2013-02-25,13.69
2013-02-26,13.73
2013-02-27,13.92
2013-02-28,14
2013-03-01,14.22
2013-03-04,14.64
2013-03-05,14.63
2013-03-06,14.84
2013-03-07,14.97
2013-03-08,14.94
2013-03-11,14.92
2013-03-12,15.12
2013-03-13,15.52
2013-03-14,15.67
2013-03-15,15.639
2013-03-18,16.09
2013-03-19,16.065
2013-03-20,16.1
2013-03-21,15.97
2013-03-22,15.98
2013-03-25,15.68
2013-03-26,15.81
2013-03-27,16.03
2013-03-28,16.05
2013-04-01,16.11
2013-04-02,14.74
2013-04-03,13.96
2013-04-04,14.48
2013-04-05,14.7
2013-04-08,15.19
2013-04-09,14.94
2013-04-10,15.3
2013-04-11,15.54
2013-04-12,15.07
2013-04-15,13.94
2013-04-16,14.31
2013-04-17,13.93
2013-04-18,13.99
2013-04-19,14.28
2013-04-22,14.03
2013-04-23,14.14
2013-04-24,14.25
2013-04-25,13.83
2013-04-26,13.97
2013-04-29,14.1
2013-04-30,14.31
2013-05-01,14
2013-05-02,14.54
2013-05-03,14.69
2013-05-06,14.82
2013-05-07,15.25
2013-05-08,14.37
2013-05-09,14.07
2013-05-10,14.4
2013-05-13,14.54
2013-05-14,14.44
2013-05-15,14.53
2013-05-16,14.17
2013-05-17,14.2
2013-05-20,14.18
2013-05-21,14.26
2013-05-22,14.15
2013-05-23,14.51
2013-05-24,14.385
2013-05-28,14.33
2013-05-29,14.08
2013-05-30,13.98
2013-05-31,14.02
2013-06-03,14.45
2013-06-04,14.11
2013-06-05,13.24
2013-06-06,13.19
2013-06-07,13.71
2013-06-10,13.81
2013-06-11,13.75
2013-06-12,13.93
2013-06-13,14.28
2013-06-14,14.2
2013-06-17,14.44
2013-06-18,14.55
2013-06-19,14.28
2013-06-20,13.76
2013-06-21,13.61
2013-06-24,13.5
2013-06-25,13.77
2013-06-26,13.56
2013-06-27,13.87
2013-06-28,13.54
2013-07-01,13.99
2013-07-02,13.57
2013-07-03,13.73
2013-07-05,13.995
2013-07-08,14.01
2013-07-09,14.25
2013-07-10,14.53
2013-07-11,14.65
2013-07-12,14.81
2013-07-15,15.23
2013-07-16,14.77
2013-07-17,15.23
2013-07-18,15.4
2013-07-19,15.09
2013-07-22,15.54
2013-07-23,15.47
2013-07-24,15.23
2013-07-25,15.36
2013-07-26,15.32
2013-07-29,15.02
2013-07-30,14.93
2013-07-31,15.12
2013-08-01,15.29
2013-08-02,15.4
2013-08-05,15.29
2013-08-06,15.28
2013-08-07,15.3
2013-08-08,15.36
2013-08-09,15.22
2013-08-12,15.47
2013-08-13,14.63
2013-08-14,14.32
2013-08-15,13.95
2013-08-16,13.45
2013-08-19,12.86
2013-08-20,13
2013-08-21,12.81
2013-08-22,13.03
2013-08-23,13.37
2013-08-26,13.09
2013-08-27,12.55
2013-08-28,12.39
2013-08-29,13
2013-08-30,12.89
2013-09-03,12.72
2013-09-04,12.84
2013-09-05,12.97
2013-09-06,12.9
2013-09-09,13.46
2013-09-10,14.24
2013-09-11,14.06
2013-09-12,13.93
2013-09-13,14.51
2013-09-16,14.39
2013-09-17,14.95
2013-09-18,15.25
2013-09-19,15.29
2013-09-20,15.28
2013-09-23,15.01
2013-09-24,15.23
2013-09-25,15.01
2013-09-26,15.01
2013-09-27,14.72
2013-09-30,14.52
2013-10-01,14.86
2013-10-02,14.4
2013-10-03,14.16
2013-10-04,14.32
2013-10-07,14.04
2013-10-08,13.73
2013-10-09,13.57
2013-10-10,13.9
2013-10-11,14.19
2013-10-14,14.22
2013-10-15,14.38
2013-10-16,14.34
2013-10-17,14.48
2013-10-18,14.61
2013-10-21,14.64
2013-10-22,15
2013-10-23,14.79
2013-10-24,15.31
2013-10-25,15.18
2013-10-28,15.23
2013-10-29,15.17
2013-10-30,15.25
2013-10-31,15.04
2013-11-01,15.12
2013-11-04,15.49
2013-11-05,16.21
2013-11-06,16.61
2013-11-07,15.36
2013-11-08,15.75
2013-11-11,15.515
2013-11-12,15.83
2013-11-13,15.86
2013-11-14,16
2013-11-15,16.23
2013-11-18,16.07
2013-11-19,16.01
2013-11-20,15.99
2013-11-21,16.17
2013-11-22,16.33
2013-11-25,16.8
2013-11-26,16.47
2013-11-27,17.05
2013-11-29,16.9
2013-12-02,16.48
2013-12-03,15.86
2013-12-04,15.46
2013-12-05,15.15
2013-12-06,15.32
2013-12-09,15.4
2013-12-10,14.98
2013-12-11,15.11
2013-12-12,15.26
2013-12-13,15.22
2013-12-16,14.89
2013-12-17,14.59
2013-12-18,14.78
2013-12-19,14.77
2013-12-20,15.19
2013-12-23,15.12
2013-12-24,14.93
2013-12-26,14.89
2013-12-27,14.62
2013-12-30,14.82
2013-12-31,14.83
2014-01-02,14.79
2014-01-03,14.98
2014-01-06,14.7
2014-01-07,14.61
2014-01-08,14.86
2014-01-09,13.92
2014-01-10,14.32
2014-01-13,14.08
2014-01-14,14.21
2014-01-15,14.46
2014-01-16,14.5
2014-01-17,14.51
2014-01-21,14.65
2014-01-22,14.95
2014-01-23,14.85
2014-01-24,14.12
2014-01-27,14.01
2014-01-28,14.17
2014-01-29,13.57
2014-01-30,13.5
2014-01-31,13.01
2014-02-03,12.16
2014-02-04,11.98
2014-02-05,11.77
2014-02-06,12.02
2014-02-07,12.25
2014-02-10,12.25
2014-02-11,12.11
2014-02-12,12.05
2014-02-13,12.5
2014-02-14,12.34
2014-02-18,12.1
2014-02-19,11.93
2014-02-20,11.96
2014-02-21,12.4
2014-02-24,12.42
2014-02-25,12.36
2014-02-26,12.44
2014-02-27,12.5
2014-02-28,12.7
2014-03-03,12.58
2014-03-04,12.705
2014-03-05,12.66
2014-03-06,12.84
2014-03-07,12.86
2014-03-10,13.02
2014-03-11,12.69
2014-03-12,12.64
2014-03-13,12.43
2014-03-14,12.39
2014-03-17,12.37
2014-03-18,12.68
2014-03-19,12.71
2014-03-20,12.83
2014-03-21,12.49
2014-03-24,13.01
2014-03-25,13.1
2014-03-26,12.66
2014-03-27,12.15
2014-03-28,12.28
2014-03-31,12.76
2014-04-01,13.26
2014-04-02,13.59
2014-04-03,13.61
2014-04-04,13.42
2014-04-07,13.55
2014-04-08,13.47
2014-04-09,13.72
2014-04-10,13.43
2014-04-11,12.9
2014-04-14,12.58
2014-04-15,12.41
2014-04-16,12.58
2014-04-17,12.77
2014-04-21,12.5
2014-04-22,12.16
2014-04-23,12.19
2014-04-24,12.33
2014-04-25,12.05
2014-04-28,11.21
2014-04-29,11.52
2014-04-30,11.6
2014-05-01,12.01
2014-05-02,11.89
2014-05-05,12
2014-05-06,11.85
2014-05-07,11.93
2014-05-08,11.79
2014-05-09,11.82
2014-05-12,12.16
2014-05-13,11.99
2014-05-14,11.4
2014-05-15,11.36
2014-05-16,11.34
2014-05-19,11.61
2014-05-20,11.42
2014-05-21,11.4
2014-05-22,11.54
2014-05-23,11.77
2014-05-27,11.87
2014-05-28,11.755
2014-05-29,11.64
2014-05-30,11.44
2014-06-02,11.37
2014-06-03,11.38
2014-06-04,11.46
2014-06-05,12.19
2014-06-06,12.55
2014-06-09,12.78
2014-06-10,12.54
2014-06-11,12.14
2014-06-12,11.94
2014-06-13,11.93
2014-06-16,11.6
2014-06-17,11.67
2014-06-18,11.76
2014-06-19,12.06
2014-06-20,12.08
2014-06-23,11.96
2014-06-24,11.83
2014-06-25,11.91
2014-06-26,11.91
2014-06-27,12.18
2014-06-30,12.22
2014-07-01,12.54
2014-07-02,12.66
2014-07-03,12.62
2014-07-07,12.5
2014-07-08,12.51
2014-07-09,12.59
2014-07-10,12.33
2014-07-11,12.46
2014-07-14,12.36
2014-07-15,12.3
2014-07-16,12.16
2014-07-17,11.685
2014-07-18,11.87
2014-07-21,11.63
2014-07-22,11.82
2014-07-23,12.04
2014-07-24,11.7
2014-07-25,11.65
2014-07-28,10.67
2014-07-29,10.7
2014-07-30,10.95
2014-07-31,10.69
2014-08-01,10.21
2014-08-04,9.98
2014-08-05,9.93
2014-08-06,9.12
2014-08-07,8.86
2014-08-08,9.26
2014-08-11,9.24
2014-08-12,9.2
2014-08-13,9.21
2014-08-14,9.44
2014-08-15,9.39
2014-08-18,9.61
2014-08-19,9.84
2014-08-20,9.98
2014-08-21,10
2014-08-22,10.05
2014-08-25,10.05
2014-08-26,9.94
2014-08-27,9.3
2014-08-28,9.09
2014-08-29,8.97
2014-09-02,9.17
2014-09-03,9.1
2014-09-04,9.1
2014-09-05,9.06
2014-09-08,9.19
2014-09-09,8.94
2014-09-10,9.23
2014-09-11,9.21
2014-09-12,9.23
2014-09-15,8.85
2014-09-16,8.86
2014-09-17,8.71
2014-09-18,8.85
2014-09-19,9.05
2014-09-22,8.85
2014-09-23,8.71
2014-09-24,8.8
2014-09-25,8.36
2014-09-26,8.36
2014-09-29,8.07
2014-09-30,7.78
2014-10-01,7.39
2014-10-02,7.66
2014-10-03,7.75
2014-10-06,8.35
2014-10-07,8.18
2014-10-08,7.89
2014-10-09,7.57
2014-10-10,7.23
2014-10-13,7.07
2014-10-14,7.5
2014-10-15,8.02
2014-10-16,8.39
2014-10-17,7.88
2014-10-20,8.24
2014-10-21,8.61
2014-10-22,8.52
2014-10-23,8.66
2014-10-24,8.9
2014-10-27,8.87
2014-10-28,9.52
2014-10-29,9.41
2014-10-30,10.44
2014-10-31,11.52
2014-11-03,11.75
2014-11-04,12.39
2014-11-05,12.54
2014-11-06,12.55
2014-11-07,11.91
2014-11-10,12.36
2014-11-11,12.33
2014-11-12,12.25
2014-11-13,12.12
2014-11-14,12.13
2014-11-17,11.84
2014-11-18,12.14
2014-11-19,11.49
2014-11-20,11.86
2014-11-21,11.61
2014-11-24,12.22
2014-11-25,12.31
2014-11-26,12.34
2014-11-28,12.5
2014-12-01,12.15
2014-12-02,12.22
2014-12-03,12.37
2014-12-04,12.2
2014-12-05,12.34
2014-12-08,12.04
2014-12-09,11.72
2014-12-10,11.93
2014-12-11,11.95
2014-12-12,11.63
2014-12-15,11.465
2014-12-16,10.81
2014-12-17,11.41
2014-12-18,11.67
2014-12-19,11.89
2014-12-22,12.15
2014-12-23,11.91
2014-12-24,12.15
2014-12-26,12.29
2014-12-29,12.54
2014-12-30,12.87
2014-12-31,13.28
2015-01-02,13.24
2015-01-05,12.75
2015-01-06,12.15
2015-01-07,12.22
2015-01-08,12.62
2015-01-09,12.29
2015-01-12,12.4
2015-01-13,12.58
2015-01-14,12.24
2015-01-15,12.08
2015-01-16,12.21
2015-01-20,12.79
2015-01-21,12.81
2015-01-22,13.24
2015-01-23,13.21
2015-01-26,13.78
2015-01-27,13.51
2015-01-28,13.11
2015-01-29,13.62
2015-01-30,12.55
2015-02-02,12.3
2015-02-03,12.34
2015-02-04,12.76
2015-02-05,13.05
2015-02-06,13.19
2015-02-09,12.44
2015-02-10,12.73
2015-02-11,12.88
2015-02-12,11.96
2015-02-13,13.84
2015-02-17,13.51
2015-02-18,13.76
2015-02-19,13.76
2015-02-20,13.95
2015-02-23,14.84
2015-02-24,15.52
2015-02-25,15.06
2015-02-26,15
2015-02-27,14.62
2015-03-02,15.48
2015-03-03,15.56
2015-03-04,15.36
2015-03-05,15.48
2015-03-06,14.99
2015-03-09,15.23
2015-03-10,14.82
2015-03-11,14.83
2015-03-12,15.46
2015-03-13,15.29
2015-03-16,15.86
2015-03-17,15.81
2015-03-18,15.72
2015-03-19,15.71
2015-03-20,15.5
2015-03-23,15.6
2015-03-24,15.41
2015-03-25,14.57
2015-03-26,14.42
2015-03-27,14.77
2015-03-30,14.76
2015-03-31,14.61
2015-04-01,14.53
2015-04-02,14.12
2015-04-06,14.19
2015-04-07,14.22
2015-04-08,14.52
2015-04-09,14.33
2015-04-10,14.41
2015-04-13,14.55
2015-04-14,13.72
2015-04-15,13.58
2015-04-16,13.91
2015-04-17,13.98
2015-04-20,14.3
2015-04-21,14.22
2015-04-22,14.215
2015-04-23,13.81
2015-04-24,14.04
2015-04-27,13.85
2015-04-28,14.14
2015-04-29,13.75
2015-04-30,13.65
2015-05-01,16.12
2015-05-04,16.01
2015-05-05,15.71
2015-05-06,15.38
2015-05-07,16.05
2015-05-08,16.21
2015-05-11,16.88
2015-05-12,16.5
2015-05-13,16.15
2015-05-14,16.4
2015-05-15,16.4
2015-05-18,16.56
2015-05-19,16.91
2015-05-20,16.08
2015-05-21,15.34
2015-05-22,14.86
2015-05-26,14.62
2015-05-27,14.84
2015-05-28,14.68
2015-05-29,14.8
2015-06-01,15.07
2015-06-02,14.98
2015-06-03,14.935
2015-06-04,14.52
2015-06-05,14.83
2015-06-08,14.12
2015-06-09,13.97
2015-06-10,14.45
2015-06-11,14.48
2015-06-12,14.76
2015-06-15,14.35
2015-06-16,14.13
2015-06-17,14.2
2015-06-18,14.77
2015-06-19,15.56
2015-06-22,15.87
2015-06-23,15.86
2015-06-24,15.84
2015-06-25,15.87
2015-06-26,15.52
2015-06-29,14.59
2015-06-30,15.04
2015-07-01,14.68
2015-07-02,14.72
2015-07-06,14.59
2015-07-07,14.82
2015-07-08,14.09
2015-07-09,13.91
2015-07-10,14.32
2015-07-13,14.73
2015-07-14,14.53
2015-07-15,14.4
2015-07-16,14.28
2015-07-17,14.78
2015-07-20,14.73
2015-07-21,15.03
2015-07-22,15.23
2015-07-23,14.93
2015-07-24,14.17
2015-07-27,14.08
2015-07-28,14.08
2015-07-29,14.1
2015-07-30,13.99
2015-07-31,16.56
2015-08-03,17.1
2015-08-04,17.1
2015-08-05,17.24
2015-08-06,17.2
2015-08-07,17.09
2015-08-10,17.285
2015-08-11,17.74
2015-08-12,17.33
2015-08-13,17.24
2015-08-14,17.45
2015-08-17,17.9
2015-08-18,17.81
2015-08-19,17.58
2015-08-20,16.93
2015-08-21,16.48
2015-08-24,15.79
2015-08-25,15.52
2015-08-26,15.7
2015-08-27,16.14
2015-08-28,15.84
2015-08-31,15.9
2015-09-01,15.52
2015-09-02,16.27
2015-09-03,16.09
2015-09-04,16.99
2015-09-08,17.25
2015-09-09,17.06
2015-09-10,16.89
2015-09-11,16.99
2015-09-14,16.86
2015-09-15,17.26
2015-09-16,16.98
2015-09-17,17.27
2015-09-18,17.07
2015-09-21,16.95
2015-09-22,16.67
2015-09-23,17.21
2015-09-24,17.04
2015-09-25,16.74
2015-09-28,16.24
2015-09-29,16.18
2015-09-30,16.68
2015-10-01,16.81
2015-10-02,16.55
2015-10-05,17.43
2015-10-06,16.9
2015-10-07,16.85
2015-10-08,17.15
2015-10-09,17.29
2015-10-12,19.26
2015-10-13,17.91
2015-10-14,18.14
2015-10-15,19.09
2015-10-16,18.92
2015-10-19,19.39
2015-10-20,19.22
2015-10-21,19.27
2015-10-22,19.54
2015-10-23,19.9
2015-10-26,20.67
2015-10-27,19.5
2015-10-28,18.84
2015-10-29,18.85
2015-10-30,19.04
2015-11-02,19.5
2015-11-03,19.51
2015-11-04,19.42
2015-11-05,19.77
2015-11-06,20.21
2015-11-09,19.47
2015-11-10,19.63
2015-11-11,19.75
2015-11-12,19.32
2015-11-13,19.65
2015-11-16,19.49
2015-11-17,19.5
2015-11-18,19.74
2015-11-19,19.98
2015-11-20,20.58
2015-11-23,21.26
2015-11-24,20.8
2015-11-25,20.85
2015-11-27,20.89
2015-11-30,20.61
2015-12-01,21
2015-12-02,21.16
2015-12-03,20.72
2015-12-04,21.07
2015-12-07,21.19
2015-12-08,20.83
2015-12-09,20.25
2015-12-10,20.43
2015-12-11,19.61
2015-12-14,19.48
2015-12-15,19.6
2015-12-16,20.09
2015-12-17,20.19
2015-12-18,19.64
2015-12-21,19.88
2015-12-22,20.39
2015-12-23,20.9
2015-12-24,20.54
2015-12-28,20.47
2015-12-29,20.45
2015-12-30,19.63
2015-12-31,19.02
2016-01-04,17.925
2016-01-05,17.03
2016-01-06,17.86
2016-01-07,16.36
2016-01-08,15.7
2016-01-11,15.36
2016-01-12,15.45
2016-01-13,14.47
2016-01-14,14.94
2016-01-15,14.54
2016-01-19,14.19
2016-01-20,14.27
2016-01-21,14.71
2016-01-22,14.86
2016-01-25,14.38
2016-01-26,14.81
2016-01-27,14.56
2016-01-28,14.28
2016-01-29,15.02
2016-02-01,15.46
2016-02-02,14.42
2016-02-03,14.605
2016-02-04,15.04
2016-02-05,14.66
2016-02-08,14.25
2016-02-09,14.61
2016-02-10,14.78
2016-02-11,14.94
2016-02-12,15.36
2016-02-16,15.73
2016-02-17,15.92
2016-02-18,15.88
2016-02-19,15.78
2016-02-22,16.12
2016-02-23,16.56
2016-02-24,17.02
2016-02-25,17.3
2016-02-26,17.66
2016-02-29,18.05
2016-03-01,18.91
2016-03-02,19.21
2016-03-03,19.7
2016-03-04,19.47
2016-03-07,19.67
2016-03-08,18.85
2016-03-09,19.18
2016-03-10,19.3
2016-03-11,19.73
2016-03-14,19.34
2016-03-15,18.99
2016-03-16,19.3
2016-03-17,19.26
2016-03-18,19.33
2016-03-21,19.23
2016-03-22,19.37
2016-03-23,19.03
2016-03-24,19.14
2016-03-28,19.27
2016-03-29,19.81
2016-03-30,20.08
2016-03-31,19.99
2016-04-01,19.78
2016-04-04,19.84
2016-04-05,19.64
2016-04-06,19.48
2016-04-07,18.77
2016-04-08,18.89
2016-04-11,19.14
2016-04-12,19.22
2016-04-13,20.43
2016-04-14,20.33
2016-04-15,20.62
2016-04-18,20.73
2016-04-19,20.65
2016-04-20,20.61
2016-04-21,19.99
2016-04-22,20.13
2016-04-25,20.24
2016-04-26,20.64
2016-04-27,20.58
2016-04-28,20.1
2016-04-29,23.5
2016-05-02,23.72
2016-05-03,23.51
2016-05-04,23.09
2016-05-05,22.98
2016-05-06,23.14
2016-05-09,23.34
2016-05-10,23.42
2016-05-11,24.12
2016-05-12,22.65
2016-05-13,22.73
2016-05-16,23.29
2016-05-17,23.28
2016-05-18,23.51
2016-05-19,23.25
2016-05-20,23.7
2016-05-23,23.73
2016-05-24,24.22
2016-05-25,24.32
2016-05-26,23.58
2016-05-27,23.73
2016-05-31,23.6
2016-06-01,23.92
2016-06-02,24.32
2016-06-03,23.78
2016-06-06,23.74
2016-06-07,24.97
2016-06-08,25.08
2016-06-09,25.27
2016-06-10,25.04
2016-06-13,24.4
2016-06-14,24
2016-06-15,24.18
2016-06-16,24.21
2016-06-17,24.78
2016-06-20,25.3
2016-06-21,25.33
2016-06-22,25.32
2016-06-23,25.64
2016-06-24,24.56
2016-06-27,24.43
2016-06-28,25.28
2016-06-29,25.76
2016-06-30,26.46
2016-07-01,27.15
2016-07-05,26.93
2016-07-06,27.08
2016-07-07,26.71
2016-07-08,27.17
2016-07-11,27.48
2016-07-12,28.2
2016-07-13,27.91
2016-07-14,28.33
2016-07-15,28.19
2016-07-18,28.28
2016-07-19,28.29
2016-07-20,28.42
2016-07-21,28.27
2016-07-22,29.02
2016-07-25,28.58
2016-07-26,29.23
2016-07-27,29.09
2016-07-28,29.11
2016-07-29,28.77
2016-08-01,28.48
2016-08-02,27.27
2016-08-03,26.89
2016-08-04,27.18
2016-08-05,28.1
2016-08-08,27.99
2016-08-09,27.82
2016-08-10,27.76
2016-08-11,28.6
2016-08-12,28.61
2016-08-15,28.24
2016-08-16,27.79
2016-08-17,28.22
2016-08-18,28.18
2016-08-19,27.78
2016-08-22,27.59
2016-08-23,27.92
2016-08-24,27.85
2016-08-25,27.98
2016-08-26,27.3
2016-08-29,27.34
2016-08-30,28.27
2016-08-31,28.23
2016-09-01,28.3
2016-09-02,28.68
2016-09-06,28.77
2016-09-07,29.63
2016-09-08,29.78
2016-09-09,28.81
2016-09-12,29.65
2016-09-13,28.08
2016-09-14,27.34
2016-09-15,27.41
2016-09-16,25.46
2016-09-19,25.51
2016-09-20,25.36
2016-09-21,25.69
2016-09-22,26.22
2016-09-23,26.38
2016-09-26,26.01
2016-09-27,26.44
2016-09-28,27.11
2016-09-29,26.67
2016-09-30,26.41
2016-10-03,27.7
2016-10-04,27.89
2016-10-05,28.06
2016-10-06,28.52
2016-10-07,28.5
2016-10-10,29
2016-10-11,28.35
2016-10-12,28.5
2016-10-13,28.9
2016-10-14,28.25
2016-10-17,28.15
2016-10-18,28.65
2016-10-19,29.5
2016-10-20,30.2
2016-10-21,30.1
2016-10-24,29.95
2016-10-25,29.95
2016-10-26,29.25
2016-10-27,29.25
2016-10-28,29.4
2016-10-31,30.15
2016-11-01,29.3
2016-11-02,29.45
2016-11-03,28.9
2016-11-04,29.55
2016-11-07,30.25
2016-11-08,30.2
2016-11-09,31.75
2016-11-10,33.15
2016-11-11,34.05
2016-11-14,34.9
2016-11-15,35.75
2016-11-16,35.15
2016-11-17,36.2
2016-11-18,35.85
2016-11-21,36.35
2016-11-22,36.75
2016-11-23,37.2
2016-11-25,37.2
2016-11-28,37
2016-11-29,37.6
2016-11-30,36.85
2016-12-01,36.45
2016-12-02,36.55
2016-12-05,35.85
2016-12-06,36.35
2016-12-07,37.3
2016-12-08,37.6
2016-12-09,38.95
2016-12-12,36.2
2016-12-13,36.3
2016-12-14,36.65
2016-12-15,38.85
2016-12-16,37.4
2016-12-19,37.6
2016-12-20,39.3
2016-12-21,39
2016-12-22,38.45
2016-12-23,39
2016-12-27,39.05
2016-12-28,37.7
2016-12-29,37.45
2016-12-30,36.45
2017-01-03,36.55
2017-01-04,37.45
2017-01-05,36.6
2017-01-06,36.2
2017-01-09,35.65
2017-01-10,36.55
2017-01-11,36.8
2017-01-12,36.35
2017-01-13,37
2017-01-17,36.25
2017-01-18,36.75
2017-01-19,36.3
2017-01-20,36.85
2017-01-23,36.15
2017-01-24,36.55
2017-01-25,36.65
2017-01-26,36.95
2017-01-27,36.6
2017-01-30,35
2017-01-31,35.4
2017-02-01,36.2
2017-02-02,36.8
2017-02-03,34.525
2017-02-06,33.5
2017-02-07,32.75
2017-02-08,33.3
2017-02-09,35.5
2017-02-10,36.25
2017-02-13,35.55
2017-02-14,35.05
2017-02-15,36.3
2017-02-16,35.6
2017-02-17,35.7
2017-02-21,36.1
2017-02-22,36.1
2017-02-23,35.3
2017-02-24,35.45
2017-02-27,35.85
2017-02-28,35.15
2017-03-01,36.85
2017-03-02,35.65
2017-03-03,35.9
2017-03-06,35.65
2017-03-07,34.8
2017-03-08,34.6
2017-03-09,34.9
2017-03-10,35.8
2017-03-13,35.4
2017-03-14,35.05
2017-03-15,36.55
2017-03-16,36.8
2017-03-17,36
2017-03-20,35.85
2017-03-21,34.9
2017-03-22,34.85
2017-03-23,35.25
2017-03-24,35.5
2017-03-27,34.9
2017-03-28,34.8
2017-03-29,33.85
2017-03-30,33.85
2017-03-31,34.25
2017-04-03,33.8
2017-04-04,32.95
2017-04-05,31.9
2017-04-06,31.7
2017-04-07,31.15
2017-04-10,31.8
2017-04-11,32
2017-04-12,30.4
2017-04-13,33.05
2017-04-17,32.5
2017-04-18,32.9
2017-04-19,34
2017-04-20,34.7
2017-04-21,34.3
2017-04-24,34.9
2017-04-25,35.8
2017-04-26,35.85
2017-04-27,34.85
2017-04-28,37.2
2017-05-01,37.05
2017-05-02,37.15
2017-05-03,36.95
2017-05-04,36.35
2017-05-05,36.35
2017-05-08,35.7
2017-05-09,35.85
2017-05-10,35.75
2017-05-11,35.7
2017-05-12,34.95
2017-05-15,35.5
2017-05-16,35.7
2017-05-17,33.9
2017-05-18,33.9
2017-05-19,34.45
2017-05-22,34.35
2017-05-23,35
2017-05-24,35.05
2017-05-25,36.3
2017-05-26,35.35
2017-05-30,34.6
2017-05-31,34.3
2017-06-01,35.05
2017-06-02,35.975
2017-06-05,35.7
2017-06-06,35.7
2017-06-07,36.05
2017-06-08,36.6
2017-06-09,37.05
2017-06-12,37.5
2017-06-13,37.45
2017-06-14,37.3
2017-06-15,37.05
2017-06-16,36.7
2017-06-19,36.9
2017-06-20,35.8
2017-06-21,36.35
2017-06-22,36
2017-06-23,36.2
2017-06-26,36.2
2017-06-27,35.45
2017-06-28,34.95
2017-06-29,34.95
2017-06-30,35.1
2017-07-03,35.45
2017-07-05,35.85
2017-07-06,35.25
2017-07-07,36.8
2017-07-10,36.6
2017-07-11,36.2
2017-07-12,37
2017-07-13,36.75
2017-07-14,36.55
2017-07-17,37.9
2017-07-18,37.55
2017-07-19,37.9
2017-07-20,38.15
2017-07-21,37.9
2017-07-24,37.9
2017-07-25,37.7
2017-07-26,37.7
2017-07-27,35.7
2017-07-28,37.6
2017-07-31,36.5
2017-08-01,36.35
2017-08-02,36.05
2017-08-03,35.85
2017-08-04,36.85
2017-08-07,36.6
2017-08-08,36.3
2017-08-09,37
2017-08-10,38.25
2017-08-11,36.7
2017-08-14,36.9
2017-08-15,36.25
2017-08-16,36.35
2017-08-17,34.4
2017-08-18,34.5
2017-08-21,34.7
2017-08-22,33.7
2017-08-23,32.7
2017-08-24,32.05
2017-08-25,34.2
2017-08-28,34.1
2017-08-29,34.5
2017-08-30,34.15
2017-08-31,34.7
2017-09-01,35.375
2017-09-05,35
2017-09-06,36
2017-09-07,36.2
2017-09-08,36.8
2017-09-11,37.5
2017-09-12,38.65
2017-09-13,39.5
2017-09-14,39
2017-09-15,39.8
2017-09-18,40.05
2017-09-19,41
2017-09-20,42.1
2017-09-21,41.8
2017-09-22,42.35
2017-09-25,42.9
2017-09-26,43.4
2017-09-27,44.4
2017-09-28,43.85
2017-09-29,43.9
2017-10-02,45.2
2017-10-03,46.95
2017-10-04,46.8
2017-10-05,46.45
2017-10-06,46.1
2017-10-09,46.3
2017-10-10,45.75
2017-10-11,46
2017-10-12,46.3
2017-10-13,46.65
2017-10-16,45.7
2017-10-17,46.35
2017-10-18,46.15
2017-10-19,45.35
2017-10-20,46.15
2017-10-23,44.75
2017-10-24,45.2
2017-10-25,43.2
2017-10-26,46.05
2017-10-27,45.65
2017-10-30,46.45
2017-10-31,47.1
2017-11-01,47.05
2017-11-02,46.75
2017-11-03,45.75
2017-11-06,47
2017-11-07,46.5
2017-11-08,46.2
2017-11-09,45.8
2017-11-10,45.9
2017-11-13,45.95
2017-11-14,47.65
2017-11-15,48.1
2017-11-16,49.6
2017-11-17,50.3
2017-11-20,50.65
2017-11-21,51.4
2017-11-22,50.4
2017-11-24,50
2017-11-27,49.65
2017-11-28,50.8
2017-11-29,51.6
2017-11-30,52.05
2017-12-01,50.8
2017-12-04,51.3
2017-12-05,50.95
2017-12-06,51.4
2017-12-07,51.65
2017-12-08,52.5
2017-12-11,53.85
2017-12-12,52.95
2017-12-13,52.5
2017-12-14,52.15
2017-12-15,52.65
2017-12-18,54.55
2017-12-19,51.95
2017-12-20,52.45
2017-12-21,54.45
2017-12-22,53.8
2017-12-26,53.85
2017-12-27,53.55
2017-12-28,53.6
2017-12-29,53.1
2018-01-02,53
2018-01-03,51.3
2018-01-04,51.45
2018-01-05,51.1
2018-01-08,49.95
2018-01-09,49.25
2018-01-10,50.75
2018-01-11,53.25
2018-01-12,54.75
2018-01-16,55.2
2018-01-17,54
2018-01-18,53.85
2018-01-19,54.2
2018-01-22,54.45
2018-01-23,54.8
2018-01-24,55.25
2018-01-25,54
2018-01-26,54.9
2018-01-29,56.75
2018-01-30,55.85
2018-01-31,55.75
2018-02-01,56.55
2018-02-02,54.15
2018-02-05,52.15
2018-02-06,52.85
2018-02-07,54.15
2018-02-08,53.3
2018-02-09,53.5
2018-02-12,55.15
2018-02-13,56.35
2018-02-14,56.7
2018-02-15,57.8
2018-02-16,56.6
2018-02-20,56.1
2018-02-21,56.25
2018-02-22,56.1
2018-02-23,56.35
2018-02-26,57.35
2018-02-27,56.1
2018-02-28,54.8
2018-03-01,55.15
2018-03-02,54.75
2018-03-05,55.45
2018-03-06,56.1
2018-03-07,56.15
2018-03-08,57.05
2018-03-09,57.95
2018-03-12,58.45
2018-03-13,59.4
2018-03-14,58.5
2018-03-15,58.7
2018-03-16,60.3
2018-03-19,59.55
2018-03-20,59.85
2018-03-21,58.9
2018-03-22,56.85
2018-03-23,54.95
2018-03-26,55.6
2018-03-27,54.3
2018-03-28,53.95
2018-03-29,54.4
2018-04-02,52.75
2018-04-03,54.8
2018-04-04,55.45
2018-04-05,56.05
2018-04-06,54.75
2018-04-09,54.15
2018-04-10,53.15
2018-04-11,52.7
2018-04-12,53.85
2018-04-13,54.15
2018-04-16,55.4
2018-04-17,55.85
2018-04-18,57.1
2018-04-19,56.35
2018-04-20,56.35
2018-04-23,56.6
2018-04-24,55.45
2018-04-25,54.95
2018-04-26,53.45
2018-04-27,57.8
2018-04-30,56.9
2018-05-01,58.3
2018-05-02,58.25
2018-05-03,56.4
2018-05-04,56.75
2018-05-07,55.5
2018-05-08,56.25
2018-05-09,56.85
2018-05-10,56.35
2018-05-11,56.35
2018-05-14,55.6
2018-05-15,55.9
2018-05-16,57.6
2018-05-17,57.85
2018-05-18,57.7
2018-05-21,58.5
2018-05-22,56.6
2018-05-23,55.6
2018-05-24,57.25
2018-05-25,58.35
2018-05-29,57.35
2018-05-30,57.85
2018-05-31,57
2018-06-01,57.15
2018-06-04,57.7
2018-06-05,57.7
2018-06-06,57.35
2018-06-07,56.05
2018-06-08,55
2018-06-11,56.75
2018-06-12,55.95
2018-06-13,55.25
2018-06-14,56.25
2018-06-15,57.2
2018-06-18,56.65
2018-06-19,56.65
2018-06-20,57.55
2018-06-21,56.35
2018-06-22,55.6
2018-06-25,53.85
2018-06-26,52.6
2018-06-27,51.75
2018-06-28,51
2018-06-29,51.9
2018-07-02,53.4
2018-07-03,51.65
2018-07-05,53.05
2018-07-06,53.75
2018-07-09,54.75
2018-07-10,54.35
2018-07-11,53.6
2018-07-12,53.8
2018-07-13,54.9
2018-07-16,54.05
2018-07-17,54.55
2018-07-18,55.75
2018-07-19,56.1
2018-07-20,55.5
2018-07-23,55.65
2018-07-24,54.95
2018-07-25,55.9
2018-07-26,57.55
2018-07-27,60.6
2018-07-30,59.7
2018-07-31,59.9
2018-08-01,59.8
2018-08-02,59.45
2018-08-03,59.3
2018-08-06,59.55
2018-08-07,60.6
2018-08-08,60.65
2018-08-09,60.2
2018-08-10,59.25
2018-08-13,59
2018-08-14,60.6
2018-08-15,60.65
2018-08-16,61.5
2018-08-17,61.1
2018-08-20,61.85
2018-08-21,64.25
2018-08-22,63.35
2018-08-23,62.7
2018-08-24,64
2018-08-27,63.45
2018-08-28,64.55
2018-08-29,64.8
2018-08-30,64.45
2018-08-31,65.3
2018-09-04,65.15
2018-09-05,62.5
2018-09-06,61.25
2018-09-07,60.95
2018-09-10,61.95
2018-09-11,62
2018-09-12,60.05
2018-09-13,61.5
2018-09-14,61.15
2018-09-17,60.4
2018-09-18,59.85
2018-09-19,59.4
2018-09-20,59.4
2018-09-21,58.85
2018-09-24,57.75
2018-09-25,57.1
2018-09-26,58.4
2018-09-27,59.15
2018-09-28,58.9
2018-10-01,56.32
2018-10-02,54.97
2018-10-03,55.29
2018-10-04,54.89
2018-10-05,53.12
2018-10-08,52.87
2018-10-09,52.68
2018-10-10,50.86
2018-10-11,50.15
2018-10-12,50.48
2018-10-15,50.64
2018-10-16,51.98
2018-10-17,52.58
2018-10-18,50.34
2018-10-19,50.98
2018-10-22,51.04
2018-10-23,50.44
2018-10-24,47.06
2018-10-25,49.18
2018-10-26,50
2018-10-29,50.66
2018-10-30,51.26
2018-10-31,57.29
2018-11-01,56.37
2018-11-02,55.86
2018-11-05,56.23
2018-11-06,57.93
2018-11-07,57.72
2018-11-08,57.97
2018-11-09,56.6
2018-11-12,54.95
2018-11-13,54.92
2018-11-14,54.19
2018-11-15,54.63
2018-11-16,54.74
2018-11-19,53.9
2018-11-20,52.44
2018-11-21,53.31
2018-11-23,54.74
2018-11-26,54.49
2018-11-27,54.5
2018-11-28,56.01
2018-11-29,55.51
2018-11-30,57.68
2018-12-03,57.55
2018-12-04,53.81
2018-12-06,52.84
2018-12-07,49.79
2018-12-10,48.51
2018-12-11,48.52
2018-12-12,49.56
2018-12-13,45.65
2018-12-14,45.13
2018-12-17,44.92
2018-12-18,46.03
2018-12-19,43.39
2018-12-20,43.63
2018-12-21,43.3
2018-12-24,42.88
2018-12-26,44.73
2018-12-27,44.8
2018-12-28,44.75
2018-12-31,44.47
2019-01-02,45.42
2019-01-03,43.39
2019-01-04,44.95
2019-01-07,45.25
2019-01-08,46.84
2019-01-09,48.21
2019-01-10,49.34
2019-01-11,48.04
2019-01-14,47.42
2019-01-15,46.84
2019-01-16,47.68
2019-01-17,48.49
2019-01-18,49.59
2019-01-22,48.48
2019-01-23,47.7
2019-01-24,48.23
2019-01-25,48.57
2019-01-28,49.85
2019-01-29,49.82
2019-01-30,50.97
2019-01-31,50.95
2019-02-01,51.82
2019-02-04,52.35
2019-02-05,52.58
2019-02-06,52.73
2019-02-07,54.6
2019-02-08,53.78
2019-02-11,54.31
2019-02-12,54.72
2019-02-13,54.97
2019-02-14,56.15
2019-02-15,55.68
2019-02-19,56.26
2019-02-20,55.85
2019-02-21,55.31
2019-02-22,55.78
2019-02-25,56.04
2019-02-26,55.18
2019-02-27,54.17
2019-02-28,54.04
2019-03-01,52.89
2019-03-04,52.74
2019-03-05,51.94
2019-03-06,50.77
2019-03-07,49.77
2019-03-08,50.01
2019-03-11,50.55
2019-03-12,50.05
2019-03-13,51.09
2019-03-14,51.48
2019-03-15,51.58
2019-03-18,51.73
2019-03-19,51.79
2019-03-20,51.74
2019-03-21,53.01
2019-03-22,51.6
2019-03-25,51.69
2019-03-26,51.91
2019-03-27,53.58
2019-03-28,53.4
2019-03-29,54.29
2019-04-01,55.18
2019-04-02,55.72
2019-04-03,56.29
2019-04-04,57.1
2019-04-05,58.09
2019-04-08,57.82
2019-04-09,57.17
2019-04-10,58.53
2019-04-11,58.76
2019-04-12,58.7
2019-04-15,58.22
2019-04-16,59.23
2019-04-17,59.64
2019-04-18,59.25
2019-04-22,58.8
2019-04-23,59.88
2019-04-24,59.72
2019-04-25,58.44
2019-04-26,60.37
2019-04-29,61.62
2019-04-30,61.59
2019-05-01,60.13
2019-05-02,60.15
2019-05-03,61.78
2019-05-06,61.55
2019-05-07,60.53
2019-05-08,59.78
2019-05-09,60.22
2019-05-10,60.67
2019-05-13,58.57
2019-05-14,58.99
2019-05-15,59.09
2019-05-16,59.66
2019-05-17,59.57
2019-05-20,59.08
2019-05-21,60.4
2019-05-22,59.45
2019-05-23,59.23
2019-05-24,59.95
2019-05-28,59.81
2019-05-29,59.25
2019-05-30,59.22
2019-05-31,58.72
2019-06-03,58.08
2019-06-04,61.23
2019-06-05,60.59
2019-06-06,59.68
2019-06-07,60.36
2019-06-10,60.54
2019-06-11,59.53
2019-06-12,59.24
2019-06-13,60.81
2019-06-14,59.99
2019-06-17,59.48
2019-06-18,60.11
2019-06-19,59.63
2019-06-20,59.44
2019-06-21,57.95
2019-06-24,56.7
2019-06-25,56.07
2019-06-26,56.94
2019-06-27,58.06
2019-06-28,60.67
2019-07-01,60.98
2019-07-02,61.22
2019-07-03,61.98
2019-07-05,62.31
2019-07-08,62.39
2019-07-09,62.09
2019-07-10,61.29
2019-07-11,60.4
2019-07-12,60.74
2019-07-15,59.83
2019-07-16,61.42
2019-07-17,60.28
2019-07-18,60.71
2019-07-19,59.57
2019-07-22,60.47
2019-07-23,61.22
2019-07-24,62.68
2019-07-25,61.1
2019-07-26,61.74
2019-07-29,61.83
2019-07-30,62.36
2019-07-31,60.71
2019-08-01,60.75
2019-08-02,59.42
2019-08-05,56.05
2019-08-06,57.17
2019-08-07,57.75
2019-08-08,57.8
2019-08-09,56.83
2019-08-12,55.6
2019-08-13,55.83
2019-08-14,54.23
2019-08-15,53.72
2019-08-16,55.63
2019-08-19,57
2019-08-20,55.93
2019-08-21,56.9
2019-08-22,56.31
2019-08-23,54.25
2019-08-26,54.9
2019-08-27,53.8
2019-08-28,55.19
2019-08-29,57.12
2019-08-30,57.26
2019-09-03,56.22
2019-09-04,56.2
2019-09-05,57.11
2019-09-06,56.97
2019-09-09,58.17
2019-09-10,59.39
2019-09-11,60.89
2019-09-12,60.28
2019-09-13,62.22
2019-09-16,59.51
2019-09-17,59.24
2019-09-18,59.56
2019-09-19,59.23
2019-09-20,58.64
2019-09-23,57.86
2019-09-24,57.71
2019-09-25,58.9
2019-09-26,58.61
2019-09-27,57.13
2019-09-30,57.4
2019-10-01,56.45
2019-10-02,55.88
2019-10-03,55.08
2019-10-04,55.61
2019-10-07,55.62
2019-10-08,54.76
2019-10-09,54.87
2019-10-10,55.24
2019-10-11,55.68
2019-10-14,55.935
2019-10-15,56.76
2019-10-16,56.55
2019-10-17,56.59
2019-10-18,56.75
2019-10-21,58
2019-10-22,58.67
2019-10-23,58.65
2019-10-24,57.74
2019-10-25,59.03
2019-10-28,59.34
2019-10-29,59.06
2019-10-30,59.21
2019-10-31,59.55
2019-11-01,59.44
2019-11-04,61.46
2019-11-05,62.84
2019-11-06,62.52
2019-11-07,63.19
2019-11-08,63.15
2019-11-11,62.57
2019-11-12,62.85
2019-11-13,63.05
2019-11-14,62.44
2019-11-15,62.44
2019-11-18,61.99
2019-11-19,62.2
2019-11-20,61.81
2019-11-21,61.07
2019-11-22,61.69
2019-11-25,63.84
2019-11-26,64.31
2019-11-27,63.93
2019-11-29,62.64
2019-12-02,62.23
2019-12-03,61.29
2019-12-04,62.05
2019-12-05,61.85
2019-12-06,63.29
2019-12-09,63.03
2019-12-10,62.97
2019-12-11,62.68
2019-12-12,63.54
2019-12-13,62.58
2019-12-16,63.06
2019-12-17,64.43
2019-12-18,64.96
2019-12-19,65.15
2019-12-20,64.76
2019-12-23,65.32
2019-12-24,65.15
2019-12-26,65.22
2019-12-27,64.88
2019-12-30,64.54
2019-12-31,64.63
2020-01-02,65.04
2020-01-03,64.02
2020-01-06,64.1
2020-01-07,63.72
2020-01-08,64.21
2020-01-09,64.68
2020-01-10,64.11
2020-01-13,64.09
2020-01-14,64.04
2020-01-15,64.79
2020-01-16,65.74
2020-01-17,66.2
2020-01-21,64.85
2020-01-22,64.14
2020-01-23,65.08
2020-01-24,63.54
2020-01-27,61.8
2020-01-28,62.28
2020-01-29,60.9
2020-01-30,61.53
2020-01-31,55.17
2020-02-03,55.35
2020-02-04,57.77
2020-02-05,59.72
2020-02-06,57.07
2020-02-07,57.1
2020-02-10,56.56
2020-02-11,57.39
2020-02-12,57.76
2020-02-13,58.92
2020-02-14,57.72
2020-02-18,57.41
2020-02-19,56.8
2020-02-20,56.59
2020-02-21,55.48
2020-02-24,52.84
2020-02-25,50.29
2020-02-26,46.73
2020-02-27,46.15
2020-02-28,45.4
2020-03-02,43.6
2020-03-03,43.02
2020-03-04,45.25
2020-03-05,39.43
2020-03-06,40.82
2020-03-09,35.03
2020-03-10,37.73
2020-03-11,35.73
2020-03-12,26.16
2020-03-13,27.4
2020-03-16,22.95
2020-03-17,21.87
2020-03-18,12.07
2020-03-19,17.34
2020-03-20,20.23
2020-03-23,20.83
2020-03-24,25.19
2020-03-25,25.86
2020-03-26,29.84
2020-03-27,27.17
2020-03-30,26.16
2020-03-31,26.19
2020-04-01,21.64
2020-04-02,21.52
2020-04-03,19.98
2020-04-06,22.49
2020-04-07,24.5
2020-04-08,25.65
2020-04-09,28.38
2020-04-13,26.8
2020-04-14,27.13
2020-04-15,27.08
2020-04-16,25.22
2020-04-17,25.75
2020-04-20,25.02
2020-04-21,24.29
2020-04-22,23.39
2020-04-23,24.8
2020-04-24,25.77
2020-04-27,27.11
2020-04-28,29.27
2020-04-29,31.8
2020-04-30,30.95
2020-05-01,27.22
2020-05-04,26.17
2020-05-05,24.83
2020-05-06,24.01
2020-05-07,24.07
2020-05-08,29.45
2020-05-11,27.97
2020-05-12,25.905
2020-05-13,23.99
2020-05-14,23.06
2020-05-15,24.04
2020-05-18,26.95
2020-05-19,25.99
2020-05-20,27.52
2020-05-21,28.18
2020-05-22,28.18
2020-05-26,30.67
2020-05-27,34.29
2020-05-28,32.67
2020-05-29,32.07
2020-06-01,33.05
2020-06-02,34.06
2020-06-03,36.91
2020-06-04,40.03
2020-06-05,42.62
2020-06-08,47.22
2020-06-09,43.9
2020-06-10,37.48
2020-06-11,30.89
2020-06-12,34.56
2020-06-15,35.42
2020-06-16,36.68
2020-06-17,34.55
2020-06-18,35.08
2020-06-19,33.52
2020-06-22,32.67
2020-06-23,32.92
2020-06-24,29.71
2020-06-25,31.32
2020-06-26,30.58
2020-06-29,32.86
2020-06-30,32.62
2020-07-01,31.395
2020-07-02,30.96
2020-07-06,31.97
2020-07-07,30.38
2020-07-08,30.03
2020-07-09,28.09
2020-07-10,30.09
2020-07-13,29.74
2020-07-14,30.1
2020-07-15,32.42
2020-07-16,30.96
2020-07-17,30.26
2020-07-20,28.76
2020-07-21,28.68
2020-07-22,28.44
2020-07-23,29.02
2020-07-24,28.18
2020-07-27,28.46
2020-07-28,29.2
2020-07-29,28.8
2020-07-30,28.39
2020-07-31,26.31
2020-08-03,27.03
2020-08-04,27.54
2020-08-05,28.56
2020-08-06,28.91
2020-08-07,29.62
2020-08-10,31.66
2020-08-11,32.3
2020-08-12,31.24
2020-08-13,30.66
2020-08-14,31.56
2020-08-17,30.76
2020-08-18,30.5
2020-08-19,31.05
2020-08-20,30.73
2020-08-21,30
2020-08-24,33.13
2020-08-25,32.86
2020-08-26,32.2
2020-08-27,34.18
2020-08-28,34.88
2020-08-31,33.65
2020-09-01,33.6
2020-09-02,34.46
2020-09-03,34.39
2020-09-04,35.44
2020-09-08,35.46
2020-09-09,33.91
2020-09-10,33.6
2020-09-11,34.66
2020-09-14,34.56
2020-09-15,34.58
2020-09-16,35.22
2020-09-17,34.51
2020-09-18,33.75
2020-09-21,31.54
2020-09-22,31.09
2020-09-23,29.48
2020-09-24,29.15
2020-09-25,29.59
2020-09-28,31.21
2020-09-29,29.82
2020-09-30,29.86
2020-10-01,30.76
2020-10-02,31.71
2020-10-05,31.56
2020-10-06,30.63
2020-10-07,31.45
2020-10-08,31.5
2020-10-09,31.79
2020-10-12,31.1
2020-10-13,30.34
2020-10-14,30.65
2020-10-15,30.61
2020-10-16,30.49
2020-10-19,30.65
2020-10-20,31.05
2020-10-21,30.47
2020-10-22,32.89
2020-10-23,33.74
2020-10-26,31.52
2020-10-27,29.72
2020-10-28,27.8
2020-10-29,29.16
2020-10-30,29.03
2020-11-02,28.76
2020-11-03,29.455
2020-11-04,28.76
2020-11-05,31.29
2020-11-06,31.05
2020-11-09,36.33
2020-11-10,36.41
2020-11-11,34.38
2020-11-12,33.08
2020-11-13,35.6
2020-11-16,36.94
2020-11-17,37.65
2020-11-18,38.55
2020-11-19,39.16
2020-11-20,37.94
2020-11-23,39.49
2020-11-24,42.71
2020-11-25,43.07
2020-11-27,43.29
2020-11-30,42.93
2020-12-01,43.31
2020-12-02,44.46
2020-12-03,45.09
2020-12-04,44.97
2020-12-07,43.65
2020-12-08,43.65
2020-12-09,43.85
2020-12-10,44.57
2020-12-11,42.97
2020-12-14,42.89
2020-12-15,44.16
2020-12-16,43.245
2020-12-17,42.85
2020-12-18,41.03
2020-12-21,39.83
2020-12-22,39.6
2020-12-23,40.61
2020-12-24,40.41
2020-12-28,40.58
2020-12-29,39.92
2020-12-30,40.51
2020-12-31,40.31
2021-01-04,37.94
2021-01-05,38.86
2021-01-06,41.29
2021-01-07,41.4
2021-01-08,41.11
2021-01-11,40.54
2021-01-12,41.8
2021-01-13,42.14
2021-01-14,43.45
2021-01-15,41.77
2021-01-19,42.33
2021-01-20,42.98
2021-01-21,41.96
2021-01-22,42.48
2021-01-25,41.25
2021-01-26,40.23
2021-01-27,39.43
2021-01-28,40.99
2021-01-29,38.99
2021-02-01,39.5
2021-02-02,39.67
2021-02-03,41.7
2021-02-04,44.36
2021-02-05,43.04
2021-02-08,45.52
2021-02-09,45.01
2021-02-10,45.25
2021-02-11,44.87
2021-02-12,45.38
2021-02-16,47.92
2021-02-17,50.6
2021-02-18,51.74
2021-02-19,53.73
2021-02-22,56.05
2021-02-23,59.89
2021-02-24,59.37
2021-02-25,55.79
2021-02-26,56.37
2021-03-01,56.62
2021-03-02,55.75
2021-03-03,56.35
2021-03-04,55.03
2021-03-05,55.33
2021-03-08,58.32
2021-03-09,58.08
2021-03-10,57.47
2021-03-11,57.69
2021-03-12,60
2021-03-15,60.86
2021-03-16,57.89
2021-03-17,58.98
2021-03-18,58.62
2021-03-19,57.97
2021-03-22,55.83
2021-03-23,53.62
2021-03-24,51.88
2021-03-25,53.82
2021-03-26,55.23
2021-03-29,53.54
2021-03-30,55.6
2021-03-31,54.48
2021-04-01,55.07
2021-04-05,55.08
2021-04-06,55.93
2021-04-07,54.03
2021-04-08,53.56
2021-04-09,54
2021-04-12,53.03
2021-04-13,52.97
2021-04-14,53.01
2021-04-15,52.56
2021-04-16,52.03
2021-04-19,50.82
2021-04-20,48.57
2021-04-21,50.84
2021-04-22,50.25
2021-04-23,51.63
2021-04-26,52.04
2021-04-27,51.67
2021-04-28,51.05
2021-04-29,50.95
2021-04-30,49.66
2021-05-03,49.99
2021-05-04,48.06
2021-05-05,49.02
2021-05-06,49.22
2021-05-07,49.55
2021-05-10,48.69
2021-05-11,47.86
2021-05-12,46.22
2021-05-13,47.84
2021-05-14,49.6
2021-05-17,49.74
2021-05-18,49.2
2021-05-19,48.99
2021-05-20,48.02
2021-05-21,48.68
2021-05-24,48.24
2021-05-25,47.99
2021-05-26,48.64
2021-05-27,49.56
2021-05-28,49.03
2021-06-01,50.96
2021-06-02,49.79
2021-06-03,49.1
2021-06-04,48.02
2021-06-07,48.14
2021-06-08,49.35
2021-06-09,48.69
2021-06-10,47.39
2021-06-11,48.54
2021-06-14,47.61
2021-06-15,47.23
2021-06-16,47.11
2021-06-17,46.25
2021-06-18,45.56
2021-06-21,46.66
2021-06-22,46.26
2021-06-23,45.92
2021-06-24,46.34
2021-06-25,44.95
2021-06-28,43.49
2021-06-29,42.75
2021-06-30,43.07
2021-07-01,44.78
2021-07-02,43.52
2021-07-06,42.42
2021-07-07,42.03
2021-07-08,41.24
2021-07-09,42.76
2021-07-12,42.66
2021-07-13,41.41
2021-07-14,41.48
2021-07-15,41.65
2021-07-16,39.4
2021-07-19,37.18
2021-07-20,39.83
2021-07-21,40.75
2021-07-22,39.82
2021-07-23,39.39
2021-07-26,40.68
2021-07-27,40.14
2021-07-28,40.85
2021-07-29,41.57
2021-07-30,40.49